fighter_id,fighter,dob,height_cm,reach_cm,stance,division,first_ufc_fight,last_ufc_fight,ufc_wins,ufc_losses,ufc_draws,ufc_no_contests,elo,wikipedia_page,pro_wins,pro_losses,pro_draws,pro_fights_before_ufc
d1053e55f00e53fe,AJ Cunningham,1994-09-07,177.8,180.3,Orthodox,Bantamweight,2024-03-02,2025-03-15,0,2,0,0,1436.2,,,,,
009c4420727149ea,AJ Dobson,1992-01-18,185.4,193.0,Orthodox,Middleweight,2022-02-12,2024-03-23,1,3,0,0,1434.4,,,,,
725b1abc9a39d873,AJ Fletcher,1997-02-18,177.8,170.2,Switch,Welterweight,2022-03-12,2023-09-23,1,3,0,0,1448.4,,,,,
003d82fa384ca1d0,Aalon Cruz,1989-09-20,182.9,198.1,Switch,Lightweight,2020-02-29,2021-03-06,0,2,0,0,1424.6,,,,,
cf1a88371c8cb690,Aaron Brink,1974-11-12,190.5,,Orthodox,Heavyweight,2000-11-17,2000-11-17,0,1,0,0,1460.0,Aaron Brink,29,27,0,11
34c2b3656f88f7ef,Aaron Phillips,1989-08-05,175.3,180.3,Southpaw,Bantamweight,2014-05-24,2023-04-15,0,4,0,0,1361.6,Aaron Phillips (fighter),12,6,0,7
5537efc6e496dd84,Aaron Pico,1996-09-23,172.7,177.8,Orthodox,Featherweight,2025-08-16,2026-04-11,1,1,0,0,1532.5,Aaron Pico,14,5,0,17
f2c8ebbeafd45f2b,Aaron Riley,1980-12-09,172.7,175.3,Southpaw,Lightweight,2002-05-10,2013-07-27,3,6,0,0,1445.7,Aaron Riley,30,14,1,22
11f8860028b68fcf,Aaron Rosa,1983-05-28,193.0,195.6,Orthodox,Light Heavyweight,2011-06-11,2012-03-02,1,2,0,0,1447.5,Aaron Rosa,18,7,0,19
d5f820c11a121050,Aaron Simpson,1974-07-20,182.9,185.4,Orthodox,Welterweight,2009-04-01,2012-10-05,7,4,0,0,1583.0,Aaron Simpson (fighter),12,5,0,5
338a11d3674eb2d4,Aaron Wilkinson,1987-01-31,177.8,,Orthodox,Lightweight,2010-12-04,2010-12-04,0,1,0,0,1460.0,,,,,
0e6bc8d1d6c0ad90,Abdul Hussein,1997-08-02,170.2,170.2,Orthodox,Bantamweight,2026-07-25,2026-07-25,1,0,0,0,1528.9,Abdul Hussein,15,2,0,16
95aff2fd8d09a5f0,Abdul Rakhman Yakhyaev,2001-01-03,188.0,198.1,Orthodox,Light Heavyweight,2025-11-22,2026-06-27,3,0,0,0,1592.0,,,,,
eae431e70064e046,Abdul Razak Alhassan,1985-08-11,177.8,185.4,Orthodox,Middleweight,2016-11-19,2025-01-11,6,7,0,1,1471.0,Abdul Razak Alhassan,12,6,0,6
597499ac7a5aac62,Abdul-Kareem Al-Selwady,1995-04-10,172.7,175.3,Orthodox,Lightweight,2024-03-02,2026-03-21,1,1,0,0,1500.9,,,,,
37e03538c960bac6,Abdul-Kerim Edilov,1991-11-25,188.0,,Orthodox,Light Heavyweight,2017-09-02,2017-09-02,1,0,0,0,1531.8,Abdul-Kerim Edilov,17,4,0,19
e14b5aa06eea9653,Abel Trujillo,1983-09-18,172.7,177.8,Orthodox,Lightweight,2012-12-08,2017-12-16,6,4,0,1,1561.1,Abel Trujillo,15,8,0,13
6448e57a9533b7e4,Abner Lloveras,1982-09-04,180.3,,,Lightweight,2015-12-11,2015-12-11,0,1,0,0,1460.0,Abner Lloveras,22,17,1,27
46d0a888d87d91ac,Abu Azaitar,1986-03-10,175.3,193.0,Orthodox,Middleweight,2018-07-22,2023-10-21,1,2,0,0,1446.1,,,,,
029e1293e609fd74,Abubakar Nurmagomedov,1989-11-13,180.3,182.9,Orthodox,Welterweight,2019-11-09,2023-06-03,2,2,0,0,1521.0,Abubakar Nurmagomedov,17,4,1,16
f7adc1fd115f8fdd,Abubakar Vagaev,1993-04-14,180.3,185.4,Orthodox,Welterweight,2026-07-25,2026-07-25,1,0,0,0,1538.5,,,,,
36b8f265bcd1b7a4,Abus Magomedov,1990-09-02,188.0,198.1,Orthodox,Middleweight,2022-09-03,2026-06-27,5,3,0,0,1634.8,Abusupiyan Magomedov,29,7,1,28
b27b8881d7444114,Adam Cella,1985-06-26,188.0,,,Middleweight,2013-04-06,2013-04-06,0,1,0,0,1460.0,,,,,
a01a62132460a98d,Adam Fugitt,1989-01-12,185.4,195.6,Southpaw,Welterweight,2022-07-30,2026-01-24,2,4,0,0,1421.1,Adam Fugitt,10,6,0,10
72ffecf712673af1,Adam Milstead,1987-07-03,190.5,193.0,Orthodox,Light Heavyweight,2016-05-29,2018-12-15,1,2,0,1,1470.9,Adam Milstead,8,3,0,8
efa1f6b42c86793c,Adam Wieczorek,1992-02-05,195.6,205.7,Orthodox,Heavyweight,2017-11-18,2018-11-03,2,1,0,0,1524.1,Adam Wieczorek,11,3,0,9
0a95c474e61a6c44,Adam Yandiev,1988-08-07,175.3,188.0,Orthodox,Middleweight,2018-09-15,2018-09-15,0,1,0,0,1471.2,,,,,
1e327b281ef6a745,Adlan Amagov,1986-10-30,188.0,193.0,Orthodox,Welterweight,2013-04-06,2013-10-19,2,0,0,0,1584.9,Adlan Amagov,14,2,1,14
e3b30b573e7f0d19,Adrian Luna Martinetti,1995-08-20,172.7,180.3,Orthodox,Bantamweight,2026-04-25,2026-04-25,0,1,0,0,1470.5,,,,,
e7ec11096eac0282,Adrian Serrano,1963-12-23,172.7,,,Welterweight,2000-06-09,2000-06-09,0,1,0,0,1464.6,,,,,
0232cabbc30a2372,Adrian Yanez,1993-11-29,170.2,177.8,Orthodox,Bantamweight,2020-10-31,2026-07-11,7,3,1,0,1634.2,Adrian Yañez,18,6,1,14
7dcf06c1967801c1,Adriano Martins,1982-12-16,177.8,182.9,Southpaw,Lightweight,2013-11-09,2017-09-09,4,3,0,0,1548.2,Adriano Martins,29,13,0,30
c6e6926a81adcd00,Adriano Santos,,,,,Middleweight,1998-10-16,1998-10-16,0,1,0,0,1460.0,,,,,
24656ef4d605c96f,Aiemann Zahabi,1987-11-19,172.7,172.7,Orthodox,Bantamweight,2017-02-19,2026-06-14,8,3,0,0,1700.2,Aiemann Zahabi,14,3,0,6
06e4245d16fc5315,Ailin Perez,1994-10-05,165.1,167.6,Switch,Women's Bantamweight,2022-09-03,2026-02-28,6,1,0,0,1667.4,,,,,
e50cd77732d39967,Aisling Daly,1987-12-24,157.5,162.6,Orthodox,Women's Strawweight,2014-12-12,2015-10-24,2,1,0,0,1529.4,Aisling Daly,16,6,0,19
c136b2a8852da5bd,Akbarh Arreola,1983-01-14,177.8,180.3,Southpaw,Lightweight,2014-07-26,2015-11-14,1,3,0,0,1436.7,Akbarh Arreola,27,11,1,31
b2acebbef8da14ea,Akihiro Gono,1974-10-07,170.2,172.7,Switch,Welterweight,2007-11-17,2009-01-31,1,2,0,0,1501.1,Akihiro Gono,38,24,8,47
3f52ce18fb98008f,Akira Corassani,1982-08-27,172.7,172.7,Orthodox,Featherweight,2012-09-29,2015-01-24,3,3,0,0,1485.0,Akira Corassani,12,6,0,13
59279a7c978f7da0,Al Iaquinta,1987-04-30,177.8,177.8,Orthodox,Lightweight,2012-06-01,2021-11-06,9,6,0,0,1600.2,Al Iaquinta,14,7,1,7
c9a94278df042f46,Alan Baudot,1988-02-01,190.5,200.7,Orthodox,Heavyweight,2020-10-10,2022-06-25,0,3,0,1,1392.6,Alan Baudot,9,4,0,9
4130a743d9d22163,Alan Belcher,1984-04-24,188.0,190.5,Orthodox,Middleweight,2006-08-26,2013-04-27,9,6,0,0,1612.6,Alan Belcher,19,9,0,8
cf65d56b0755ed3b,Alan Jouban,1981-11-25,182.9,185.4,Southpaw,Welterweight,2014-08-16,2020-11-21,8,5,0,0,1608.7,Alan Jouban,18,7,0,13
f2ad06f1007c481a,Alan Omer,1988-09-14,177.8,,Orthodox,Featherweight,2014-04-11,2015-06-20,0,2,0,0,1442.3,,,,,
cd7763bcadb5d4c8,Alan Patrick,1983-07-19,180.3,188.0,Southpaw,Lightweight,2013-10-09,2022-05-14,5,4,0,1,1509.2,Alan Patrick (fighter),15,5,0,10
1897b7b913736a7c,Alatengheili,1991-12-14,165.1,167.6,Orthodox,Bantamweight,2019-08-31,2025-04-26,5,3,1,0,1542.7,,,,,
d8d7b24d276c8cb0,Albert Cheng,1985-02-07,180.3,,Orthodox,Welterweight,2014-03-01,2014-03-01,0,1,0,0,1460.0,,,,,
6b7c7460855dbbb9,Albert Duraev,1989-01-05,180.3,190.5,Orthodox,Middleweight,2021-10-30,2023-07-15,2,2,0,0,1488.6,,,,,
544d7460b3e44393,Albert Morales,1991-05-25,175.3,182.9,Orthodox,Bantamweight,2016-09-17,2018-02-24,1,4,1,0,1393.0,Albert Morales,19,11,1,6
ff6a1f63c254127e,Albert Tumenov,1991-12-26,180.3,185.4,Orthodox,Welterweight,2014-02-15,2016-10-08,5,3,0,0,1560.6,Albert Tumenov,25,7,0,12
6e02c318762f52f1,Alberta Cerra Leon,,172.7,,,,1994-03-11,1994-03-11,0,1,0,0,1460.0,,,,,
25433871e4eee0f4,Alberto Crane,1976-07-14,165.1,,Orthodox,Lightweight,2007-08-25,2008-01-23,0,2,0,0,1439.3,Alberto Crane,15,5,0,8
4b1d46a1b5c0fd11,Alberto Mina,1982-05-02,182.9,195.6,Orthodox,Welterweight,2014-08-23,2018-05-12,3,1,0,0,1555.5,Alberto Mina,13,1,0,10
a112097ad877a48f,Alberto Montes,1994-05-31,170.2,175.3,Orthodox,Featherweight,2026-03-07,2026-07-18,1,1,0,0,1491.3,,,,,
8f2deefe8c5dfb5d,Alberto Uda,1984-08-08,190.5,,Orthodox,Middleweight,2016-05-29,2016-08-20,0,2,0,0,1418.2,,,,,
5e9ca8dd7d783a75,Alden Coria,1998-04-24,172.7,170.2,Orthodox,Flyweight,2025-09-13,2026-07-18,3,0,0,0,1589.1,,,,,
80daefbed11ce998,Alejandro Perez,1989-09-02,167.6,170.2,Orthodox,Featherweight,2014-11-15,2022-02-26,8,4,1,0,1560.8,,,,,
c2a670b22d2e196f,Aleksa Camur,1995-09-25,185.4,188.0,Orthodox,Light Heavyweight,2020-01-18,2023-08-05,1,3,0,0,1435.0,Aleksa Camur,6,3,0,5
333b9e5c723ac873,Aleksandar Rakic,1992-02-06,193.0,198.1,Orthodox,Heavyweight,2017-09-02,2026-08-01,7,5,0,0,1630.6,Aleksandar Rakić,15,6,0,9
e76d9f656ceb82ab,Aleksandra Albu,1990-07-14,157.5,160.0,Orthodox,Women's Strawweight,2015-04-11,2019-10-26,2,2,0,0,1496.4,Aleksandra Albu,3,2,0,1
4a6dff1b260bcf61,Aleksandre Topuria,1996-01-28,170.2,172.7,Orthodox,Bantamweight,2025-02-08,2025-11-22,2,0,0,0,1577.5,Aleksandre Topuria,7,1,0,6
e2ccd9a9ace60de7,Aleksei Kunchenko,1984-05-02,172.7,177.8,Orthodox,Welterweight,2018-09-15,2020-03-14,2,2,0,0,1538.6,,,,,
98c23cb6da5b3352,Aleksei Oleinik,1977-06-20,188.0,203.2,Orthodox,Heavyweight,2014-06-28,2022-10-01,9,8,0,0,1513.5,Aleksei Oleinik,61,18,1,38
70fa1c64a2c439ef,Alen Amedovski,1988-04-06,177.8,188.0,Orthodox,Middleweight,2019-04-20,2022-09-17,0,4,0,0,1357.1,Alen Amedovski,8,3,0,8
3fa97913cfd205d3,Alessandro Costa,1996-01-28,162.6,170.2,Orthodox,Flyweight,2022-12-17,2026-07-11,5,3,0,0,1574.5,,,,,
77d7295d1b22c694,Alessio Di Chirico,1989-12-12,182.9,188.0,Orthodox,Middleweight,2016-04-10,2022-09-03,4,7,0,0,1390.7,Alessio Di Chirico,13,7,0,9
7f955f71fa2ce7ac,Alessio Sakara,1981-09-02,182.9,182.9,Orthodox,Middleweight,2005-10-07,2013-10-26,6,8,0,1,1413.8,Alessio Sakara,22,13,0,13
1562b12763cc8d67,Alex Andrade,1974-05-14,180.3,,Orthodox,Middleweight,2000-06-09,2000-06-09,0,1,0,0,1456.9,,,,,
7aa3d6964eff4877,Alex Caceres,1988-06-20,177.8,185.4,Southpaw,Featherweight,2011-03-26,2024-05-11,16,13,0,1,1589.2,Alex Caceres,21,15,0,7
26b63bc5c0c1f65d,Alex Chambers,1978-10-25,160.0,160.0,Southpaw,Women's Strawweight,2014-12-12,2018-09-22,1,4,0,0,1400.3,Alex Chambers,5,6,0,6
c3ded6f7155f9ea4,Alex Da Silva,1996-02-04,172.7,185.4,Orthodox,Lightweight,2019-04-20,2022-06-04,1,3,0,0,1456.8,,,,,
a2b12c3f3d60ff69,Alex Garcia,1987-07-14,175.3,182.9,Orthodox,Welterweight,2013-12-06,2018-10-27,5,5,0,0,1493.3,Alex Garcia (fighter),15,8,0,11
803bebcfb6d6f506,Alex Gorgees,1995-08-11,188.0,188.0,Switch,Lightweight,2018-12-01,2018-12-01,0,1,0,0,1460.0,,,,,
baa5358456803df8,Alex Hunter,,175.3,,Orthodox,Heavyweight,1997-07-27,1997-10-17,2,0,0,0,1553.6,,,,,
e361e5c858af6ff1,Alex Karalexis,1977-09-20,172.7,167.6,Orthodox,Welterweight,2005-04-09,2006-01-16,1,2,0,0,1452.0,Alex Karalexis,10,6,0,4
cdb96af67d096b1e,Alex Morono,1990-08-16,180.3,182.9,Orthodox,Welterweight,2016-01-02,2026-02-07,13,10,0,1,1493.4,Alex Morono,24,13,0,14
2b6d855c6e280fb1,Alex Nicholson,1990-05-02,193.0,195.6,Orthodox,Middleweight,2016-02-06,2017-05-28,1,3,0,0,1441.0,Alex Nicholson (fighter),20,14,0,7
57b10fca4f9c9a7a,Alex Oliveira,1988-02-21,180.3,193.0,Orthodox,Welterweight,2015-03-21,2022-03-05,11,10,0,1,1459.8,Alex Oliveira,26,19,1,15
e5549c82bfb5582d,Alex Pereira,1987-07-07,193.0,200.7,Orthodox,Heavyweight,2021-11-06,2026-06-14,10,3,0,0,1804.5,Alex Pereira,13,4,0,4
ab2b4ff41d6ebe0f,Alex Perez,1992-03-21,167.6,165.1,Orthodox,Flyweight,2017-12-09,2026-08-29,8,7,0,1,1553.4,Alex Perez (fighter),26,11,0,22
dc07493a87dc0a6e,Alex Reyes,1986-10-02,180.3,185.4,Orthodox,Lightweight,2017-09-16,2024-08-17,0,3,0,0,1401.0,,,,,
bf9bc96336922271,Alex Ricci,1982-07-21,180.3,,Orthodox,Lightweight,2016-08-27,2017-02-19,0,2,0,0,1431.7,,,,,
fdfef29ba17ee525,Alex Schoenauer,1976-05-05,190.5,,Orthodox,Middleweight,2005-04-09,2005-04-09,0,1,0,0,1460.0,,,,,
d18dbcb0f8e2b55d,Alex Soto,1984-02-15,172.7,,Southpaw,Bantamweight,2011-11-19,2012-05-15,0,2,0,0,1425.8,,,,,
df5a77121ba84a5d,Alex Stiebling,1976-12-26,188.0,,Southpaw,Middleweight,2000-11-17,2000-11-17,0,1,0,0,1460.0,Alex Stiebling,19,11,1,6
e4e0f310b3cf23a8,Alex Torres,1988-05-29,177.8,,Orthodox,Featherweight,2015-02-28,2015-02-28,0,1,0,0,1480.0,,,,,
c17041f1bb5768d8,Alex White,1988-10-22,182.9,180.3,Southpaw,Lightweight,2014-04-19,2019-10-26,4,6,0,0,1436.8,Alex White (fighter),14,6,0,9
e8b731feff72294b,Alexa Grasso,1993-08-09,165.1,167.6,Orthodox,Women's Flyweight,2016-11-05,2026-09-12,10,5,1,0,1750.3,Alexa Grasso,18,5,1,7
3c6976f8182d9527,Alexander Gustafsson,1987-01-15,195.6,200.7,Orthodox,Light Heavyweight,2009-11-14,2022-07-23,10,8,0,0,1597.7,Alexander Gustafsson,18,8,0,8
262a7d06203657e6,Alexander Hernandez,1992-10-01,175.3,182.9,Orthodox,Lightweight,2018-03-03,2026-04-25,10,8,0,0,1622.9,Alexander Hernandez,18,9,0,9
f8f1ec513bcfef43,Alexander Munoz,1990-02-27,175.3,182.9,Switch,Lightweight,2020-08-08,2023-07-15,1,2,0,0,1492.6,,,,,
56bf3ed155bd0fcd,Alexander Poppeck,1992-04-06,188.0,190.5,Orthodox,Heavyweight,2026-08-01,2026-08-01,0,1,0,0,1460.0,,,,,
e1248941344b3288,Alexander Volkanovski,1988-09-29,167.6,180.3,Orthodox,Featherweight,2016-11-26,2026-01-31,15,3,0,0,1886.3,Alexander Volkanovski,28,4,0,14
279566840aa55bf2,Alexander Volkov,1988-10-24,200.7,203.2,Orthodox,Heavyweight,2016-11-19,2026-05-09,14,5,0,0,1832.0,Alexander Volkov (fighter),40,11,0,32
d06f8869449ba7bd,Alexander Yakovlev,1984-07-18,190.5,188.0,Southpaw,Lightweight,2014-05-31,2020-10-24,3,6,0,0,1451.7,Alexander Yakovlev (fighter),25,13,1,27
c0badf3243907e59,Alexandr Romanov,1990-12-11,188.0,190.5,Southpaw,Heavyweight,2020-09-12,2024-11-02,7,3,0,0,1631.3,Alexander Romanov (fighter),22,4,0,11
8fd1f27e86661ede,Alexandre Barros,1976-11-19,175.3,,Southpaw,Welterweight,2009-01-17,2009-01-17,0,1,0,0,1471.0,,,,,
8dc46e9a7895ce1a,Alexandre Dantas,1979-03-01,188.0,,Orthodox,Heavyweight,2000-09-22,2003-02-28,0,2,0,0,1426.6,Alexandre Dantas,0,3,0,0
28ba5f27e473420c,Alexandre Ferreira,1979-04-25,170.2,,Orthodox,Light Heavyweight,2010-11-13,2010-11-13,0,1,0,0,1467.6,Alexandre Ferreira (fighter),18,6,0,23
a0f0004aadf10b71,Alexandre Pantoja,1990-04-16,165.1,170.2,Orthodox,Flyweight,2017-01-28,2026-09-19,14,5,0,0,1720.2,Alexandre Pantoja,30,7,0,18
545092d13c67aa49,Alexia Thainara,1995-11-20,162.6,170.2,Orthodox,Women's Strawweight,2025-03-22,2026-08-08,4,0,0,0,1650.9,,,,,
4c2d90e335e6df19,Alexis Davis,1984-10-04,167.6,172.7,Orthodox,Women's Bantamweight,2013-06-15,2022-02-05,8,6,0,0,1513.1,Alexis Davis (fighter),20,11,0,18
4ae4049426e0161d,Alexis Dufresne,1990-08-31,175.3,,Orthodox,Women's Bantamweight,2014-07-06,2015-01-03,0,2,0,0,1424.6,,,,,
1e38bba6738b7b10,Alfonso Alcarez,1970-06-10,160.0,,,Lightweight,1999-09-24,1999-09-24,0,0,1,0,1500.0,,,,,
e87a13e02c01331d,Ali AlQaisi,1990-09-23,167.6,172.7,Orthodox,Bantamweight,2020-08-08,2020-10-10,0,2,0,0,1435.9,,,,,
3dd92ff9fb0412b3,Ali Bagautinov,1985-06-10,162.6,165.1,Orthodox,Flyweight,2013-09-04,2016-11-19,4,3,0,0,1565.9,Ali Bagautinov,22,7,0,12
7ab478c397cd68ef,Aliaskhab Khizriev,1990-08-24,175.3,188.0,Southpaw,Middleweight,2022-03-26,2024-02-03,1,0,0,1,1540.0,,,,,
30cad5a751adcb48,Alibi Idiris,1994-10-22,167.6,172.7,Orthodox,Flyweight,2025-08-16,2026-02-21,0,1,0,1,1457.8,,,,,
87f8699fdcc2c404,Alice Ardelean,1992-04-19,160.0,157.5,Orthodox,Women's Strawweight,2024-07-27,2026-05-16,3,2,0,0,1541.4,,,,,
81d2c551886bd5a1,Alice Pereira,2005-12-20,172.7,180.3,Orthodox,Women's Bantamweight,2025-09-13,2026-04-04,1,1,0,0,1513.4,,,,,
b4ad3a06ee4d660c,Alistair Overeem,1980-05-17,193.0,203.2,Orthodox,Heavyweight,2011-12-30,2021-02-06,12,8,0,0,1674.6,Alistair Overeem,47,18,0,46
cb696ebfb6598724,Aljamain Sterling,1989-07-31,170.2,180.3,Orthodox,Featherweight,2014-02-22,2026-04-25,18,5,0,0,1867.9,Aljamain Sterling,26,5,0,8
e62b36885ecdac27,Allan Goes,1971-04-20,182.9,,Orthodox,Middleweight,1998-05-15,1998-05-15,0,1,0,0,1462.3,Allan Góes,10,5,2,4
253076a23d03dcd0,Allan Nascimento,1991-09-11,172.7,175.3,Orthodox,Flyweight,2021-10-30,2026-06-20,4,2,0,0,1601.0,Allan Nascimento,22,7,0,23
523af801b3429015,Allan Zuniga,1992-04-04,170.2,177.8,Orthodox,Lightweight,2018-07-06,2018-07-06,0,1,0,0,1480.0,,,,,
aebfb84d1f6d2d8c,Allen Berube,1974-08-25,172.7,,Orthodox,Lightweight,2007-06-23,2007-06-23,0,1,0,0,1456.4,,,,,
a9d6e047ce48ab63,Allen Crowder,1989-11-08,190.5,193.0,Orthodox,Heavyweight,2017-12-02,2019-06-22,1,2,0,0,1471.9,Allen Crowder,10,3,1,12
73a78713bd899f4c,Allen Frye Jr.,1998-04-15,195.6,203.2,Orthodox,Heavyweight,2025-12-13,2025-12-13,0,1,0,0,1460.0,,,,,
a495f599e787614f,Alonzo Menifield,1987-10-18,182.9,193.0,Orthodox,Light Heavyweight,2019-01-19,2026-09-19,12,6,1,0,1654.7,Alonzo Menifield,18,6,1,7
e18a19001a3f7c7d,Alptekin Ozkilic,1986-03-27,165.1,165.1,Orthodox,Flyweight,2013-12-14,2015-05-09,1,3,0,0,1414.4,Alp Ozkilic,9,5,0,9
74d35fbc9c6a61bd,Alvaro Herrera Mendoza,1990-05-14,182.9,188.0,Orthodox,Lightweight,2015-11-21,2018-07-28,1,3,0,0,1411.6,,,,,
ab2a4b5e04dc5fe9,Alvin Hines,1991-10-20,188.0,188.0,Orthodox,Heavyweight,2025-06-28,2026-07-18,0,2,0,0,1429.6,,,,,
cbe79765d44bd172,Alvin Robinson,1982-07-16,175.3,172.7,Southpaw,Lightweight,2007-07-07,2008-11-15,1,3,0,0,1440.3,Alvin Robinson,15,9,0,9
d4a31850a7457f1b,Amanda Cooper,1991-10-22,160.0,162.6,Switch,Women's Strawweight,2016-07-08,2018-11-10,2,4,0,0,1435.3,,,,,
3df5493bb279226f,Amanda Lemos,1987-05-22,162.6,165.1,Southpaw,Women's Strawweight,2017-07-16,2026-08-08,9,7,0,0,1566.2,Amanda Lemos,15,7,1,7
80fa8218c99f9c58,Amanda Nunes,1988-05-30,172.7,175.3,Orthodox,Women's Bantamweight,2013-08-03,2023-06-10,16,2,0,0,1838.7,Amanda Nunes,23,5,0,10
beecb672a279223e,Amanda Ribas,1993-08-26,162.6,167.6,Orthodox,Women's Strawweight,2019-06-29,2025-07-26,7,6,0,0,1536.6,Amanda Ribas,13,7,0,7
7aa88401f93ce836,Amar Suloev,1976-07-01,175.3,,Orthodox,Middleweight,2002-01-11,2002-05-10,0,2,0,0,1441.2,Amar Suloev,24,7,0,15
7a359ef685a304a7,Amaury Bitetti,1969-04-14,175.3,,Orthodox,Middleweight,1996-05-17,2000-06-09,1,1,0,0,1515.9,Amaury Bitetti,5,2,0,3
dc5a6b2fdb27e7dc,Amilcar Alves,1988-08-08,182.9,,Southpaw,Welterweight,2010-08-28,2011-01-22,0,2,0,0,1432.0,,,,,
6d35bf94f7d30241,Amir Albazi,1993-10-27,165.1,172.7,Orthodox,Flyweight,2020-07-18,2026-02-07,5,2,0,0,1591.3,Amir Albazi,17,3,0,12
2650e2f846a30f64,Amir Sadollah,1980-08-27,177.8,190.5,Orthodox,Welterweight,2008-06-21,2014-09-20,6,5,0,0,1474.4,Amir Sadollah,6,5,0,0
bbc9ab95fa766493,Anderson Dos Santos,1985-07-24,165.1,177.8,Orthodox,Bantamweight,2018-11-17,2021-08-07,1,3,0,0,1434.6,,,,,
1f454354805b6f75,Anderson Silva,1975-04-14,188.0,195.6,Southpaw,Middleweight,2006-06-28,2020-10-31,17,7,0,1,1609.2,Anderson Silva,34,11,0,20
5f6f049d54728e88,Andre Ewell,1988-01-21,172.7,190.5,Southpaw,Featherweight,2018-09-22,2021-12-18,4,5,0,0,1427.5,Andre Ewell,18,10,0,17
33efaf2d0941cfcf,Andre Fialho,1994-04-07,182.9,188.0,Orthodox,Welterweight,2022-01-22,2023-09-23,2,5,0,0,1432.9,André Fialho,17,11,0,16
8fd808923cffff82,Andre Fili,1990-06-25,180.3,188.0,Orthodox,Featherweight,2013-10-19,2026-06-20,13,13,0,1,1479.1,Andre Fili,25,14,0,13
cc300e9aa3063431,Andre Gusmao,1977-05-19,182.9,,Orthodox,Light Heavyweight,2008-08-09,2009-05-23,0,2,0,0,1432.8,,,,,
b1f21ce050035d58,Andre Lima,1999-02-04,170.2,170.2,Orthodox,Flyweight,2024-03-23,2026-08-29,5,1,0,0,1591.4,,,,,
886264a0c9f4ea5e,Andre Muniz,1990-02-17,185.4,198.1,Southpaw,Middleweight,2019-11-16,2025-10-04,6,4,0,0,1550.0,André Muniz,24,8,0,22
bba678d312590087,Andre Pederneiras,1967-03-22,172.7,,Orthodox,Welterweight,1999-07-16,1999-07-16,0,1,0,0,1472.0,André Pederneiras,1,1,2,1
5f61780fe5e9b6d0,Andre Petroski,1991-06-12,182.9,185.4,Switch,Middleweight,2021-08-28,2026-05-16,8,5,0,0,1498.9,Andre Petroski,13,6,0,6
a54a35a670d8e852,Andre Roberts,1965-02-24,188.0,,Orthodox,Heavyweight,1998-05-15,1999-07-16,2,1,0,0,1537.4,Andre Roberts (fighter),14,2,1,4
d0e50a3d1b250708,Andre Soukhamthath,1988-10-23,175.3,177.8,Orthodox,Bantamweight,2017-03-04,2019-08-31,2,5,0,0,1433.0,Andre Soukhamthath,14,10,0,14
b45d6b73f4ca4467,Andre Winner,1981-11-09,180.3,185.4,Orthodox,Lightweight,2009-06-20,2011-07-02,2,4,0,0,1434.5,Andre Winner,22,13,2,13
05fa626cb33d15b8,Andrea Lee,1989-02-11,167.6,175.3,Orthodox,Women's Flyweight,2018-05-19,2025-03-01,5,9,0,0,1425.1,Andrea Lee (fighter),13,11,0,10
2caf993f53541fa1,Andreas Gustafsson,1991-02-20,185.4,185.4,Orthodox,Welterweight,2025-06-07,2025-09-06,1,1,0,0,1526.8,,,,,
79325a3c1a5c3bf4,Andreas Michailidis,1988-07-18,182.9,193.0,Orthodox,Welterweight,2020-07-15,2022-06-04,1,3,0,0,1425.4,Andreas Michailidis,16,9,0,14
69a400af4420cd6a,Andreas Stahl,1988-05-20,180.3,,Orthodox,Welterweight,2014-07-26,2015-12-10,0,2,0,0,1425.4,,,,,
3738e68d2261e60f,Andrei Arlovski,1979-02-04,190.5,195.6,Orthodox,Heavyweight,2000-11-17,2024-06-29,23,18,0,1,1489.4,Andrei Arlovski,34,24,0,3
5f2f0da6fd6a84fd,Andrei Semenov,1977-06-17,182.9,,Orthodox,Middleweight,2002-01-11,2002-05-10,1,1,0,0,1496.1,Andrei Semenov (fighter),34,9,2,22
8a70ceb3edbe757b,Andrew Craig,1986-01-15,185.4,193.0,Orthodox,Welterweight,2012-03-02,2015-07-15,3,4,0,0,1446.3,Andrew Craig,9,4,0,6
66ab58d0b3783607,Andrew Holbrook,1986-02-06,180.3,177.8,Southpaw,Lightweight,2015-07-25,2017-09-02,2,3,0,0,1422.5,Andrew Holbrook,12,3,0,10
fccf811c1e8b01c7,Andrew Sanchez,1988-04-08,185.4,188.0,Orthodox,Middleweight,2016-07-08,2021-10-16,5,5,0,0,1487.4,Andrew Sanchez,14,9,0,9
22e07d3da1aa3475,Andrey Pulyaev,1997-09-10,193.0,198.1,Southpaw,Middleweight,2025-03-22,2026-06-27,1,3,0,0,1449.8,,,,,
9199e0735b83dd32,Andy Anderson,1974-07-16,167.6,,,,1995-04-07,1995-04-07,0,1,0,0,1460.0,,,,,
993d385f5a475375,Andy Enz,1991-08-15,190.5,198.1,Orthodox,Middleweight,2014-02-01,2015-01-31,0,3,0,0,1412.6,Andy Enz,10,4,0,11
b6c4451cb13c9303,Andy Ogle,1989-02-16,172.7,175.3,Orthodox,Featherweight,2012-09-29,2015-01-24,1,5,0,0,1370.0,Andy Ogle,9,6,0,9
476414d2f18cd059,Andy Wang,1977-05-28,167.6,,Orthodox,Lightweight,2007-06-23,2007-06-23,0,1,0,0,1460.0,,,,,
1497e735d9f2560a,Ange Loosa,1993-03-18,177.8,188.0,Orthodox,Welterweight,2022-04-16,2025-06-14,2,3,0,1,1461.8,,,,,
07797f10b9569cfc,Angel Pacheco,1992-01-13,172.7,177.8,Orthodox,Bantamweight,2024-03-30,2026-02-28,0,2,0,0,1425.6,,,,,
f0feeb2192937424,Angela Hill,1985-01-12,160.0,162.6,Orthodox,Women's Strawweight,2014-12-12,2026-05-30,14,16,0,0,1546.4,Angela Hill,19,17,0,2
bd878a638e0e3be3,Angela Magana,1983-08-02,154.9,165.1,Orthodox,Women's Strawweight,2014-12-12,2017-12-02,0,3,0,0,1388.7,,,,,
2937cb502dda0808,Anistavio Medeiros,1988-05-01,167.6,,Orthodox,Featherweight,2012-06-23,2012-06-23,0,1,0,0,1460.0,,,,,
1536a25e16fc299b,Anna Elmose,1984-10-06,160.0,,Orthodox,Women's Strawweight,2016-05-08,2016-11-19,0,2,0,0,1422.0,,,,,
40a7ec5d1ad6ffa8,Anna Melisano,1997-05-20,162.6,172.7,Orthodox,Women's Flyweight,2026-07-18,2026-07-18,0,1,0,0,1463.0,,,,,
7342fcc41a4817fa,Ansar Chalangov,1979-10-30,175.3,,Orthodox,Welterweight,2005-11-19,2006-04-06,0,2,0,0,1424.2,,,,,
a72a2a769fa5a2be,Anshul Jubli,1995-01-13,182.9,175.3,Switch,Lightweight,2023-02-04,2025-02-08,1,2,0,0,1445.9,Anshul Jubli,7,2,0,6
7d8435c56043b0ae,Ante Delija,1990-08-07,190.5,198.1,Orthodox,Heavyweight,2025-09-06,2026-02-21,1,2,0,0,1500.7,Ante Delija,26,8,0,31
c5a126ace82a6025,Anthony Birchak,1986-05-16,172.7,175.3,Orthodox,Bantamweight,2014-12-13,2021-04-17,2,4,0,0,1411.7,Anthony Birchak,16,8,0,12
4f11e9ce318ffbcb,Anthony Christodoulou,1987-07-30,175.3,,Orthodox,Lightweight,2015-01-24,2015-08-08,0,2,0,0,1428.1,,,,,
c727c7d31c50c4cf,Anthony Hamilton,1980-04-14,195.6,193.0,Orthodox,Heavyweight,2014-06-28,2017-11-18,3,7,0,0,1371.9,Anthony Hamilton (fighter),23,12,0,14
093e1f5bb73850be,Anthony Hernandez,1993-10-18,182.9,190.5,Orthodox,Middleweight,2019-02-02,2026-08-22,9,4,0,0,1708.6,Anthony Hernandez,15,4,0,7
3c5005b66696d790,Anthony Ivy,1990-01-23,188.0,188.0,Orthodox,Welterweight,2020-06-13,2020-09-12,0,2,0,0,1427.1,,,,,
365fee2da473b177,Anthony Johnson,1984-03-06,188.0,198.1,Orthodox,Light Heavyweight,2007-06-12,2017-04-08,13,6,0,0,1771.0,Anthony Johnson (fighter),23,6,0,3
f3a853544e4413c4,Anthony Lapsley,1980-02-13,175.3,,Southpaw,Welterweight,2013-11-16,2014-05-10,0,2,0,0,1420.1,Anthony Lapsley,23,8,0,30
dedc3bb440d09554,Anthony Macias,1969-02-09,175.3,,Switch,,1994-12-16,1995-07-14,1,2,0,0,1474.8,Anthony Macias,26,18,0,0
6bf5a7d3e081ade2,Anthony Njokuani,1980-03-01,185.4,190.5,Orthodox,Lightweight,2011-03-19,2014-10-04,3,5,0,0,1460.8,Anthony Njokuani,18,16,0,18
4b4753d19489297f,Anthony Perosh,1972-10-05,190.5,190.5,Orthodox,Light Heavyweight,2006-07-08,2015-11-14,5,7,0,0,1451.1,Anthony Perosh,15,10,0,6
cbb682f5fcc44bfc,Anthony Pettis,1987-01-27,177.8,182.9,Orthodox,Welterweight,2011-06-04,2020-12-19,11,9,0,0,1709.5,Anthony Pettis,24,13,0,12
5331b25a60417ffb,Anthony Rocco Martin,1989-12-11,182.9,185.4,Orthodox,Welterweight,2014-02-01,2020-06-06,9,6,0,0,1692.4,Anthony Rocco Martin,18,6,0,8
d4c9dcd330403612,Anthony Smith,1988-07-26,193.0,193.0,Orthodox,Light Heavyweight,2013-06-08,2025-04-26,13,12,0,0,1538.0,Anthony Smith (fighter),39,22,0,27
918d9d89d4d52acc,Anthony Torres,1978-07-31,172.7,,Orthodox,Welterweight,2006-08-17,2007-09-08,1,1,0,0,1500.0,,,,,
b34976c022b24568,Anthony Wint,1995-09-14,180.3,198.1,Orthodox,Heavyweight,2026-08-22,2026-08-22,1,0,0,0,1540.0,Anthony Wint,8,0,0,7
706f8e2b34e8e18b,Anton Kuivanen,1984-05-01,172.7,182.9,Orthodox,Lightweight,2012-02-15,2013-02-23,1,2,0,0,1446.8,Anton Kuivanen,26,13,0,20
82529ce93cd9a2cf,Anton Turkalj,1996-06-10,193.0,198.1,Orthodox,Light Heavyweight,2022-09-10,2024-03-30,0,4,0,0,1372.4,,,,,
8c822811eedc11ad,Anton Zafir,1987-05-10,180.3,,Orthodox,Welterweight,2015-11-14,2016-07-08,0,2,0,0,1421.4,,,,,
69b69c0178c4004d,Antoni Hardonk,1976-02-05,193.0,198.1,Orthodox,Heavyweight,2006-11-18,2009-10-24,4,4,0,0,1505.6,Antoni Hardonk,8,6,0,6
d7338bcb141abd2c,Antonina Shevchenko,1984-11-20,172.7,170.2,Southpaw,Women's Flyweight,2018-11-30,2022-07-09,4,4,0,0,1501.4,Antonina Shevchenko,10,4,0,6
61fb8098ccf81c7f,Antonio Arroyo,1989-07-01,190.5,185.4,Orthodox,Middleweight,2019-11-16,2021-09-18,0,3,0,0,1391.0,,,,,
9ddfb3369a3b0394,Antonio Banuelos,1979-09-23,165.1,160.0,Orthodox,Bantamweight,2011-02-05,2011-02-05,0,1,0,0,1460.0,Antonio Banuelos,20,11,1,24
fae67903c4fe636b,Antonio Braga Neto,1987-10-29,190.5,195.6,Orthodox,Middleweight,2013-06-08,2017-12-09,1,2,0,0,1486.0,Antônio Braga Neto,9,3,0,10
52e76bb4b3e852f3,Antonio Carlos Junior,1990-03-16,188.0,200.7,Orthodox,Middleweight,2014-05-31,2021-01-23,7,5,0,1,1567.8,Antônio Carlos Jr.,19,6,0,3
fef3d17e27e916e7,Antonio Carvalho,1979-05-30,175.3,177.8,Orthodox,Featherweight,2012-01-14,2013-03-16,2,2,0,0,1499.1,Antonio Carvalho,15,6,0,17
81b8b3fb019dc69d,Antonio Dos Santos,1988-07-21,177.8,,Orthodox,Middleweight,2014-12-20,2015-06-20,0,2,0,0,1417.7,,,,,
3414b50b08a10600,Antonio McKee,1970-03-12,172.7,,Southpaw,Lightweight,2011-01-01,2011-01-01,0,1,0,0,1480.7,,,,,
3795fca327cbcf23,Antonio Mendes,1981-04-19,190.5,195.6,Southpaw,Light Heavyweight,2008-05-24,2009-01-17,0,2,0,0,1437.5,,,,,
ee9d73f4fee9cbdd,Antonio Rodrigo Nogueira,1976-06-02,190.5,195.6,Orthodox,Heavyweight,2007-07-07,2015-08-01,5,6,0,0,1505.3,Antônio Rodrigo Nogueira,34,10,1,29
8349d55cdecd393a,Antonio Silva,1979-09-14,193.0,208.3,Orthodox,Heavyweight,2012-05-26,2016-09-24,3,7,1,0,1447.7,Antônio Silva (fighter),19,15,1,19
6d48a2df51749d91,Antonio Trocoli,1990-12-06,195.6,203.2,Orthodox,Middleweight,2024-06-22,2026-03-21,0,4,0,0,1372.4,,,,,
69e8c632135af48b,Anying Wang,1991-04-04,182.9,,Orthodox,Welterweight,2014-03-01,2014-08-23,1,1,0,0,1495.4,,,,,
7d420039bbfe7c1a,Aoriqileng,1993-06-25,170.2,175.3,Orthodox,Bantamweight,2021-04-24,2026-08-29,4,6,0,1,1436.5,,,,,
c0d5c0c95c59050b,Ariane Carnelossi,1992-11-17,157.5,154.9,Orthodox,Women's Strawweight,2019-09-21,2026-06-06,3,4,0,0,1464.1,Ariane Carnelossi,15,5,0,12
6551c64fbcd1a467,Ariane da Silva,1994-01-26,167.6,170.2,Orthodox,Women's Flyweight,2019-01-19,2025-06-07,6,8,0,0,1469.9,Ariane Lipski da Silva,18,12,0,14
b96939f2b8d88e82,Ariel Beck,1990-09-16,167.6,167.6,Southpaw,Women's Flyweight,2017-12-01,2017-12-01,0,1,0,0,1460.0,,,,,
7e511f8d842a109d,Arjan Bhullar,1986-05-13,185.4,190.5,Orthodox,Heavyweight,2017-09-09,2019-05-04,3,1,0,0,1577.5,Arjan Bhullar,11,3,0,6
eae48ff31db420c2,Arman Tsarukyan,1996-10-11,170.2,182.9,Orthodox,Lightweight,2019-04-20,2026-09-19,11,2,0,0,1837.7,Arman Tsarukyan,24,3,0,14
369ea36e450ae62a,Armen Petrosyan,1990-11-03,190.5,180.3,Orthodox,Middleweight,2022-02-26,2025-03-08,3,4,0,0,1459.0,Armen Petrosyan (fighter),10,7,0,7
040a74bb0a465c54,Arnold Allen,1994-01-22,172.7,177.8,Southpaw,Featherweight,2015-06-20,2026-05-16,12,3,0,0,1749.8,Arnold Allen,21,4,0,10
a5c53b3ddb31cc7d,Art Jimmerson,1963-08-04,185.4,,Orthodox,,1993-11-12,1993-11-12,0,1,0,0,1465.1,Art Jimmerson,0,1,0,0
02f2a9702ba3d167,Artem Lobov,1986-08-11,175.3,165.1,Southpaw,Featherweight,2015-12-11,2018-10-27,2,5,0,0,1436.1,Artem Lobov,13,15,1,23
20d37922ba85e6fc,Artur Minev,2003-09-27,175.3,175.3,Orthodox,Lightweight,2026-05-16,2026-05-16,0,1,0,0,1460.0,,,,,
2a7afe14b3a0a058,Asbel Cancio,,177.8,,,,1995-04-07,1995-04-07,0,1,0,0,1456.7,,,,,
e9bc5748e6a76bb6,Ashkan Mokhtarian,1985-09-15,167.6,170.2,Southpaw,Flyweight,2017-06-10,2017-11-18,0,2,0,0,1424.6,Ashkan Mokhtarian,13,4,0,14
fc6e681bf6658faf,Ashlee Evans-Smith,1987-07-09,172.7,170.2,Orthodox,Women's Bantamweight,2014-12-06,2023-07-15,3,6,0,0,1379.7,Ashlee Evans-Smith,6,6,0,3
b4c6c904a9ffc5e8,Ashley Yoder,1987-10-20,170.2,175.3,Southpaw,Women's Strawweight,2016-12-09,2023-10-14,3,8,0,0,1364.4,Ashley Yoder,9,11,0,6
b1d19449397541dc,Askar Askarov,1992-10-09,167.6,170.2,Orthodox,Flyweight,2019-09-21,2022-03-26,3,1,1,0,1600.9,Askar Askarov,15,1,1,11
e92901944ce91909,Askar Mozharov,1994-10-26,190.5,188.0,Orthodox,Light Heavyweight,2022-06-04,2022-06-04,0,1,0,0,1464.9,,,,,
d4691518d012b9e7,Aspen Ladd,1995-03-01,167.6,167.6,Orthodox,Women's Bantamweight,2017-10-21,2022-04-09,4,3,0,0,1535.2,,,,,
e091482fa6648261,Assuerio Silva,1974-06-18,177.8,,Orthodox,Heavyweight,2006-01-16,2007-04-21,0,3,0,0,1426.6,Assuério Silva,16,8,0,15
8d3273573b85be09,Asu Almabayev,1994-01-25,162.6,165.1,Orthodox,Flyweight,2023-08-05,2026-06-27,7,1,0,0,1697.0,Asu Almabayev,24,3,0,19
2f815ed5f8278ba6,Ateba Gautier,2002-04-10,193.0,205.7,Switch,Middleweight,2025-03-29,2026-05-09,5,0,0,0,1653.9,Ateba Gautier,11,1,0,7
3d5b1ce6097dbb49,Augusto Mendes,1983-03-03,167.6,165.1,Orthodox,Bantamweight,2016-02-21,2017-04-15,1,2,0,0,1465.9,Augusto Mendes,6,3,0,5
94508d80e1f885fc,Augusto Montano,1984-10-25,185.4,185.4,Orthodox,Welterweight,2014-11-15,2016-09-17,1,2,0,0,1458.9,Augusto Montaño,15,3,0,15
441eacbe20e0e80b,Augusto Sakai,1991-05-09,190.5,195.6,Orthodox,Heavyweight,2018-09-22,2023-02-25,5,4,0,0,1525.1,Augusto Sakai,17,8,1,13
be9bdec19b7e9ffe,Austen Lane,1987-11-09,198.1,203.2,Orthodox,Light Heavyweight,2023-06-24,2026-03-21,1,5,0,1,1384.6,Austen Lane,13,8,0,15
bf0e700106d00e55,Austin Arnett,1991-10-22,182.9,182.9,Orthodox,Featherweight,2018-01-27,2019-02-09,1,3,0,0,1434.7,Austin Arnett,19,7,0,18
d3f89fa685bd8420,Austin Bashi,2001-09-29,167.6,177.8,Orthodox,Featherweight,2025-01-11,2026-07-18,1,2,0,0,1477.8,,,,,
d2cd7a69cc55e7ed,Austin Hubbard,1991-12-22,177.8,180.3,Orthodox,Lightweight,2019-05-18,2025-08-23,4,8,0,0,1414.9,Austin Hubbard,16,11,0,12
305d73ede05e31ad,Austin Lingo,1994-07-10,177.8,177.8,Orthodox,Featherweight,2020-02-08,2023-07-15,2,3,0,0,1459.0,Austin Lingo,9,4,0,7
37cc294027f55e4d,Austin Springer,1987-05-12,172.7,180.3,Orthodox,Featherweight,2020-08-29,2020-08-29,0,1,0,0,1467.0,,,,,
32c3ee378671a5d9,Austin Vanderford,1990-03-21,180.3,188.0,Orthodox,Welterweight,2025-02-22,2025-10-04,1,1,0,0,1498.3,Austin Vanderford,13,3,0,14
1d2d98ddd05b38fb,Axel Sola,1997-09-17,182.9,188.0,Southpaw,Lightweight,2025-09-06,2026-09-05,3,1,0,0,1587.6,Axel Sola,13,1,1,11
3bc3f60b21cddc6a,Azamat Bekoev,1995-12-30,182.9,182.9,Orthodox,Middleweight,2025-01-18,2026-04-04,2,2,0,0,1484.4,Azamat Bekoev,20,5,0,19
a1b0715c4fd2dbd3,Azamat Gashimov,1990-04-07,167.6,,Orthodox,Flyweight,2012-11-17,2013-05-18,0,2,0,0,1428.9,,,,,
e90a2f22417af68e,Azamat Murzakanov,1989-04-12,177.8,180.3,Southpaw,Light Heavyweight,2022-03-12,2026-04-11,6,1,0,0,1680.9,Azamat Murzakanov,16,1,0,9
7f1bf0c255ec8756,Azat Maksum,1995-02-02,170.2,177.8,Southpaw,Flyweight,2023-07-15,2025-10-25,1,3,0,0,1409.6,,,,,
78d48d3874dacafd,Azunna Anyanwu,1981-08-05,185.4,,Orthodox,Heavyweight,2017-09-16,2017-09-16,0,1,0,0,1484.3,,,,,
73c7cfa551289285,BJ Penn,1978-12-13,175.3,177.8,Orthodox,Lightweight,2001-05-04,2019-05-11,12,13,2,0,1490.7,B.J. Penn,16,13,2,0
8677e67a75d65b8e,Baergeng Jieleyisi,1995-11-24,175.3,180.3,Orthodox,Bantamweight,2024-11-23,2024-11-23,0,1,0,0,1460.0,,,,,
d1feea7a4bdcd503,Baisangur Susurkaev,2001-01-08,188.0,200.7,Orthodox,Middleweight,2025-08-16,2026-05-09,3,0,0,0,1606.1,,,,,
472f6f6e6d962f40,Barb Honchak,1979-08-30,162.6,165.1,Orthodox,Women's Flyweight,2017-12-01,2018-07-06,0,2,0,0,1430.8,Barb Honchak,10,4,0,12
4304992c2acc187b,Bart Palaszewski,1983-05-30,175.3,177.8,Orthodox,Featherweight,2011-10-29,2013-04-13,1,3,0,0,1434.2,Bart Palaszewski,36,17,0,49
e17ac6410c8377f4,Bartosz Fabinski,1986-04-26,182.9,190.5,Orthodox,Middleweight,2015-04-11,2021-04-17,3,3,0,0,1494.1,Bartosz Fabiński,16,6,0,13
03688dc3c3af3ac1,Bas Rutten,1965-02-24,185.4,,Orthodox,Heavyweight,1999-01-08,1999-05-07,2,0,0,0,1569.4,Bas Rutten,28,4,1,30
f4d92416da98804b,Bassil Hafez,1992-01-31,180.3,182.9,Orthodox,Welterweight,2023-07-15,2024-11-16,1,2,0,0,1495.0,,,,,
3b0a516d2921e0d6,Batgerel Danaa,1989-07-04,170.2,177.8,Orthodox,Bantamweight,2019-08-31,2023-04-22,3,4,0,0,1459.4,,,,,
b60c980f79b87ce8,Bea Malecki,1991-08-23,175.3,188.0,Orthodox,Women's Bantamweight,2019-06-01,2021-08-21,2,1,0,0,1521.4,Bea Malecki,4,1,0,2
907e60fd13407e1e,Bec Rawlings,1989-02-11,167.6,162.6,Orthodox,Women's Flyweight,2014-12-12,2018-04-07,2,5,0,0,1410.7,Bec Rawlings,8,9,0,8
a4dc0f2b95df4cc1,Bekzat Almakhan,1997-10-08,170.2,172.7,Orthodox,Bantamweight,2024-03-02,2026-06-27,1,3,0,0,1450.5,Bekzat Almakhan,12,4,0,10
b1b0729d27936f2f,Belal Muhammad,1988-07-09,180.3,182.9,Orthodox,Welterweight,2016-07-07,2026-06-06,15,6,0,1,1774.4,Belal Muhammad,24,6,0,9
c4fe2e9a06ea5bcb,Ben Alloway,1981-02-19,180.3,193.0,Orthodox,Welterweight,2012-12-14,2013-08-28,1,2,0,0,1455.9,Ben Alloway,19,9,0,15
0b31f87be71ebbb1,Ben Askren,1984-07-18,180.3,185.4,Orthodox,Welterweight,2019-03-02,2019-10-26,1,2,0,0,1524.6,Ben Askren,19,2,0,19
ee457ef1e1c326c1,Ben Earwood,,172.7,,Orthodox,Welterweight,2000-11-17,2000-11-17,1,0,0,0,1540.0,,,,,
3261aa79bf6caa64,Ben Johnston,1990-10-11,193.0,193.0,Orthodox,Middleweight,2026-05-02,2026-05-02,0,1,0,0,1455.4,,,,,
840d2c82ea68b9aa,Ben Nguyen,1988-08-03,165.1,165.1,Switch,Flyweight,2015-05-09,2018-12-01,4,3,0,0,1521.9,Ben Nguyen,18,9,0,19
bd58d34e39b7b12a,Ben Rothwell,1981-10-17,193.0,198.1,Orthodox,Heavyweight,2009-10-24,2021-11-13,9,8,0,0,1547.2,Ben Rothwell,39,14,0,33
484acc7b0f856ce9,Ben Saunders,1983-04-13,188.0,195.6,Orthodox,Welterweight,2007-12-08,2019-12-14,9,10,0,0,1433.8,Ben Saunders (fighter),23,13,2,6
326f94d6cfb1bf25,Ben Sosoli,1989-12-10,182.9,182.9,Southpaw,Heavyweight,2019-10-18,2020-02-22,0,1,0,1,1462.1,,,,,
1ad381c8994c4e5b,Ben Wall,1989-03-25,177.8,,Orthodox,Lightweight,2013-12-06,2014-05-10,0,2,0,0,1422.6,,,,,
b6c37948cb226e8c,Benardo Sopaj,2000-09-25,167.6,167.6,Orthodox,Bantamweight,2024-03-02,2026-05-16,2,1,0,0,1543.3,,,,,
08af939f41b5a57b,Beneil Dariush,1989-05-06,177.8,182.9,Southpaw,Lightweight,2014-01-15,2026-05-02,17,8,1,0,1694.7,Beneil Dariush,23,8,1,7
773f7feacf96153e,Benito Lopez,1994-04-06,177.8,185.4,Switch,Bantamweight,2017-12-09,2022-11-05,2,2,0,0,1505.5,Benito Lopez,11,2,0,8
01b39decaf0abf6a,Benji Radach,1979-04-05,177.8,,Orthodox,Welterweight,2002-05-10,2002-09-27,1,1,0,1,1504.2,Benji Radach,21,7,0,10
c2299ec916bc7c56,Benoit Saint Denis,1995-12-18,180.3,185.4,Southpaw,Lightweight,2021-10-30,2026-07-11,9,4,0,0,1715.6,,,,,
2676b28836a5a836,Benson Henderson,1983-11-16,175.3,177.8,Southpaw,Welterweight,2011-04-30,2015-11-28,11,3,0,0,1733.6,Benson Henderson,30,13,0,14
abd2109bc4cb0291,Bentley Syler,1982-12-22,162.6,,Orthodox,Flyweight,2015-03-21,2015-03-21,0,1,0,0,1460.0,,,,,
7a613f78dd7ee8f8,Bernardo Magalhaes,1981-04-08,175.3,,Orthodox,Lightweight,2012-02-15,2012-06-08,0,2,0,0,1441.2,,,,,
98ec9f385cca47fc,Besam Yousef,1985-03-25,180.3,,Orthodox,Welterweight,2012-04-14,2013-04-06,0,2,0,0,1438.7,,,,,
673ea7dcc786b1b3,Bethe Correia,1983-06-22,165.1,162.6,Orthodox,Women's Bantamweight,2013-12-06,2021-10-02,5,6,1,0,1444.1,Bethe Correia,11,6,1,6
899923ff6ab13917,Bevon Lewis,1991-05-05,190.5,200.7,Orthodox,Middleweight,2018-12-29,2020-11-07,1,3,0,0,1439.0,Bevon Lewis,9,6,0,6
efd2b3e9bb7965a4,Bharat Kandare,1987-06-20,170.2,182.9,Orthodox,Featherweight,2017-11-25,2017-11-25,0,1,0,0,1460.0,,,,,
eff9074bc066f0f2,Bia Mesquita,1991-04-07,162.6,170.2,Orthodox,Women's Bantamweight,2025-10-11,2026-06-20,3,0,0,0,1602.9,Beatriz Mesquita,8,0,0,5
5182316da3c1d891,Bilal Hasan,2001-07-16,170.2,177.8,Switch,Flyweight,2026-08-29,2026-08-29,1,0,0,0,1540.0,,,,,
9abc648e76c4493a,Bill Algeo,1989-06-09,182.9,185.4,Switch,Featherweight,2020-08-29,2024-07-20,5,5,0,0,1519.1,Bill Algeo,18,9,0,17
ae58685caf8e4a0d,Bill Mahood,1967-02-01,190.5,,Orthodox,Light Heavyweight,2005-06-04,2005-06-04,0,1,0,0,1464.6,,,,,
07a74004d964c7f4,Billy Elekana,1995-05-28,190.5,195.6,Southpaw,Light Heavyweight,2025-01-18,2026-01-31,3,1,0,0,1578.3,Billy Elekana,10,2,0,8
3c48019bc387b80c,Billy Miles,1978-04-28,177.8,,Orthodox,Welterweight,2007-12-08,2007-12-08,0,1,0,0,1460.0,,,,,
aa171d55d4b5208f,Billy Quarantillo,1988-12-08,177.8,177.8,Orthodox,Lightweight,2019-12-07,2026-08-08,6,6,0,0,1492.3,Billy Quarantillo,18,8,0,14
fa07345cc9db5cc9,Billy Ray Goff,1998-06-18,177.8,182.9,Switch,Welterweight,2023-08-26,2026-08-08,1,3,0,0,1425.5,,,,,
1788eee370f077b7,Blagoy Ivanov,1986-10-09,180.3,185.4,Southpaw,Heavyweight,2018-07-14,2023-07-01,3,5,0,0,1528.8,Blagoy Ivanov,19,7,0,18
5095b0920a3602aa,Blake Bilder,1990-07-12,172.7,172.7,Switch,Featherweight,2023-02-11,2024-02-03,1,2,0,0,1446.9,,,,,
9edf2c9082cc2cd8,Blood Diamond,1988-07-10,180.3,193.0,Switch,Welterweight,2022-02-12,2023-09-09,0,3,0,0,1393.4,,,,,
35673bf5204524ee,Bo Nickal,1996-01-14,185.4,193.0,Southpaw,Middleweight,2023-03-04,2026-06-14,6,1,0,0,1664.4,Bo Nickal,9,1,0,3
1c061eb6e29eaa0a,Bob Cook,,175.3,,Orthodox,Lightweight,2000-03-10,2000-03-10,1,0,0,0,1540.0,,,,,
c96518b7f6881004,Bob Gilstrap,,190.5,,Orthodox,Middleweight,1998-05-15,1998-05-15,0,1,0,0,1457.7,Bob Gilstrap,5,7,0,8
afaad7d6a581e307,Bobby Hoffman,1968-10-28,188.0,,Orthodox,Heavyweight,2000-09-22,2001-11-02,0,2,0,1,1452.6,Bobby Hoffman,36,10,1,16
d76ad9a08c4408ff,Bobby Moffett,1990-06-01,177.8,185.4,Orthodox,Featherweight,2018-11-10,2019-08-10,0,2,0,1,1449.6,Bobby Moffett,17,6,0,16
7dfb56f24fe5ddea,Bobby Nash,1990-03-26,182.9,188.0,Orthodox,Welterweight,2017-01-28,2017-11-25,0,3,0,0,1398.2,Bobby Nash,12,5,0,9
aee8eecfc4bfb1e7,Bobby Southworth,1969-12-16,188.0,,Orthodox,Light Heavyweight,2005-04-09,2005-04-09,0,1,0,0,1460.0,Bobby Southworth,9,6,0,9
fb8a3025ae722e64,Bobby Voelker,1979-04-26,182.9,188.0,Orthodox,Welterweight,2013-03-16,2014-06-07,0,4,0,0,1363.8,Bobby Voelker,34,14,0,32
fb37795db81f93f3,Bogdan Grad,1995-09-28,172.7,177.8,Orthodox,Featherweight,2025-02-01,2026-08-01,2,2,0,0,1497.4,,,,,
ef5dcb10d2bd4b0f,Bogdan Guskov,1992-09-12,190.5,193.0,Orthodox,Light Heavyweight,2023-09-02,2026-07-25,4,2,1,0,1623.1,Bogdan Guskov,18,4,1,16
d6285cba1d1052e0,Bojan Mihajlovic,1980-03-30,180.3,185.4,Orthodox,Light Heavyweight,2016-07-23,2017-09-02,0,3,0,0,1396.3,,,,,
fcce75a25c14a804,Bojan Velickovic,1988-12-18,182.9,193.0,Southpaw,Welterweight,2016-04-10,2017-11-18,2,3,1,0,1502.3,Bojan Veličković,24,13,2,14
4bdedbdeedff7d1d,Bolaji Oki,1995-11-15,177.8,185.4,Orthodox,Lightweight,2024-02-10,2026-03-14,2,3,0,0,1443.0,,,,,
5f926979c980b87e,Borislav Nikolic,1993-01-29,175.3,182.9,Orthodox,Bantamweight,2026-08-01,2026-08-01,1,0,0,0,1540.3,,,,,
98e946879ba20c0f,Boston Salmon,1990-11-20,175.3,175.3,Southpaw,Bantamweight,2019-04-13,2019-10-18,0,2,0,0,1415.3,,,,,
7e69a4b0961aa555,Brad Blackburn,1977-05-25,177.8,185.4,Orthodox,Welterweight,2008-07-19,2010-04-10,3,2,0,0,1499.5,Brad Blackburn,18,13,1,26
4d74641fac830182,Brad Gumm,,180.3,,Orthodox,Welterweight,2000-03-10,2000-09-22,0,1,1,0,1464.6,,,,,
4908c5ee68a50ee5,Brad Imes,1977-03-13,200.7,,Orthodox,Heavyweight,2005-11-05,2007-04-07,0,3,0,0,1405.3,Brad Imes,13,7,0,3
7b433309b0fd12aa,Brad Katona,1991-12-19,167.6,162.6,Orthodox,Bantamweight,2018-07-06,2025-05-10,4,5,0,0,1436.8,Brad Katona,14,5,0,6
13c4313ed0f744f3,Brad Kohler,1964-05-26,175.3,,Orthodox,Heavyweight,1997-12-21,1999-09-24,1,1,0,0,1500.5,Brad Kohler,12,15,0,7
6803d4d6908354ac,Brad Morris,1979-11-01,188.0,,Orthodox,Light Heavyweight,2008-04-19,2008-09-17,0,2,0,0,1424.6,,,,,
c945adc22c2bfe8f,Brad Pickett,1978-09-24,167.6,172.7,Orthodox,Bantamweight,2011-11-05,2017-03-18,5,9,0,0,1393.0,Brad Pickett,25,14,0,25
37ed1ab2f8b819f4,Brad Riddell,1991-09-30,170.2,180.3,Orthodox,Lightweight,2019-10-05,2022-11-12,4,3,0,0,1528.1,Brad Riddell,10,4,0,7
34e552520a934063,Brad Scott,1989-06-24,185.4,193.0,Orthodox,Welterweight,2012-12-14,2018-05-27,3,5,0,0,1437.5,Brad Scott (fighter),11,6,0,9
0c6d9ea8306c029e,Brad Tavares,1987-12-21,185.4,188.0,Orthodox,Middleweight,2010-06-19,2026-03-14,16,12,0,0,1507.9,Brad Tavares,21,12,0,5
7af33fc4435017f1,Brady Hiestand,1999-04-30,172.7,180.3,Orthodox,Bantamweight,2021-08-28,2024-06-15,3,1,0,0,1593.1,,,,,
06f0ffa6446c5b6d,Branden Lee Hinkle,1973-07-29,190.5,,Orthodox,Light Heavyweight,2005-10-07,2006-06-28,1,2,0,0,1460.5,Branden Lee Hinkle,17,11,0,19
d0fd0d9ee560dae7,Brando Pericic,1994-08-03,195.6,200.7,Orthodox,Heavyweight,2025-09-27,2026-05-02,3,0,0,0,1611.1,,,,,
cc351e408bbb7d43,Brandon Davis,1990-05-08,177.8,182.9,Orthodox,Bantamweight,2018-01-20,2022-10-15,2,7,0,0,1411.3,Brandon Davis,15,13,0,11
6a8928652fc01bee,Brandon Jenkins,1991-09-30,182.9,180.3,Switch,Lightweight,2021-09-18,2022-04-16,0,2,0,0,1430.9,,,,,
2b06b6ad5db63348,Brandon Melendez,1983-03-24,180.3,,Southpaw,Lightweight,2007-06-23,2007-06-23,0,1,0,0,1466.8,,,,,
792be9a24df82ed6,Brandon Moreno,1993-12-07,170.2,177.8,Orthodox,Flyweight,2016-10-01,2026-09-12,12,7,2,0,1674.3,Brandon Moreno,24,10,2,14
6e15f63b6c2e2c15,Brandon Royval,1992-08-16,175.3,172.7,Southpaw,Flyweight,2020-05-30,2026-07-11,8,5,0,0,1617.4,Brandon Royval,18,9,0,14
638cfec7ec559d6e,Brandon Thatch,1985-07-11,188.0,188.0,Switch,Welterweight,2013-08-28,2016-12-30,2,4,0,0,1439.6,Brandon Thatch,11,5,0,10
fa315e6c77eee106,Brandon Vera,1977-10-10,190.5,198.1,Orthodox,Heavyweight,2005-10-03,2013-08-31,8,7,0,1,1507.7,Brandon Vera,16,10,0,3
aa79d5399571068e,Brandon Wolff,1975-10-18,175.3,,Orthodox,Welterweight,2008-12-10,2009-05-23,0,2,0,0,1434.2,Brandon Wolff,7,6,0,10
eaa9402e5a7990ad,Braxton Smith,1990-01-01,180.3,182.9,Orthodox,Heavyweight,2023-05-06,2023-05-06,0,1,0,0,1457.7,,,,,
2f181c0467965b98,Brendan Allen,1995-12-28,188.0,190.5,Orthodox,Middleweight,2019-10-18,2026-06-06,15,4,0,0,1795.2,Brendan Allen,27,7,0,15
b788862dd1c11eac,Brendan Loughnane,1989-12-05,177.8,177.8,Switch,Lightweight,2012-12-14,2012-12-14,0,1,0,0,1460.0,Brendan Loughnane,30,6,0,6
494b0bfdbac74502,Brendan O'Reilly,1987-06-24,170.2,175.3,Orthodox,Lightweight,2014-08-23,2016-12-03,1,3,0,0,1421.7,Brendan O'Reilly (fighter),6,3,0,6
89a407032911e27e,Brendan Schaub,1983-03-18,193.0,198.1,Orthodox,Heavyweight,2009-12-05,2014-12-06,6,5,0,0,1562.0,Brendan Schaub,10,5,0,4
d7fe8c6b7d2872e5,Brendon Marotte,1996-01-12,175.3,177.8,Orthodox,Featherweight,2023-10-14,2024-09-07,0,2,0,0,1429.2,,,,,
49edd0d90f60fb7d,Brendson Ribeiro,1996-09-08,190.5,205.7,Orthodox,Light Heavyweight,2024-02-17,2026-07-25,2,6,0,0,1388.2,,,,,
ec52462a1b41f714,Brett Johns,1992-02-21,170.2,180.3,Orthodox,Bantamweight,2016-11-19,2020-07-18,5,2,0,0,1619.5,Brett Johns,21,6,0,11
b26d3e3746fb4024,Brian Bowles,1980-06-22,170.2,177.8,Orthodox,Bantamweight,2011-03-03,2013-05-25,2,2,0,0,1481.9,Brian Bowles (fighter),10,3,0,9
1999ffb5cebc314f,Brian Camozzi,1991-06-24,188.0,198.1,Orthodox,Welterweight,2016-12-09,2018-02-18,0,3,0,0,1403.5,Brian Camozzi,7,5,0,9
3138fab619faf4d1,Brian Cobb,1980-09-03,180.3,,Orthodox,Lightweight,2009-02-21,2009-02-21,0,1,0,0,1460.9,,,,,
32ba186f4b0e3267,Brian Ebersole,1980-11-27,182.9,185.4,Southpaw,Welterweight,2011-02-26,2015-06-06,5,3,0,0,1551.5,Brian Ebersole,51,18,1,62
3dc3022232b79c7a,Brian Foster,1984-04-03,175.3,180.3,Orthodox,Welterweight,2009-09-19,2010-11-20,3,2,0,0,1550.3,Brian Foster (fighter),30,13,0,16
e4770d5ed44a3970,Brian Gassaway,1972-08-07,185.4,,Orthodox,Welterweight,2005-08-20,2005-08-20,0,1,0,0,1464.6,Brian Gassaway,29,20,2,38
15edcf67ccf5be84,Brian Geraghty,1980-11-04,170.2,,Orthodox,Lightweight,2007-06-23,2007-06-23,0,1,0,0,1456.0,,,,,
36fbaa49a09ff997,Brian Houston,1981-04-26,188.0,,Orthodox,Middleweight,2013-11-06,2014-01-15,0,2,0,0,1446.8,,,,,
1c3f5e85b59ec710,Brian Johnston,1968-07-28,190.5,,Orthodox,Heavyweight,1996-07-12,1997-07-27,2,4,0,0,1452.1,Brian Johnston (fighter),5,4,0,0
7be14eaed4c74856,Brian Kelleher,1986-08-19,167.6,167.6,Switch,Bantamweight,2017-06-03,2024-07-20,8,9,0,0,1438.0,Brian Kelleher,24,16,0,23
eee7dafac7d672b5,Brian Melancon,1982-05-28,172.7,,Orthodox,Welterweight,2013-07-06,2013-08-28,1,1,0,0,1505.2,Brian Melancon,7,3,0,8
def8166ff24bd237,Brian Ortega,1991-02-21,172.7,175.3,Switch,Featherweight,2014-07-26,2025-08-23,8,5,0,1,1675.2,Brian Ortega,16,5,0,8
579fcdfcabd23a7b,Brian Stann,1980-09-24,185.4,188.0,Orthodox,Light Heavyweight,2009-04-18,2013-03-02,6,5,0,0,1530.5,Brian Stann,12,6,0,7
b53c46f613f6f248,Brianna Fortino,1993-08-04,152.4,157.5,Southpaw,Women's Strawweight,2019-07-13,2020-06-20,1,1,0,0,1500.5,Brianna Fortino,9,3,0,10
a17322f99ddfd8e9,Bristol Marunde,1982-04-20,185.4,190.5,Orthodox,Welterweight,2013-04-13,2013-08-03,0,2,0,0,1424.6,Bristol Marunde,16,10,0,19
64959f90b6dd9759,Brock Jardine,1985-07-10,180.3,,Orthodox,Welterweight,2012-06-22,2013-02-23,0,2,0,0,1429.2,,,,,
5eedbf1e9601be35,Brock Larson,1977-08-23,180.3,180.3,Southpaw,Welterweight,2005-10-03,2009-11-21,3,3,0,0,1481.7,Brock Larson,42,10,0,12
513c6f1715e547a8,Brock Lesnar,1977-07-12,190.5,205.7,Orthodox,Heavyweight,2008-02-02,2016-07-09,4,3,0,1,1585.9,Brock Lesnar,5,3,0,1
91d73ee59347ac16,Brodie Farber,1980-07-05,185.4,,Orthodox,Welterweight,2008-07-19,2008-12-10,0,2,0,0,1424.3,Brodie Farber,17,7,0,16
4333a8e70a672eb7,Brogan Walker,1988-08-02,162.6,170.2,Switch,Women's Flyweight,2022-08-06,2025-10-04,0,3,0,0,1389.1,Brogan Walker,8,5,0,10
7c9f96f9a6a5cd50,Brok Weaver,1991-12-05,182.9,185.4,Southpaw,Lightweight,2020-02-15,2020-09-12,1,2,0,0,1461.1,Brok Weaver,17,6,0,18
7138a15258dabf20,Bruna Brasil,1993-09-07,167.6,165.1,Orthodox,Women's Strawweight,2023-04-15,2026-03-28,2,5,0,0,1413.3,,,,,
1e719d4b676dc19a,Brunno Ferreira,1992-11-04,177.8,182.9,Orthodox,Middleweight,2023-01-21,2026-09-19,6,5,0,0,1541.5,,,,,
6c011be66326ad97,Bruno Korea,1991-06-28,167.6,165.1,,Bantamweight,2015-11-07,2015-11-07,0,1,0,0,1460.0,,,,,
0abcf6bc47191219,Bruno Lopes,1993-04-24,188.0,188.0,Orthodox,Light Heavyweight,2025-01-11,2026-08-08,1,3,0,0,1437.8,,,,,
da1d8d76404bb6b5,Bruno Santos,1987-07-17,175.3,,Orthodox,Middleweight,2013-12-06,2014-10-04,1,2,0,0,1449.3,Bruno Santos,19,5,1,13
294aa73dbf37d281,Bruno Silva,1990-03-16,162.6,165.1,Orthodox,Flyweight,2019-10-05,2026-06-06,5,6,0,1,1505.4,,,,,
12ebd7d157e91701,Bruno Silva,1989-07-13,182.9,188.0,Orthodox,Middleweight,2021-06-19,2025-05-10,4,7,0,0,1407.5,Bruno Silva (fighter),23,13,0,24
0e5c4e72237461bb,Bruno Souza,1996-03-07,177.8,177.8,Orthodox,Featherweight,2021-11-06,2022-03-26,0,2,0,0,1427.5,,,,,
a331233f597090a5,Bryan Barberena,1989-05-03,182.9,182.9,Southpaw,Middleweight,2014-12-13,2024-03-16,9,10,0,0,1490.1,Bryan Barberena,18,12,0,11
f626118b6da0e020,Bryan Battle,1994-09-21,185.4,195.6,Orthodox,Welterweight,2021-08-28,2024-12-07,7,1,0,1,1680.5,Bryan Battle,13,3,0,6
5ef0088c1b19beeb,Bryan Caraway,1984-08-04,172.7,172.7,Orthodox,Bantamweight,2011-12-03,2018-11-30,6,4,0,0,1589.4,Bryan Caraway,21,9,0,20
d9c6f19f958643e9,Bryce Mitchell,1994-10-04,177.8,177.8,Southpaw,Bantamweight,2018-07-06,2026-06-06,10,3,0,0,1699.0,Bryce Mitchell,19,3,0,9
132505067f08c54d,Bubba Bush,1985-07-24,182.9,,Orthodox,Middleweight,2014-07-05,2015-10-24,0,1,0,1,1455.4,,,,,
b2a2da86546ddb19,Buddy Roberts,1982-10-17,188.0,,Orthodox,Middleweight,2012-06-08,2012-08-11,1,1,0,0,1514.1,,,,,
ecdf14f4f8643d39,Byron Bloodworth,1983-08-16,172.7,,Orthodox,Bantamweight,2011-10-01,2012-12-29,0,2,0,0,1433.1,,,,,
5d7bdab5e03e3216,CB Dollaway,1983-08-10,188.0,193.0,Orthodox,Middleweight,2008-06-21,2018-09-15,11,9,0,0,1553.8,C. B. Dollaway,17,10,0,6
979f7edbb6980b0d,CJ Fernandes,1977-11-13,188.0,,,Welterweight,2000-09-22,2000-09-22,0,0,1,0,1495.4,,,,,
c0eecd851dbf3146,CJ Keith,1986-08-09,182.9,,Orthodox,Lightweight,2012-06-22,2013-01-19,0,2,0,0,1425.5,,,,,
077e3ace32b72be9,CJ Vergara,1991-06-18,167.6,172.7,Orthodox,Flyweight,2021-11-06,2025-03-29,3,5,0,0,1404.3,,,,,
a8c9d16fe2a14d72,CM Punk,1978-10-26,185.4,185.4,Orthodox,Welterweight,2016-09-10,2018-06-09,0,1,0,1,1464.6,CM Punk,0,1,0,0
064b7dc68d786254,Cain Carrizosa,1986-07-22,172.7,,Orthodox,Lightweight,2014-08-30,2015-03-21,0,2,0,0,1417.5,,,,,
0ff11cc094e887bc,Cain Velasquez,1982-07-28,185.4,195.6,Orthodox,Heavyweight,2008-04-19,2019-02-17,12,3,0,0,1763.0,,,,,
4126a78111c0855a,Caio Borralho,1993-01-16,185.4,190.5,Southpaw,Middleweight,2022-04-16,2026-03-07,8,1,0,0,1745.4,Caio Borralho,16,2,0,12
89839250eb25c9c1,Caio Machado,1994-07-20,193.0,198.1,Southpaw,Light Heavyweight,2023-11-18,2024-11-02,0,3,0,0,1408.3,,,,,
0c5c66ddd1886b83,Caio Magalhaes,1987-12-14,185.4,185.4,Orthodox,Middleweight,2012-06-08,2016-09-10,4,3,0,0,1551.6,Caio Magalhães,10,7,0,5
de3ed2e152520c8d,Cal Worsham,1963-06-11,180.3,,Orthodox,,1995-07-14,1996-12-07,1,2,0,0,1462.4,,,,,
a0b91014e9d16a76,Cale Yarbrough,1986-12-27,185.4,,Orthodox,Middleweight,2008-07-19,2008-07-19,0,1,0,0,1460.0,,,,,
8fc9ae9c7527dfcb,Callan Potter,1984-06-09,182.9,182.9,Orthodox,Welterweight,2019-02-09,2020-02-22,1,2,0,0,1468.5,Callan Potter,18,9,0,24
751de04455cfaac0,Calvin Kattar,1988-03-26,180.3,182.9,Orthodox,Featherweight,2017-07-29,2025-07-12,7,8,0,0,1561.2,Calvin Kattar,23,10,0,18
34d4cae19105eb68,Cam Nelson,1998-07-28,180.3,182.9,Orthodox,Welterweight,2026-08-29,2026-08-29,1,0,0,0,1537.7,,,,,
8ebc3a8da015d70c,Cam Rowston,1995-01-19,190.5,198.1,Orthodox,Middleweight,2025-09-27,2026-05-02,3,0,0,0,1617.1,,,,,
3bbcd63a016d9715,Cameron Dollar,1987-05-12,180.3,,Orthodox,Lightweight,2009-06-20,2009-06-20,0,1,0,0,1451.0,,,,,
5f3da9a9610d8969,Cameron Else,1987-04-27,175.3,180.3,Switch,Bantamweight,2020-10-03,2022-04-23,0,2,0,0,1419.2,,,,,
3c8a5200436e19f3,Cameron Saaiman,2000-12-20,172.7,170.2,Southpaw,Bantamweight,2022-12-10,2025-04-26,3,3,0,0,1464.6,Cameron Saaiman,9,3,0,6
5c84f673b7bb7c15,Cameron Smotherman,1997-09-17,175.3,175.3,Orthodox,Bantamweight,2024-10-19,2026-05-30,1,3,0,0,1428.2,,,,,
87e2468b986ebb79,Cameron VanCamp,1993-04-27,188.0,188.0,Switch,Lightweight,2022-05-07,2022-09-17,0,2,0,0,1423.1,,,,,
eb1723480fa2f96c,Caol Uno,1975-05-08,170.2,177.8,Southpaw,Lightweight,2001-02-23,2010-03-31,3,5,2,0,1469.9,Caol Uno,35,24,5,15
42ac4020cba261ad,Caolan Loughran,1996-05-18,167.6,172.7,Orthodox,Bantamweight,2023-09-02,2025-03-22,2,2,0,0,1490.0,,,,,
914a897455693650,Carl Deaton,1989-11-24,170.2,175.3,Orthodox,Lightweight,2023-02-25,2023-07-15,0,2,0,0,1430.2,,,,,
d910665038efc639,Carla Esparza,1987-10-10,154.9,160.0,Orthodox,Women's Strawweight,2014-12-12,2024-10-05,10,6,0,0,1614.7,Carla Esparza,19,8,0,11
f1ab6f37492c630a,Carli Judice,1999-03-02,170.2,172.7,Southpaw,Women's Flyweight,2024-06-15,2026-08-22,4,1,0,0,1618.6,,,,,
198994b47f395af0,Carlo Pedersoli Jr.,1993-06-08,180.3,190.5,Southpaw,Welterweight,2018-05-27,2019-02-23,1,2,0,0,1454.8,Carlo Pedersoli Jr.,14,5,0,11
4f853e98886283cf,Carlo Prater,1981-06-25,180.3,182.9,Switch,Lightweight,2012-01-14,2012-10-05,1,2,0,0,1482.2,Carlo Prater,35,25,1,40
a220be6d41d6f97d,Carlos Barreto,1968-07-22,193.0,,Orthodox,Heavyweight,1997-10-17,1997-10-17,0,1,0,0,1458.8,Carlos Barreto (fighter),14,9,0,7
760a55d5b6098cbe,Carlos Candelario,1991-06-04,172.7,172.7,Southpaw,Flyweight,2022-05-14,2022-11-05,0,2,0,0,1419.8,,,,,
f9f07bb5a43535ed,Carlos Condit,1984-04-26,188.0,190.5,Orthodox,Welterweight,2009-04-01,2021-07-10,9,10,0,0,1566.9,Carlos Condit,32,14,0,26
4f736494fc733095,Carlos Eduardo Rocha,1981-07-12,177.8,185.4,Orthodox,Welterweight,2010-11-13,2012-06-08,1,2,0,0,1487.5,Carlos Eduardo Rocha,9,4,0,8
a2ea77e974c5889f,Carlos Felipe,1995-01-12,182.9,190.5,Orthodox,Heavyweight,2020-07-18,2021-10-16,3,2,0,0,1520.4,Carlos Felipe,13,7,0,8
798e48f9e7f6ba22,Carlos Hernandez,1993-10-25,172.7,170.2,Orthodox,Flyweight,2022-02-26,2025-05-17,3,4,0,0,1444.8,,,,,
225def29ecfe0fc1,Carlos Huachin,1996-06-04,162.6,170.2,Southpaw,Bantamweight,2019-05-11,2019-09-21,0,2,0,0,1439.6,,,,,
28d421729451c8ca,Carlos Leal,1994-05-04,180.3,188.0,Orthodox,Welterweight,2024-10-26,2026-02-21,2,2,0,0,1547.6,,,,,
b15862fcd6ded451,Carlos Mota,1995-04-15,162.6,175.3,Orthodox,Flyweight,2022-10-29,2022-10-29,0,1,0,0,1460.1,,,,,
952f6fa06f25a0ec,Carlos Newton,1976-08-17,175.3,,Orthodox,Welterweight,1998-05-15,2004-01-31,3,4,0,0,1500.8,Carlos Newton,16,14,0,4
7ee0fd831c0fe7c3,Carlos Prates,1993-08-17,185.4,198.1,Switch,Welterweight,2024-02-10,2026-05-02,7,1,0,0,1792.9,Carlos Prates,23,7,0,23
9014c02eff8b3d62,Carlos Ulberg,1990-11-07,193.0,195.6,Orthodox,Light Heavyweight,2021-03-06,2026-04-11,10,1,0,0,1835.2,Carlos Ulberg,14,1,0,4
07f959e6596307bb,Carlos Vera,1987-11-05,167.6,175.3,Orthodox,Bantamweight,2024-02-17,2025-03-15,1,1,0,0,1511.3,,,,,
2a4200ead401a9ce,Carls John De Tomas,1996-08-28,165.1,180.3,Southpaw,Bantamweight,2017-06-17,2017-12-09,0,2,0,0,1424.6,,,,,
a53d30163304aa6e,Carlston Harris,1987-07-09,182.9,193.0,Orthodox,Welterweight,2021-05-08,2026-05-30,4,4,0,0,1521.0,Carlston Harris,19,8,0,19
40d8b74488743800,Carlton Minus,1993-04-26,177.8,190.5,Orthodox,Welterweight,2020-08-22,2020-12-19,0,2,0,0,1424.9,,,,,
aa03a3ca00ac6827,Carmelo Marrero,1981-01-26,182.9,185.4,Orthodox,Light Heavyweight,2006-10-14,2009-04-01,1,3,0,0,1424.4,Carmelo Marrero,16,6,0,5
77ba5b2939c4018b,Carol Foro,1997-03-21,157.5,154.9,Orthodox,Women's Strawweight,2026-08-08,2026-08-08,1,0,0,0,1540.0,,,,,
01d2ed8c502e3828,Caros Fodor,1984-01-07,175.3,188.0,Orthodox,Lightweight,2013-02-23,2013-02-23,0,1,0,0,1481.9,Caros Fodor,11,6,0,9
e7bba7ce4d6c7b07,Casey Kenney,1991-03-20,170.2,172.7,Southpaw,Bantamweight,2019-03-30,2021-08-07,5,3,0,0,1620.3,Casey Kenney,16,4,1,13
04835018f90b118c,Casey O'Neill,1997-10-07,167.6,175.3,Orthodox,Women's Flyweight,2021-02-20,2026-09-19,7,2,0,0,1643.7,Casey O'Neill,12,2,0,5
3ecd936bd8814108,Cat Zingano,1982-07-01,167.6,172.7,Southpaw,Women's Featherweight,2013-04-13,2018-12-29,3,4,0,0,1504.3,Cat Zingano,14,5,0,7
99c7610aa74995d3,Cathal Pendred,1987-09-02,185.4,190.5,Orthodox,Welterweight,2014-07-19,2015-10-24,4,2,0,0,1552.1,Cathal Pendred,17,4,1,16
64d47ef881a437a4,Cesar Almeida,1988-03-28,185.4,188.0,Orthodox,Middleweight,2024-04-06,2026-07-11,3,3,0,0,1499.7,,,,,
49f78022126bf4a4,Cesar Arzamendia,1991-01-31,180.3,,Orthodox,Lightweight,2015-11-21,2016-07-30,0,2,0,0,1420.6,,,,,
e8efeb9cf33b1941,Cesar Marscucci,,,,,Lightweight,1998-10-16,1998-10-16,1,0,0,0,1540.0,,,,,
dbc17725b887860a,Cezar Ferreira,1985-02-15,185.4,198.1,Southpaw,Middleweight,2012-06-23,2019-07-13,9,6,0,0,1526.3,Cezar Ferreira,14,11,0,6
084532da3d25f3b8,Cezary Oleksiejczuk,2000-01-06,190.5,190.5,Southpaw,Middleweight,2025-12-13,2025-12-13,1,0,0,0,1550.1,,,,,
c7c39e2fb70248b3,Chad Anheliger,1986-12-01,167.6,162.6,Orthodox,Bantamweight,2022-02-19,2024-11-02,2,3,0,0,1449.7,,,,,
fdf18227faa596dd,Chad Griggs,1978-05-15,185.4,185.4,Orthodox,Light Heavyweight,2012-04-21,2012-11-17,0,2,0,0,1438.0,Chad Griggs,11,3,0,12
c03a5022f8439f2a,Chad Laprise,1986-07-23,177.8,180.3,Orthodox,Welterweight,2014-04-16,2018-12-08,6,4,0,0,1526.4,Chad Laprise,13,4,0,7
b5b684eac99ae0a3,Chad Mendes,1985-05-01,167.6,167.6,Orthodox,Featherweight,2011-02-05,2018-12-29,9,5,0,0,1663.5,Chad Mendes,18,5,0,9
d8022d5526b1d937,Chad Reiner,1981-06-29,180.3,,Orthodox,Welterweight,2007-01-25,2007-06-12,0,2,0,0,1432.5,,,,,
48d1f690b763934c,Chael Sonnen,1977-04-03,185.4,185.4,Southpaw,Light Heavyweight,2005-10-07,2013-11-16,7,7,0,0,1663.5,Chael Sonnen,31,17,1,21
c451d67c09c55418,Chan Sung Jung,1987-03-17,170.2,182.9,Orthodox,Featherweight,2011-03-26,2023-08-26,7,5,0,0,1666.1,The Korean Zombie,17,8,0,10
24174a3f44ce8e03,Chan-Mi Jeon,1997-08-28,165.1,,Orthodox,Women's Strawweight,2017-06-10,2017-09-22,0,2,0,0,1438.0,,,,,
1ddb480b601cefb1,Chance Rencountre,1986-12-31,188.0,190.5,Southpaw,Welterweight,2018-06-01,2019-11-02,2,2,0,0,1516.9,Chance Rencountre,16,5,0,14
117a06469813e4ef,ChangHo Lee,1994-05-09,172.7,175.3,Orthodox,Bantamweight,2024-06-22,2025-11-01,2,1,0,0,1505.0,,,,,
68b8ebdfce9dbb61,Charalampos Grigoriou,1992-03-31,170.2,170.2,Orthodox,Bantamweight,2024-03-16,2024-08-10,0,2,0,0,1410.7,,,,,
76ee3d666c648f6b,Charles Byrd,1983-10-11,177.8,185.4,Orthodox,Middleweight,2018-03-17,2020-06-06,1,3,0,0,1413.2,Charles Byrd (fighter),10,7,0,13
814e5233e2acf2ee,Charles Johnson,1991-01-10,175.3,177.8,Switch,Flyweight,2022-07-23,2026-08-15,9,7,0,0,1578.4,Charles Johnson (fighter),20,9,0,13
f1d64ae34e088832,Charles Jourdain,1995-11-27,175.3,175.3,Switch,Bantamweight,2019-05-18,2026-09-19,9,8,1,0,1620.1,Charles Jourdain,18,9,1,10
da97d6c97d09c030,Charles McCarthy,1980-08-06,177.8,180.3,Orthodox,Middleweight,2005-06-04,2008-04-19,1,2,0,0,1471.5,Charles McCarthy (fighter),10,5,0,10
07225ba28ae309b6,Charles Oliveira,1989-10-17,177.8,188.0,Orthodox,Lightweight,2010-08-01,2026-03-07,25,11,0,1,1927.7,Charles Oliveira,36,11,0,8
feedf3053472fe56,Charles Radtke,1990-07-09,175.3,182.9,Orthodox,Welterweight,2023-09-09,2026-04-11,5,2,0,0,1585.1,,,,,
40093d1d2d78394e,Charles Rosa,1986-08-24,175.3,175.3,Switch,Featherweight,2014-10-04,2022-07-23,5,8,0,0,1393.7,Charles Rosa,19,9,0,9
98f6da59d765ec94,Charlie Brenneman,1981-02-09,177.8,177.8,Orthodox,Lightweight,2010-03-31,2014-11-08,4,7,0,0,1394.9,Charlie Brenneman,19,8,0,12
b39f7a6c2be17ee8,Charlie Campbell,1995-07-03,182.9,182.9,Orthodox,Lightweight,2023-09-16,2025-09-27,2,1,0,0,1534.6,,,,,
318572f6f74b760d,Charlie Ontiveros,1991-07-04,188.0,188.0,Switch,Lightweight,2020-10-31,2022-08-13,0,3,0,0,1396.7,,,,,
8a0be41c0380188d,Charlie Valencia,1974-10-31,160.0,162.6,Orthodox,Bantamweight,2011-04-30,2011-04-30,0,1,0,0,1455.7,Charlie Valencia,12,7,0,18
e81dd0bb8a64b550,Charlie Ward,1980-12-17,180.3,,Orthodox,Welterweight,2016-11-19,2017-07-16,0,2,0,0,1424.6,Charlie Ward (fighter),10,7,0,4
4bd6b4800070b069,Chas Skelly,1985-05-11,180.3,182.9,Orthodox,Featherweight,2014-04-19,2022-02-19,8,3,0,1,1649.9,Chas Skelly,19,3,0,11
052ceb8976695342,Chase Gormley,1983-08-11,190.5,,Orthodox,Heavyweight,2009-10-24,2010-03-21,0,2,0,0,1420.6,Chase Gormley,14,9,0,6
971246648e162f0d,Chase Hooper,1999-09-13,185.4,188.0,Southpaw,Lightweight,2019-12-14,2026-07-18,9,5,0,0,1585.1,Chase Hooper,23,7,1,14
01b352b6a9074d5c,Chase Sherman,1989-11-16,193.0,198.1,Orthodox,Heavyweight,2016-08-06,2023-05-13,4,11,0,0,1349.6,Chase Sherman,18,14,0,10
6cadfd8f1d9e7685,Che Mills,1982-09-29,185.4,193.0,Orthodox,Welterweight,2011-11-05,2013-02-16,2,1,0,1,1547.6,Che Mills,16,10,0,18
1eacf73d6a0055dc,Cheick Kongo,1975-05-17,193.0,208.3,Orthodox,Heavyweight,2006-07-08,2013-04-27,11,6,1,0,1613.2,Cheick Kongo,31,12,2,10
af9efbfd63d39734,Chelsea Chandler,1990-11-23,172.7,172.7,Southpaw,Women's Bantamweight,2022-10-01,2026-06-06,3,3,0,0,1503.2,Chelsea Chandler,7,4,0,5
e0c6edcb5b5d0b90,Chepe Mariscal,1992-10-27,170.2,175.3,Orthodox,Featherweight,2023-06-24,2025-11-15,5,1,0,0,1625.0,,,,,
4959f10a62f3fec3,Cheyanne Vlismas,1995-06-25,160.0,160.0,Switch,Women's Strawweight,2021-03-20,2022-12-17,2,2,0,0,1495.2,Cheyanne Vlismas,7,3,0,6
32be4b7f7de1c905,Chico Camus,1985-01-26,167.6,167.6,Orthodox,Flyweight,2012-08-11,2015-09-26,3,4,0,1,1455.4,Chico Camus,18,8,0,14
c68c68efaa5ca6ef,Chidi Njokuani,1988-12-31,190.5,203.2,Orthodox,Welterweight,2022-02-05,2026-08-15,6,5,0,0,1568.4,Chidi Njokuani,25,12,0,28
4665cbf36b08193b,Chris Avila,1993-01-16,177.8,,Orthodox,Featherweight,2016-08-20,2016-11-05,0,2,0,0,1418.2,Chris Avila,8,10,0,7
7a5e8c94a86f9895,Chris Barnett,1986-06-14,175.3,190.5,Orthodox,Heavyweight,2021-05-22,2025-10-25,2,4,0,0,1430.8,Chris Barnett,23,10,0,27
55f446032177b119,Chris Beal,1985-08-06,170.2,175.3,Orthodox,Bantamweight,2014-04-26,2016-06-18,2,3,0,0,1456.2,Chris Beal,11,7,0,8
b19fc66613dc75b9,Chris Brennan,1971-10-12,172.7,,Orthodox,Welterweight,1998-03-13,2002-01-11,1,2,0,0,1460.0,Chris Brennan,21,14,1,5
6c2030e0a143a94b,Chris Camozzi,1986-11-20,188.0,190.5,Orthodox,Middleweight,2010-06-19,2017-05-28,9,10,0,0,1478.1,Chris Camozzi,27,15,0,15
b2e3aca4cd363477,Chris Cariaso,1981-05-27,160.0,162.6,Southpaw,Flyweight,2011-01-22,2015-10-03,7,6,0,0,1481.5,Chris Cariaso,17,8,0,12
e5ecaf884b6da2bc,Chris Clements,1976-02-09,177.8,177.8,Orthodox,Welterweight,2012-04-21,2015-04-25,2,2,0,1,1485.6,Chris Clements (fighter),12,6,0,14
41e77dc504a192c6,Chris Condo,,182.9,,Orthodox,Heavyweight,1999-05-07,1999-05-07,0,1,0,0,1460.0,,,,,
8c8c92a12621d7e0,Chris Cope,1983-03-05,182.9,182.9,Orthodox,Welterweight,2011-06-04,2012-02-04,1,2,0,0,1455.1,Chris Cope,8,4,0,5
5442f1bc4b47eaf3,Chris Curtis,1987-07-15,177.8,190.5,Orthodox,Welterweight,2021-11-06,2026-03-14,6,5,0,1,1546.9,Chris Curtis (fighter),32,13,0,33
d0aaedcf7ccd0b45,Chris Daukaus,1989-09-25,190.5,193.0,Orthodox,Light Heavyweight,2020-08-15,2023-08-12,4,4,0,0,1526.7,Chris Daukaus,12,8,0,11
dfae5da5676e4194,Chris Dempsey,1987-09-08,177.8,182.9,Orthodox,Middleweight,2014-07-19,2016-02-27,1,3,0,0,1409.5,Chris Dempsey,10,7,0,10
fd406a32a6fb3a29,Chris Duncan,1993-05-10,177.8,180.3,Orthodox,Lightweight,2023-03-18,2026-04-04,6,2,0,0,1629.0,Chris Duncan (fighter),15,3,0,10
bebb4ae55ac2bf6f,Chris Fishgold,1992-06-06,172.7,172.7,Orthodox,Featherweight,2018-10-27,2020-07-15,1,3,0,0,1436.7,Chris Fishgold,18,6,1,19
feaf00f3373435d6,Chris Gruetzemacher,1986-06-16,172.7,172.7,Orthodox,Lightweight,2015-12-11,2021-12-04,3,4,0,0,1489.2,Chris Gruetzemacher,15,5,0,13
45f0cc9d18f35137,Chris Gutierrez,1991-04-22,175.3,170.2,Orthodox,Bantamweight,2018-11-30,2025-10-04,10,4,1,0,1634.4,,,,,
5bd533d50c8e7b8a,Chris Haseman,1969-06-02,180.3,,Orthodox,Light Heavyweight,2002-07-13,2002-07-13,0,1,0,0,1475.0,Chris Haseman,20,17,0,31
bad8be5827ea1bf1,Chris Heatherly,1987-11-24,175.3,,Orthodox,Welterweight,2014-08-23,2014-11-15,0,2,0,0,1428.8,,,,,
fc60ecf0671b9489,Chris Holdsworth,1987-10-24,180.3,,,Bantamweight,2013-11-30,2014-05-24,2,0,0,0,1579.4,Chris Holdsworth,6,0,0,4
d5b7fac960e58920,Chris Indich,1987-04-22,177.8,,,Welterweight,2014-04-16,2014-06-28,0,2,0,0,1420.0,,,,,
56c9acc4e86046a2,Chris Kelades,1981-02-21,170.2,172.7,Orthodox,Flyweight,2014-10-04,2016-04-23,2,2,0,0,1487.4,Chris Kelades,15,5,0,8
d43a048a880efdff,Chris Leben,1980-07-21,180.3,185.4,Southpaw,Middleweight,2005-04-09,2013-12-28,12,10,0,0,1466.0,Chris Leben,22,11,0,12
0e31bfd26cc8c503,Chris Liguori,,175.3,,Orthodox,Middleweight,2003-11-21,2003-11-21,0,1,0,0,1454.7,,,,,
91acd6910b802a9e,Chris Lytle,1974-08-18,180.3,172.7,Orthodox,Welterweight,2000-11-17,2011-08-14,10,10,0,0,1628.3,Chris Lytle,31,18,5,13
06626b6287e1ae1e,Chris Padilla,1995-09-14,175.3,188.0,Orthodox,Lightweight,2024-04-27,2026-08-22,5,0,1,0,1659.4,,,,,
0597a4528ebd1307,Chris Price,1982-11-09,188.0,,Southpaw,Middleweight,2006-10-10,2007-01-25,0,2,0,0,1420.0,,,,,
29f935654825331b,Chris Sanford,1968-03-12,180.3,,Orthodox,Middleweight,2005-04-09,2005-04-09,0,1,0,0,1460.0,Chris Sanford,5,1,0,4
b35a159f525764eb,Chris Saunders,1986-03-11,172.7,,,Lightweight,2012-06-01,2012-06-01,0,1,0,0,1460.0,,,,,
411d012af19ecb59,Chris Spang,1987-11-26,188.0,,Orthodox,Welterweight,2013-04-06,2013-04-06,0,1,0,0,1460.0,,,,,
1d1b85389a05df69,Chris Tickle,1982-02-01,175.3,,,Lightweight,2012-06-01,2012-06-01,0,1,0,0,1460.0,,,,,
df05aa15b2d66f57,Chris Tuchscherer,1975-09-08,188.0,193.0,Orthodox,Heavyweight,2009-08-29,2011-02-26,1,3,0,0,1412.5,Chris Tuchscherer,21,4,0,22
c8097968da5e5f13,Chris Wade,1987-09-30,177.8,177.8,Orthodox,Lightweight,2014-08-30,2017-07-22,5,2,0,0,1578.1,Chris Wade (fighter),23,10,0,8
3a8176e15b9887c1,Chris Weidman,1984-06-17,188.0,198.1,Orthodox,Middleweight,2011-03-03,2024-12-07,12,8,0,0,1600.4,Chris Weidman,16,8,0,4
a56607a451e4c70d,Chris Wilson,1977-06-07,185.4,190.5,Orthodox,Welterweight,2008-03-01,2009-09-16,1,3,0,0,1458.6,Chris Wilson (fighter),18,10,0,20
e51ee8ded927fc51,Chris de la Rocha,1979-05-15,190.5,203.2,Orthodox,Heavyweight,2015-07-18,2018-12-15,1,3,0,0,1424.3,Chris de la Rocha,5,3,0,4
ae071698e1a3ccd4,Christian Aguilera,1991-11-25,175.3,182.9,Switch,Welterweight,2020-06-13,2021-05-08,1,2,0,0,1464.4,Christian Aguilera,14,8,0,19
9123c54d0a2b72dd,Christian Colombo,1980-07-01,195.6,,Orthodox,Heavyweight,2016-09-03,2017-10-28,0,2,1,0,1424.2,,,,,
f5d82eccdea4e2dd,Christian Edwards,1998-11-05,195.6,198.1,Southpaw,,2026-05-16,2026-05-16,0,1,0,0,1484.5,,,,,
a93f94c923c3a9cb,Christian Leroy Duncan,1995-07-24,188.0,200.7,Switch,Middleweight,2023-03-18,2026-07-18,8,2,0,0,1728.9,Christian Leroy Duncan,15,2,0,7
80779d7441af1b52,Christian Morecraft,1986-09-08,198.1,205.7,Orthodox,Heavyweight,2010-08-07,2012-01-20,1,3,0,0,1441.0,Christian Morecraft,8,3,0,6
5ec591b78349ba7e,Christian Rodriguez,1997-12-17,170.2,180.3,Orthodox,Featherweight,2022-02-19,2026-06-20,6,4,0,0,1568.0,,,,,
f1b2a4365799c48b,Christian Wellisch,1975-09-13,188.0,195.6,Orthodox,Light Heavyweight,2006-08-26,2009-01-31,2,3,0,0,1480.5,Christian Wellisch,8,5,0,8
c7be22a47a58365a,Christina Marks,1985-11-08,170.2,175.3,Orthodox,Women's Flyweight,2017-12-01,2017-12-01,0,1,0,0,1460.0,,,,,
7269329bd87eb479,Christophe Leninger,,182.9,,Southpaw,Lightweight,1994-09-09,1997-05-30,0,2,0,0,1437.3,,,,,
de45aaae23dfa392,Christos Giagos,1990-01-23,177.8,180.3,Orthodox,Lightweight,2014-10-25,2024-04-06,6,8,0,0,1459.8,Christos Giagos,20,12,0,12
a390eb8a9b2df298,Chuck Liddell,1969-12-17,188.0,193.0,Orthodox,Light Heavyweight,1998-05-15,2010-06-12,16,7,0,0,1634.5,Chuck Liddell,21,9,0,0
56bc9ccb609df534,Chuck O'Neil,1985-09-22,188.0,,,Welterweight,2011-06-04,2011-06-04,0,1,0,0,1460.0,,,,,
9eef6584fab21fbb,Cindy Dandois,1984-10-26,170.2,,Orthodox,Women's Bantamweight,2017-04-22,2017-04-22,0,1,0,0,1464.9,Cindy Dandois,17,7,0,10
787bb1f087ccff8a,Ciryl Gane,1990-04-12,193.0,205.7,Orthodox,Heavyweight,2019-08-10,2026-06-14,11,2,0,1,1865.1,Ciryl Gane,14,2,0,3
56116a79e4deed06,Claude Patrick,1980-06-14,180.3,190.5,Orthodox,Welterweight,2010-06-12,2011-12-10,3,1,0,0,1594.2,Claude Patrick,14,2,0,12
ec34349e7dffcde7,Claudia Gadelha,1988-12-07,162.6,160.0,Orthodox,Women's Strawweight,2014-07-16,2020-11-07,7,5,0,0,1565.5,Cláudia Gadelha,18,5,0,11
d747eb273a40a920,Claudio Puelles,1996-04-21,177.8,182.9,Southpaw,Lightweight,2016-11-05,2025-09-13,5,4,0,0,1561.1,Claudio Puelles,12,5,0,8
972c456ff38b2015,Claudio Ribeiro,1992-07-17,185.4,195.6,Orthodox,Middleweight,2023-01-14,2024-03-02,1,3,0,0,1429.6,,,,,
6f7c616b98e18c29,Claudio Silva,1982-09-06,180.3,180.3,Southpaw,Welterweight,2014-03-08,2022-07-23,5,3,0,0,1522.6,,,,,
cc900c6a71ed23f3,Clay Collard,1993-03-10,180.3,185.4,Orthodox,Featherweight,2014-08-23,2015-09-05,1,3,0,0,1456.4,Clay Collard,25,15,0,18
c47df9303d318c67,Clay Guida,1981-12-08,170.2,177.8,Orthodox,Lightweight,2006-10-14,2024-12-07,18,19,0,0,1459.2,Clay Guida,38,24,0,24
83a477a7dba1ca58,Clay Harvison,1980-09-25,185.4,188.0,Orthodox,Welterweight,2011-06-04,2011-11-12,1,2,0,0,1437.3,Clay Harvison,14,9,0,10
b62d5280966b2460,Clayton Carpenter,1996-06-09,167.6,167.6,Orthodox,Flyweight,2023-02-18,2026-05-09,2,3,0,0,1450.9,,,,,
5abf827d62f98fee,Clifford Starks,1981-04-25,182.9,198.1,Orthodox,Middleweight,2011-10-29,2013-04-20,1,2,0,0,1464.9,Clifford Starks,14,5,0,7
92b62174c175ce19,Clint Hester,1986-11-21,188.0,195.6,Orthodox,Light Heavyweight,2013-04-13,2016-04-23,4,3,0,0,1491.8,Clint Hester,11,6,0,10
f14f644d41ade29f,Cody Brundage,1994-05-16,182.9,182.9,Orthodox,Middleweight,2021-09-25,2026-05-16,6,8,1,1,1502.5,Cody Brundage,12,9,1,7
7bc96507e4b38d3b,Cody Donovan,1981-02-20,190.5,188.0,Orthodox,Light Heavyweight,2012-12-14,2014-07-19,1,3,0,0,1413.4,Cody Donovan,8,5,0,9
7f6ed67d3ed3c036,Cody Durden,1991-03-29,170.2,170.2,Southpaw,Flyweight,2020-08-01,2026-07-11,7,9,1,0,1436.7,Cody Durden,18,11,1,13
5713c1d2fac539ac,Cody East,1988-06-29,190.5,,Orthodox,Heavyweight,2016-04-23,2016-10-01,0,2,0,0,1409.9,,,,,
d8c7c61b176e3994,Cody Garbrandt,1991-07-07,172.7,165.1,Orthodox,Bantamweight,2015-01-03,2026-07-11,10,8,0,0,1565.9,Cody Garbrandt,15,8,0,5
700a674c042b7a96,Cody Gibson,1987-09-11,177.8,180.3,Orthodox,Bantamweight,2014-02-22,2026-07-25,3,8,0,0,1372.4,Cody Gibson,21,13,0,14
8e6654e9f0461b8f,Cody Haddon,1998-09-08,170.2,175.3,Orthodox,Bantamweight,2024-10-12,2026-05-30,2,0,0,0,1573.6,,,,,
7be63795363029e8,Cody McKenzie,1987-12-16,182.9,182.9,Switch,Lightweight,2010-12-04,2013-12-14,3,4,0,0,1457.2,Cody McKenzie,16,11,0,11
5904b0b38dc6718d,Cody Pfister,1990-07-12,177.8,185.4,Orthodox,Lightweight,2015-02-14,2016-07-13,1,3,0,0,1427.2,Cody Pfister,17,12,1,15
bf7ad5628363eec9,Cody Stamann,1989-11-09,167.6,162.6,Orthodox,Bantamweight,2017-07-08,2024-11-09,7,7,1,0,1467.3,Cody Stamann,22,8,1,15
dc9572dd6ec74859,Colby Covington,1988-02-22,180.3,182.9,Orthodox,Welterweight,2014-08-23,2024-12-14,12,5,0,0,1767.1,Colby Covington,17,5,0,5
ed7d329d7c29428d,Colby Thicknesse,1999-06-23,170.2,175.3,Orthodox,Bantamweight,2025-02-08,2026-05-02,2,1,0,0,1526.4,,,,,
5df17b3620145578,Cole Escovedo,1981-08-30,170.2,182.9,Orthodox,Bantamweight,2011-05-28,2011-11-12,0,3,0,0,1382.8,Cole Escovedo,17,9,0,23
282fa667ff9c51ed,Cole Miller,1984-04-26,185.4,185.4,Orthodox,Featherweight,2007-06-23,2016-12-17,10,9,0,1,1460.9,Cole Miller,21,11,0,13
56709e66f1c6008f,Cole Smith,1989-04-05,180.3,170.2,Orthodox,Bantamweight,2019-05-04,2020-09-05,1,2,0,0,1479.1,Cole Smith (fighter),7,3,0,6
f9a20a17d712ef7c,Cole Williams,1983-12-15,182.9,185.4,Orthodox,Welterweight,2019-08-03,2020-10-31,0,2,0,0,1433.9,,,,,
7d09200f6a77b20e,Colin Fletcher,1983-01-08,188.0,,Orthodox,Lightweight,2012-12-14,2013-03-16,0,2,0,0,1420.0,,,,,
1a1a4d7a29041d77,Colin Robinson,1968-11-27,193.0,,Orthodox,Heavyweight,2007-06-16,2008-01-19,0,2,0,0,1420.4,,,,,
047a91d3d9c79b05,Collin Anglin,1993-02-20,175.3,180.3,Orthodox,Featherweight,2021-07-31,2021-11-13,0,2,0,0,1424.5,,,,,
16bf6a73bdd302cd,Collin Hart,1989-10-12,185.4,,Orthodox,Middleweight,2013-04-13,2013-04-13,0,1,0,0,1460.0,,,,,
2e25c1d983c26311,Colton Smith,1987-08-14,182.9,180.3,Orthodox,Lightweight,2012-12-15,2014-06-28,1,3,0,0,1427.7,Colton Smith (fighter),7,5,0,3
36e78278a77006d4,Connor Matthews,1992-05-31,172.7,180.3,Switch,Featherweight,2024-03-30,2025-05-17,0,3,0,0,1386.8,,,,,
f4c49976c75c5ab2,Conor McGregor,1988-07-14,175.3,188.0,Southpaw,Welterweight,2013-04-06,2026-07-11,10,5,0,0,1703.8,Conor McGregor,22,7,0,14
05560764359161e4,Constantinos Philippou,1979-11-29,180.3,185.4,Orthodox,Middleweight,2011-03-19,2015-05-16,6,4,0,0,1552.2,Costas Philippou,13,5,0,9
5e4eec08896c9423,Corey Anderson,1989-09-22,190.5,200.7,Orthodox,Light Heavyweight,2014-07-06,2020-02-15,10,5,0,0,1686.5,Corey Anderson (fighter),20,6,0,3
abbc737317f66b81,Corey Hill,1978-10-03,193.0,203.2,Orthodox,Lightweight,2008-01-23,2008-12-10,1,2,0,0,1444.3,Corey Hill,6,9,0,1
8173f134396cb971,Cortavious Romious,1994-01-06,162.6,172.7,Southpaw,Bantamweight,2024-11-09,2025-04-05,0,2,0,0,1425.9,,,,,
5f179af5fffeb9f6,Cortney Casey,1987-05-05,170.2,170.2,Orthodox,Women's Flyweight,2015-07-18,2022-07-09,6,9,0,0,1474.9,Cortney Casey,10,10,0,5
9ab9912e0f8fa6d6,Cory Hendricks,1988-05-10,190.5,,Switch,Light Heavyweight,2016-07-08,2016-07-08,0,1,0,0,1480.0,,,,,
3351aa64aa83c4d9,Cory McKenna,1999-07-11,160.0,147.3,Orthodox,Women's Strawweight,2020-11-14,2024-10-12,3,3,0,0,1514.6,Cory McKenna,8,4,0,6
65f09bacd3957381,Cory Sandhagen,1992-04-20,180.3,177.8,Switch,Bantamweight,2018-01-27,2026-07-11,11,6,0,0,1717.2,Cory Sandhagen,18,7,0,8
83c6c3e0f8bde8ee,Cory Walmsley,,182.9,,Orthodox,Light Heavyweight,2006-08-26,2006-08-26,0,1,0,0,1460.0,Cory Walmsley,8,2,0,9
523fa774700d7d3f,Court McGee,1984-12-12,180.3,190.5,Orthodox,Welterweight,2010-06-19,2025-06-14,11,13,0,0,1480.0,Court McGee,22,14,0,12
56f4b81ec4db61af,Courtney Turner,,188.0,,,Lightweight,1998-03-13,1998-03-13,0,1,0,0,1455.4,,,,,
bf41b5131545da12,Crafton Wallace,1975-11-10,182.9,,Orthodox,Middleweight,2006-08-17,2006-10-10,0,2,0,0,1433.5,,,,,
3dd949593346dbc3,Craig White,1990-07-01,188.0,193.0,Orthodox,Welterweight,2018-05-27,2018-09-08,0,2,0,0,1448.6,,,,,
7debc13b36343605,Cristian Quinonez,1996-04-26,172.7,177.8,Orthodox,Bantamweight,2022-09-03,2026-02-28,2,2,0,0,1498.0,,,,,
634bb0de2eb043b4,Cristiane Justino,1985-07-09,172.7,172.7,Orthodox,Women's Featherweight,2016-05-14,2019-07-27,6,1,0,0,1663.6,Cris Cyborg,30,2,0,17
ff4c3ab594c7fac3,Cristiano Marcello,1977-12-03,175.3,182.9,Orthodox,Lightweight,2012-06-01,2014-02-15,1,3,0,0,1412.4,Cristiano Marcello,13,6,0,15
175852708cb55776,Cristina Stanciu,1994-03-29,160.0,,Orthodox,Women's Strawweight,2016-04-10,2016-07-13,0,2,0,0,1415.9,,,,,
d247691a6c0e9034,Cub Swanson,1983-11-02,172.7,177.8,Orthodox,Featherweight,2011-11-12,2026-04-11,16,10,0,0,1677.8,Cub Swanson,30,14,0,19
d4f364dd076bb0e2,Cung Le,1972-05-25,175.3,177.8,Southpaw,Middleweight,2011-11-19,2014-08-23,2,2,0,0,1531.5,Cung Le,9,3,0,8
2721bb808bb2523c,Curt Warburton,,182.9,185.4,Orthodox,Lightweight,2010-10-16,2011-06-26,1,2,0,0,1479.7,Curt Warburton,14,6,0,7
fa6796c55d6c5440,Curtis Blaydes,1991-02-18,193.0,203.2,Orthodox,Heavyweight,2016-04-10,2026-09-12,15,6,0,1,1753.0,Curtis Blaydes,20,6,0,5
f1928a52590c5532,Curtis Millender,1987-12-01,188.0,193.0,Orthodox,Welterweight,2018-02-18,2019-04-13,3,2,0,0,1556.5,Curtis Millender,22,13,0,17
e09dbbd5fe3f0fe2,Curtis Stout,1973-11-07,185.4,,Southpaw,Middleweight,2001-02-23,2004-06-19,0,2,0,0,1424.6,,,,,
98215d037be5bcb7,Cynthia Calvillo,1987-07-13,162.6,162.6,Orthodox,Women's Strawweight,2017-03-04,2023-04-08,6,6,1,0,1498.4,Cynthia Calvillo,10,6,1,3
9be6020024133293,Cyril Asker,1985-12-24,182.9,188.0,Orthodox,Heavyweight,2016-04-10,2018-02-10,2,3,0,0,1462.7,Cyril Asker,9,4,0,8
43563a32c3f10e95,Cyrille Diabate,1973-10-06,198.1,205.7,Southpaw,Light Heavyweight,2010-05-29,2014-03-08,4,4,0,0,1456.8,Cyrille Diabaté,19,10,1,22
74f9448b97bf8bec,Da Woon Jung,1993-12-07,193.0,198.1,Orthodox,Light Heavyweight,2019-08-31,2024-09-28,4,4,1,0,1480.7,Da Woon Jung,15,7,1,13
da22387a0407a2dc,Da'Mon Blackshear,1994-08-12,177.8,182.9,Switch,Bantamweight,2022-08-13,2025-07-26,5,4,1,0,1567.1,,,,,
322a56923b396b4d,DaMarques Johnson,1982-06-28,185.4,190.5,Orthodox,Welterweight,2009-06-20,2012-09-29,4,6,0,0,1441.4,DaMarques Johnson,16,15,0,18
5140122c3eecd307,Daichi Abe,1991-11-27,180.3,180.3,Orthodox,Welterweight,2017-09-22,2018-06-23,1,2,0,0,1463.0,Daichi Abe,14,11,0,5
4f74c8be51db8a37,Daiju Takase,1978-04-20,182.9,,Southpaw,Welterweight,1999-07-16,2000-12-16,0,3,0,0,1394.8,Daiju Takase,12,15,2,2
3033c1c080672475,Dakota Bush,1994-06-09,177.8,185.4,Orthodox,Lightweight,2021-04-17,2022-01-15,0,2,0,0,1422.6,,,,,
6142edbd477d20c9,Dakota Hope,1997-01-29,167.6,172.7,,Lightweight,2026-04-04,2026-04-04,0,1,0,0,1478.2,,,,,
ce632027bf2a871b,Dalcha Lungiambula,1987-07-31,172.7,193.0,Orthodox,Middleweight,2019-06-29,2022-12-10,2,5,0,0,1383.8,Dalcha Lungiambula,11,6,0,10
058e4e08a1ad8aba,Dale Hartt,1979-04-04,177.8,175.3,Orthodox,Lightweight,2008-07-19,2009-06-13,1,2,0,0,1459.4,Dale Hartt,6,3,0,5
c96e2ae6021144a1,Damacio Page,1982-09-30,167.6,167.6,Orthodox,Bantamweight,2011-03-03,2012-07-11,0,3,0,0,1383.5,Damacio Page,19,10,0,20
3f11b5d4bd76a6d9,Damian Grabowski,1980-05-12,185.4,190.5,Orthodox,Heavyweight,2016-02-06,2017-07-22,0,3,0,0,1391.5,Damian Grabowski,22,5,0,22
fdd22e895a70e4a8,Damian Pinas,2002-03-12,185.4,200.7,Orthodox,Middleweight,2026-02-28,2026-07-11,2,0,0,0,1580.0,,,,,
99223fbb4a05326b,Damian Rzepecki,2001-11-23,177.8,180.3,Orthodox,Lightweight,2026-07-25,2026-07-25,0,1,0,0,1460.0,Damian Rzepecki,10,1,0,10
42a7e90605df3c8a,Damian Stasiak,1990-02-20,165.1,177.8,Orthodox,Bantamweight,2015-04-11,2018-07-22,2,4,0,0,1430.4,Damian Stasiak,15,10,0,6
df619b9a86ce0a9a,Damien Anderson,1997-01-04,172.7,175.3,Southpaw,Featherweight,2026-07-18,2026-07-18,0,1,0,0,1460.0,,,,,
d024ed963e8bf7ea,Damien Brown,1984-12-25,177.8,172.7,Orthodox,Lightweight,2016-03-19,2018-02-10,2,4,0,0,1448.5,Damien Brown (fighter),19,13,0,23
38c626ca912c7bac,Damir Hadzovic,1986-08-08,175.3,177.8,Orthodox,Lightweight,2016-04-10,2025-02-01,4,6,0,0,1445.9,Damir Hadžović,14,8,0,12
135d124172a0bea3,Damir Ismagulov,1991-02-03,177.8,188.0,Orthodox,Lightweight,2018-12-01,2023-07-01,5,2,0,0,1582.5,Damir Ismagulov,27,3,0,18
29af297d9f1de0f8,Damon Jackson,1988-08-08,180.3,180.3,Switch,Lightweight,2014-08-30,2024-11-16,6,6,1,1,1500.3,Damon Jackson,23,9,1,9
e4ba58725825412d,Dan Argueta,1993-08-13,170.2,172.7,Southpaw,Bantamweight,2022-06-04,2024-10-12,1,3,0,2,1433.1,,,,,
f12f979b657ab876,Dan Barrera,1980-12-23,175.3,,Orthodox,Welterweight,2007-12-08,2007-12-08,0,1,0,0,1460.0,,,,,
f348d05403fad037,Dan Bobish,1970-01-26,188.0,,Southpaw,Heavyweight,1997-07-27,1997-07-27,1,1,0,0,1504.2,Dan Bobish,17,9,0,6
b369533a577fa97c,Dan Christison,1972-04-26,203.2,,Orthodox,Heavyweight,2006-04-06,2006-07-08,1,1,0,0,1506.5,Dan Christison,20,7,0,10
480b702debcb5433,Dan Cramer,1985-10-31,188.0,,Orthodox,Welterweight,2009-01-31,2009-08-08,1,1,0,0,1486.1,Dan Cramer,11,4,0,0
dd8aec6de7035943,Dan Evensen,1974-06-01,190.5,,Orthodox,Heavyweight,2008-08-09,2008-12-27,0,2,0,0,1431.5,Dan Evensen,11,4,0,12
473ce3aa581251a2,Dan Hardy,1982-05-17,182.9,188.0,Orthodox,Welterweight,2008-10-18,2012-09-29,6,4,0,0,1591.9,Dan Hardy,25,10,0,26
1ccf4e7caff270df,Dan Henderson,1970-08-24,180.3,188.0,Orthodox,Middleweight,1998-05-15,2016-10-08,9,9,0,0,1599.9,Dan Henderson,32,15,0,1
193b9d1858bc4df3,Dan Hooker,1990-02-13,182.9,190.5,Switch,Lightweight,2014-06-28,2026-09-05,14,11,0,0,1583.5,Dan Hooker,24,15,0,14
82a5152216251682,Dan Ige,1991-08-06,170.2,180.3,Orthodox,Bantamweight,2018-01-20,2026-09-12,11,11,0,0,1510.9,Dan Ige,19,12,0,9
4c8d6fde2dde07c4,Dan Lauzon,1988-03-30,177.8,,Orthodox,Lightweight,2006-10-14,2010-05-29,0,3,0,0,1410.8,Dan Lauzon,17,6,0,4
d0c29452d3272603,Dan Miller,1981-06-30,185.4,188.0,Orthodox,Middleweight,2008-09-17,2015-07-12,6,7,0,0,1441.5,Dan Miller (fighter),14,8,0,10
66e98b3bb5fc5250,Dan Moret,1986-11-21,182.9,185.4,Southpaw,Lightweight,2018-04-14,2019-06-29,0,3,0,0,1393.7,,,,,
c670aa48827d6be6,Dan Severn,1958-06-08,188.0,,Southpaw,Heavyweight,1994-12-16,2000-09-22,9,4,0,0,1626.3,Dan Severn,101,19,7,0
cc3147b49c7d7d92,Dan Stittgen,1980-11-17,185.4,,Orthodox,Welterweight,2012-02-04,2012-07-11,0,2,0,0,1442.3,,,,,
e8fe9c15d348e778,Daniel Barez,1988-12-10,167.6,167.6,Orthodox,Flyweight,2023-07-22,2026-05-16,1,3,0,0,1421.3,,,,,
d967f0128c323de6,Daniel Cormier,1979-03-20,180.3,182.9,Orthodox,Heavyweight,2013-04-20,2020-08-15,11,3,0,1,1825.5,Daniel Cormier,22,3,1,11
7cec3c4a5e7b6d68,Daniel Frunza,1994-04-13,185.4,185.4,Orthodox,Welterweight,2025-04-05,2025-11-01,0,2,0,0,1416.7,,,,,
eeabcd4dc6619129,Daniel Jolly,1984-09-03,185.4,190.5,Orthodox,Light Heavyweight,2015-08-23,2017-02-04,0,2,0,0,1415.9,,,,,
bdcbb976816fd256,Daniel Kelly,1977-10-31,182.9,177.8,Southpaw,Middleweight,2014-11-07,2018-05-27,6,4,0,0,1538.4,,,,,
31bb0772f21cabd8,Daniel Lacerda,1996-06-05,167.6,177.8,Switch,Flyweight,2021-10-23,2024-02-24,0,5,0,1,1331.2,,,,,
850266b3dc4e506e,Daniel Marcos,1993-03-07,170.2,175.3,Orthodox,Bantamweight,2023-01-21,2025-11-08,5,1,0,1,1627.9,Daniel Marcos,19,1,0,13
470fedbc8563ac47,Daniel Omielanczuk,1982-08-31,182.9,188.0,Southpaw,Heavyweight,2013-09-21,2017-07-08,4,5,0,0,1454.5,Daniel Omielańczuk,25,14,1,17
361d49960a196976,Daniel Pineda,1985-08-06,170.2,175.3,Orthodox,Featherweight,2012-01-20,2024-10-19,5,8,0,1,1439.9,Daniel Pineda (fighter),28,17,0,22
22edaf53ad59a967,Daniel Roberts,1980-08-05,177.8,188.0,Southpaw,Welterweight,2010-03-21,2012-01-20,3,4,0,0,1457.9,Daniel Roberts (fighter),15,7,0,9
8a1f3b5c526cd6e6,Daniel Rodriguez,1986-12-31,185.4,188.0,Southpaw,Welterweight,2020-02-15,2026-08-01,10,5,0,0,1652.6,Daniel Rodriguez (fighter),20,6,0,11
b67d6bacc68d4c92,Daniel Santos,1995-03-12,170.2,170.2,Orthodox,Featherweight,2022-04-09,2026-05-16,4,2,0,0,1580.2,,,,,
7e47047d0971d566,Daniel Sarafian,1982-08-21,175.3,185.4,Orthodox,Middleweight,2013-01-19,2016-02-21,2,4,0,0,1469.3,Daniel Sarafian,11,6,0,9
f86cb5f25d545e0e,Daniel Spitz,1990-07-31,200.7,208.3,Orthodox,Heavyweight,2017-03-04,2019-10-18,1,3,0,0,1415.8,Daniel Spitz,6,3,0,5
87f3bbf52e6c9dc9,Daniel Spohn,1984-10-12,193.0,200.7,Southpaw,Light Heavyweight,2014-07-06,2014-07-06,0,1,0,0,1460.0,Daniel Spohn,19,9,1,11
fbf0537e420e698e,Daniel Teymur,1988-02-03,165.1,175.3,Orthodox,Featherweight,2017-07-16,2019-12-14,1,4,0,0,1411.4,Daniel Teymur,7,3,0,6
4148802ae4a50768,Daniel Zellhuber,1999-07-07,185.4,195.6,Switch,Lightweight,2022-09-17,2026-02-28,3,4,0,0,1490.5,Daniel Zellhuber,15,4,0,12
b76c6268dc1d3c05,Danielle Taylor,1989-10-25,152.4,152.4,Orthodox,Women's Strawweight,2016-08-06,2018-08-04,2,3,0,0,1453.0,Danielle Taylor (fighter),11,9,0,8
70dd69b6a703257e,Daniil Donchenko,2001-08-04,180.3,180.3,Orthodox,Welterweight,2025-09-13,2026-09-05,4,0,0,0,1651.3,,,,,
fd87b1bbfcde9d5e,Danillo Villefort,1983-05-08,185.4,,Orthodox,Welterweight,2009-08-08,2009-08-08,0,1,0,0,1460.0,Danillo Villefort,15,6,0,11
c3f6db17cea09ca7,Danilo Belluardo,1994-07-21,182.9,188.0,Southpaw,Lightweight,2019-06-01,2019-09-28,0,2,0,0,1421.0,,,,,
687c15b2eddfaa63,Danilo Marques,1985-12-26,198.1,195.6,Orthodox,Light Heavyweight,2020-09-26,2022-02-05,2,2,0,0,1477.5,Danilo Marques,15,6,0,11
15df64c02b6b0fde,Danny Abbadi,1983-07-03,180.3,,Orthodox,Lightweight,2006-06-24,2006-09-23,0,2,0,0,1440.4,,,,,
b7c5eb7cdbac6a63,Danny Barlow,1995-08-02,188.0,200.7,Southpaw,Middleweight,2024-02-17,2025-10-18,2,2,0,0,1467.5,,,,,
d1e7fc58d4225cdf,Danny Castillo,1979-08-25,175.3,180.3,Orthodox,Lightweight,2011-03-03,2015-12-19,7,7,0,0,1532.6,Danny Castillo,17,10,0,13
0de720c0f1d4ab9c,Danny Chavez,1987-03-14,172.7,170.2,Orthodox,Featherweight,2020-08-15,2022-06-18,1,2,1,0,1461.4,Danny Chavez,12,5,1,13
a66395395b5f1394,Danny Downes,1986-04-08,182.9,182.9,Orthodox,Lightweight,2011-06-04,2011-10-29,0,2,0,0,1427.3,Danny Downes,8,3,0,9
f7d73e452b064bf2,Danny Henry,1988-07-17,182.9,185.4,Orthodox,Featherweight,2017-07-16,2020-07-11,2,2,0,0,1497.5,Danny Henry,12,4,0,12
8a9c6c4301f6d088,Danny Martinez,1985-06-14,167.6,170.2,Orthodox,Flyweight,2014-02-01,2015-11-14,1,3,0,0,1436.1,Danny Martinez,21,9,0,22
c06d554ce1713fd3,Danny Mitchell,1986-08-08,188.0,,Orthodox,Welterweight,2014-03-08,2014-08-23,0,2,0,0,1427.2,Danny Mitchell (fighter),20,9,1,20
a6cba6bb66c1a8c9,Danny Roberts,1987-07-14,185.4,188.0,Southpaw,Welterweight,2015-12-10,2023-07-22,7,7,0,0,1461.3,Danny Roberts (fighter),18,9,0,11
d964a59c48381cb6,Danny Silva,1997-01-30,170.2,175.3,Switch,Featherweight,2024-03-16,2026-03-21,3,1,0,0,1540.8,,,,,
288aaa8f82040e02,Dante Rivera,1974-12-08,185.4,,Southpaw,Middleweight,2008-06-21,2008-06-21,0,1,0,0,1460.0,Dante Rivera,16,7,0,14
a7e3f02fe2b2fe30,Danyelle Wolf,1983-09-08,180.3,177.8,Orthodox,Women's Featherweight,2022-09-10,2022-09-10,0,1,0,0,1466.0,,,,,
07047eb7d17fb0a2,Daria Zhelezniakova,1996-01-23,175.3,172.7,Orthodox,Women's Bantamweight,2024-03-23,2026-04-18,2,2,0,0,1504.9,,,,,
326a001926ffb7ec,Darian Weeks,1993-11-23,180.3,182.9,Orthodox,Welterweight,2021-12-04,2022-09-10,0,3,0,0,1413.0,,,,,
025f0b1b58fbad01,Darko Stosic,1992-02-09,182.9,193.0,Orthodox,Light Heavyweight,2018-07-22,2020-01-25,1,3,0,0,1413.8,Darko Stošić,24,8,0,13
5f99b2bafb10305f,Daron Cruickshank,1985-06-11,172.7,182.9,Switch,Lightweight,2012-06-01,2016-01-17,6,6,0,1,1454.7,Daron Cruickshank,23,14,0,12
a24e080000fa7a35,Darrel Gholar,1962-11-07,172.7,,Orthodox,Middleweight,1999-01-08,1999-01-08,0,1,0,0,1460.0,,,,,
18e8b7070228e728,Darrell Horcher,1987-07-28,177.8,177.8,Southpaw,Lightweight,2016-04-16,2018-11-30,1,3,0,0,1428.0,Darrell Horcher,14,8,0,13
bffeb123b21c9aad,Darrell Montague,1987-11-03,167.6,170.2,Southpaw,Flyweight,2013-10-19,2015-07-12,0,3,0,0,1398.6,Darrell Montague,13,5,0,15
92a9aa9c93192871,Darren Elkins,1984-05-16,177.8,180.3,Orthodox,Featherweight,2010-03-21,2026-08-08,19,12,0,0,1536.1,Darren Elkins,29,13,0,11
a17ad5a5048e8c3f,Darren Stewart,1990-12-30,182.9,188.0,Orthodox,Light Heavyweight,2016-11-19,2021-08-28,5,7,0,2,1470.3,Darren Stewart,16,10,0,7
9ce6d5a03af801b7,Darren Till,1992-12-24,182.9,188.0,Southpaw,Middleweight,2015-05-30,2022-12-10,6,5,1,0,1585.1,Darren Till,18,5,1,12
6546af7ab545b90c,Darren Uyenoyama,1979-10-15,167.6,165.1,Orthodox,Flyweight,2011-11-12,2013-12-14,2,2,0,0,1513.9,Darren Uyenoyama,10,6,0,9
34e516ab361afb1c,Darrick Minner,1990-04-28,170.2,175.3,Orthodox,Featherweight,2020-02-29,2022-11-05,2,4,0,0,1452.9,Darrick Minner,28,15,0,34
5a558ba1ff5e9121,Darrill Schoonover,1985-07-18,188.0,,Orthodox,Heavyweight,2009-12-05,2009-12-05,0,1,0,0,1460.0,,,,,
65db4065e2bc107d,Darrius Flowers,1994-08-25,175.3,180.3,Orthodox,Lightweight,2023-07-29,2026-04-04,1,3,0,0,1444.0,,,,,
36207c58e854cae5,Dashon Johnson,1988-01-25,170.2,,Orthodox,Featherweight,2014-06-28,2014-09-13,0,2,0,0,1419.6,,,,,
9fd1f08dd4aec14a,Dave Beneteau,,188.0,,Orthodox,Heavyweight,1995-04-07,1997-10-17,3,3,0,0,1530.9,Dave Beneteau,6,5,1,0
b3bbe88fecd6a0d2,Dave Berry,,,,,,1996-09-20,1996-09-20,0,1,0,0,1460.0,,,,,
0876d21328cf4a45,Dave Galera,1978-01-12,180.3,,Orthodox,Bantamweight,2014-01-04,2014-01-04,0,1,0,0,1460.0,,,,,
cbd6f1abf955e628,Dave Herman,1984-10-03,193.0,195.6,Orthodox,Heavyweight,2011-06-11,2013-07-06,1,4,0,0,1414.5,Dave Herman (fighter),22,6,0,22
275cafc9de131c83,Dave Menne,1974-07-29,177.8,,Orthodox,Welterweight,2000-03-10,2006-12-13,2,4,0,0,1423.5,Dave Menne,45,17,2,29
980b4e712489098e,Dave Strasser,1969-07-13,177.8,,Orthodox,Welterweight,2003-04-25,2003-09-26,1,1,0,0,1495.4,Dave Strasser,25,8,4,26
113df4fde64735c6,Davey Grant,1985-12-18,172.7,175.3,Orthodox,Bantamweight,2013-11-30,2026-04-25,9,7,0,0,1623.1,Davey Grant,18,8,0,10
0052de90691d4a93,Davi Ramos,1986-11-05,167.6,177.8,Orthodox,Lightweight,2017-03-11,2020-07-18,4,3,0,0,1550.9,Davi Ramos,12,9,0,7
b361180739bed4b0,David Abbott,1965-04-26,182.9,,Switch,Heavyweight,1995-07-14,2003-11-21,8,10,0,0,1415.9,,,,,
80c0bed43da0e27b,David Baron,1973-02-15,167.6,,Switch,Lightweight,2008-10-18,2008-10-18,0,1,0,0,1460.0,David Baron (fighter),17,4,1,19
1efa064872f089d0,David Bielkheden,1979-06-06,177.8,180.3,Orthodox,Lightweight,2008-03-01,2009-04-18,1,2,0,0,1480.2,David Bielkheden,26,13,0,17
d2c55d1d2e67773b,David Branch,1981-09-26,185.4,198.1,Orthodox,Middleweight,2010-07-03,2019-03-30,4,5,0,0,1507.4,David Branch (fighter),22,7,0,6
c2a7623f398d9bd7,David Dodd,1973-09-22,188.0,,Orthodox,Middleweight,1999-07-16,2000-06-09,0,2,0,0,1421.1,,,,,
9ada30894bf04e19,David Dvorak,1992-06-05,165.1,172.7,Orthodox,Flyweight,2020-03-14,2023-06-10,3,3,0,0,1480.4,David Dvořák,22,7,0,20
4f95f74620a6b7a4,David Heath,1976-02-10,180.3,182.9,Orthodox,Light Heavyweight,2006-08-26,2008-02-02,2,3,0,0,1442.2,David Heath (fighter),18,7,0,7
5af480a3b2e1726b,David Hood,,182.9,,,,1995-09-08,1995-09-08,0,1,0,0,1460.0,,,,,
5669b828e7e11329,David Kaplan,1979-11-16,170.2,,Orthodox,Lightweight,2008-12-13,2009-05-23,0,2,0,0,1441.2,,,,,
8caca5857ce0e30b,David Lee,1978-04-12,177.8,,Orthodox,Lightweight,2006-09-23,2007-04-21,0,2,0,0,1419.5,,,,,
49590e0508b2c19f,David Levicki,,195.6,,,,1994-03-11,1994-03-11,0,1,0,0,1460.9,,,,,
22e47b53e4ceb27c,David Loiseau,1979-12-17,182.9,193.0,Orthodox,Middleweight,2003-04-25,2010-06-12,4,5,0,0,1466.3,David Loiseau,23,11,0,10
9a97acbfd5a08bfa,David Martinez,1998-08-03,165.1,170.2,Orthodox,Bantamweight,2025-03-29,2026-09-12,4,0,0,0,1669.3,,,,,
49f4b511932f71e9,David Michaud,1988-11-10,175.3,,Orthodox,Lightweight,2014-05-24,2015-04-25,1,2,0,0,1473.7,David Michaud,18,6,0,7
8f3df4c579cfbb69,David Mitchell,1979-10-24,182.9,190.5,Orthodox,Welterweight,2010-09-15,2013-10-09,1,4,0,0,1426.0,David Mitchell (fighter),22,7,0,11
ffe9703408fb5964,David Onama,1994-06-07,180.3,188.0,Orthodox,Featherweight,2021-10-23,2025-11-01,6,3,0,0,1638.5,David Onama,14,3,0,8
775bad6d700d2302,David Roberts,1975-11-15,185.4,,Orthodox,Lightweight,1999-05-07,1999-05-07,0,1,0,0,1460.0,,,,,
4123fd4dcc1fe937,David Terrell,1978-01-09,185.4,,Southpaw,Middleweight,2004-08-21,2006-04-15,2,1,0,0,1566.4,David Terrell (fighter),6,2,0,5
2747c60e42d9d75f,David Teymur,1989-05-01,175.3,185.4,Southpaw,Lightweight,2016-02-27,2019-02-02,5,1,0,0,1643.8,David Teymur,8,2,0,5
09c44b317c98bf96,David Velasquez,1966-10-19,165.1,,Orthodox,Lightweight,2000-03-10,2000-03-10,0,1,0,0,1460.0,,,,,
3bb2dc8e87b10a46,David Zawada,1990-08-01,182.9,190.5,Orthodox,Welterweight,2018-07-22,2021-09-04,1,4,0,0,1462.9,David Zawada,20,13,0,19
404ecb2700844072,DeAnna Bennett,1984-11-18,162.6,172.7,Orthodox,Women's Flyweight,2017-12-01,2017-12-01,0,0,1,0,1500.0,DeAnna Bennett,14,10,1,11
a6f3d15cb84334bb,Dean Barry,1992-07-03,177.8,182.9,Orthodox,Welterweight,2022-04-23,2022-04-23,0,1,0,0,1455.4,,,,,
68c6cd5287b473a7,Dean Lister,1976-02-13,185.4,190.5,Orthodox,Middleweight,2006-05-27,2008-12-27,4,2,0,0,1582.6,Dean Lister,13,7,0,11
aa72b0f831d0bfe5,Deiveson Figueiredo,1987-12-18,165.1,172.7,Orthodox,Bantamweight,2017-06-03,2026-05-30,14,7,1,0,1674.8,Deiveson Figueiredo,25,7,1,11
3138df4d117ebc12,Delphine Benouaich,1995-03-21,160.0,160.0,Orthodox,Women's Strawweight,2026-09-05,2026-09-05,1,0,0,0,1540.0,,,,,
970beed85bc46b63,Delson Heleno,1977-11-16,180.3,,Orthodox,Middleweight,2012-06-23,2012-06-23,0,1,0,0,1460.0,,,,,
8a304bfd6bf04a57,Demetrious Johnson,1986-08-13,160.0,167.6,Orthodox,Flyweight,2011-02-05,2018-08-04,15,2,1,0,1849.5,Demetrious Johnson,25,4,1,6
427b5953ac8e3a27,Demian Maia,1977-11-06,185.4,182.9,Southpaw,Welterweight,2007-10-20,2021-06-12,22,11,0,0,1688.9,Demian Maia,28,11,0,4
3c241737a6069b9f,Denis Kang,1977-09-17,180.3,195.6,Orthodox,Middleweight,2009-01-17,2009-11-14,1,2,0,0,1482.3,Denis Kang,35,16,2,43
a421465acbe59c77,Denis Stojnic,1980-02-02,182.9,,Orthodox,Heavyweight,2009-02-07,2009-06-13,0,2,0,0,1429.0,,,,,
0112352cb32f5026,Denis Tiuliulin,1988-05-17,185.4,195.6,Orthodox,Middleweight,2022-03-26,2024-08-03,1,5,0,0,1376.6,,,,,
cffb87059e645bd1,Denise Gomes,1999-12-30,157.5,160.0,Orthodox,Women's Strawweight,2022-09-17,2026-08-29,7,2,0,0,1689.3,Denise Gomes,13,3,0,7
6f242453c91a5af0,Dennis Bermudez,1986-12-13,167.6,167.6,Orthodox,Lightweight,2011-12-03,2019-01-19,10,7,0,0,1589.1,Dennis Bermudez,17,9,0,9
c4d039123e62f6a9,Dennis Buzukja,1997-10-01,175.3,177.8,Switch,Featherweight,2023-08-05,2026-08-01,1,5,0,0,1386.3,,,,,
8a8a84b743ae7699,Dennis Hallman,1975-12-02,175.3,182.9,Orthodox,Lightweight,2000-12-16,2011-12-10,4,5,0,0,1538.6,Dennis Hallman,53,20,2,18
5f87a5c00b3d17ed,Dennis Siver,1979-01-13,167.6,177.8,Orthodox,Featherweight,2007-04-21,2017-06-25,12,8,0,1,1599.6,Dennis Siver,23,11,0,13
2526be54e6a0e62a,Denys Bondar,1992-06-27,167.6,175.3,Orthodox,Flyweight,2022-02-05,2024-02-24,0,3,0,0,1389.0,,,,,
b5c19c34f12c917e,Denzel Freeman,1991-11-10,185.4,195.6,Southpaw,Heavyweight,2025-11-22,2026-01-24,1,1,0,0,1500.0,,,,,
3f7dab21b6c971bc,Dequan Townsend,1986-05-11,190.5,200.7,Orthodox,Middleweight,2019-06-29,2020-10-03,0,4,0,0,1359.2,Dequan Townsend,27,13,0,29
b1a3e0aca758b322,Derek Brunson,1984-01-04,185.4,195.6,Southpaw,Middleweight,2012-12-29,2023-03-04,14,7,0,0,1700.3,Derek Brunson,24,9,0,11
b05086131c6f5dc5,Derek Downey,1980-04-27,185.4,,Orthodox,Middleweight,2009-02-07,2009-02-07,0,1,0,0,1460.0,,,,,
483a953b18d73bb3,Deron Winn,1989-06-13,167.6,177.8,Orthodox,Middleweight,2019-06-22,2022-06-18,2,3,0,0,1478.5,Deron Winn,7,3,0,5
714e1e0681ddb703,Derrick Krantz,1988-01-13,177.8,182.9,Orthodox,Welterweight,2019-05-18,2019-08-31,0,2,0,0,1446.1,Derrick Krantz,26,12,0,34
d3df1add9d9a7efb,Derrick Lewis,1985-02-07,190.5,200.7,Orthodox,Heavyweight,2014-04-19,2026-06-14,20,12,0,0,1615.1,Derrick Lewis,29,14,0,12
21321cdfba797c52,Derrick Noble,1978-08-14,175.3,,Southpaw,Welterweight,2006-04-15,2006-04-15,0,1,0,0,1460.5,,,,,
f046d724d2a84ac5,Desmond Green,1989-10-11,177.8,185.4,Southpaw,Lightweight,2017-04-08,2019-05-18,4,3,0,0,1572.2,,,,,
cc7040fe76f0ef91,Devin Clark,1990-04-12,182.9,190.5,Orthodox,Light Heavyweight,2016-07-13,2024-02-10,8,9,0,0,1473.1,Devin Clark (fighter),14,10,0,6
065eb44700e641a4,Devin Powell,1988-03-01,182.9,185.4,Orthodox,Lightweight,2017-01-15,2018-11-17,1,3,0,0,1444.7,Devin Powell,10,4,0,9
207773daeb4afa7b,Devonte Smith,1993-07-30,175.3,193.0,Orthodox,Lightweight,2018-11-10,2022-03-05,3,3,0,0,1486.6,Devonte Smith,11,4,0,9
e9213f53ddeca978,Dhiego Lima,1989-01-31,188.0,190.5,Orthodox,Welterweight,2014-07-06,2021-06-19,4,7,0,0,1438.5,Dhiego Lima,15,9,0,10
d7e40dca3ae125be,Diana Belbita,1996-06-26,170.2,172.7,Orthodox,Women's Flyweight,2019-10-18,2025-04-05,2,6,0,0,1372.5,Diana Belbiță,15,10,0,17
c2e3e67b5911bfb7,Diego Brandao,1987-05-27,170.2,162.6,Orthodox,Featherweight,2011-12-03,2016-01-02,6,4,0,0,1560.4,Diego Brandão,31,21,0,20
f53d4f21d1b5f2dc,Diego Ferreira,1985-01-18,175.3,188.0,Orthodox,Lightweight,2014-06-28,2026-08-08,11,7,0,0,1649.9,,,,,
f166e93d04a8c274,Diego Lopes,1994-12-30,180.3,182.9,Orthodox,Featherweight,2023-05-06,2026-06-14,7,3,0,0,1750.1,Diego Lopes (fighter),28,8,0,26
3a24769a4855040a,Diego Nunes,1982-11-30,167.6,170.2,Orthodox,Featherweight,2011-01-01,2013-01-19,3,3,0,0,1509.1,Diego Nunes (fighter),25,10,0,16
09f579be4520394a,Diego Rivas,1991-11-11,172.7,175.3,Orthodox,Bantamweight,2014-11-08,2018-05-19,2,2,0,0,1485.6,Diego Rivas (fighter),7,2,0,4
82e7929bf6c2b689,Diego Sanchez,1981-12-31,177.8,182.9,Southpaw,Welterweight,2005-04-09,2020-09-26,19,13,0,0,1573.8,Diego Sanchez,30,14,0,11
4f4dac51adc1af4f,Diego Saraiva,1982-04-23,167.6,,Orthodox,Lightweight,2007-02-03,2007-09-22,0,3,0,0,1384.8,,,,,
0db70ca89e1c7374,Dieusel Berto,,175.3,,,,1996-07-12,1996-07-12,0,1,0,0,1455.9,Dieuseul Berto,0,3,0,1
8270c00fae24c922,Dileno Lopes,1984-09-26,165.1,,,Bantamweight,2015-08-01,2016-07-07,0,2,0,0,1440.6,,,,,
40a604761ca7d64d,Din Thomas,1976-09-28,175.3,,Orthodox,Lightweight,2001-06-29,2008-04-02,5,4,0,0,1512.4,Din Thomas,26,9,0,13
e0664abaa023fd6f,Ding Meng,1994-09-27,188.0,185.4,Orthodox,Welterweight,2026-05-30,2026-08-29,0,2,0,0,1442.3,,,,,
27b388f0aab49780,Dione Barbosa,1992-05-08,167.6,167.6,Orthodox,Women's Flyweight,2024-05-04,2026-07-18,4,2,0,0,1562.7,,,,,
709fadb644ee3f51,Diyar Nurgozhay,1997-04-22,188.0,188.0,Southpaw,Light Heavyweight,2025-03-15,2026-08-08,2,2,0,0,1507.9,,,,,
312f7d7b2b2f7de4,Djorden Santos,1997-08-01,182.9,190.5,Orthodox,Middleweight,2025-03-08,2026-09-12,1,3,0,0,1444.3,,,,,
738acab0c6934dd8,Dmitri Stepanov,,190.5,,Orthodox,Heavyweight,1997-05-30,1997-05-30,0,1,0,0,1455.4,,,,,
75afb06215a07341,Dmitrii Smoliakov,1982-08-05,188.0,188.0,Switch,Heavyweight,2016-07-23,2019-04-27,0,3,0,0,1380.1,,,,,
85ff1b9471d35238,Dmitry Sosnovskiy,1989-07-06,190.5,195.6,Orthodox,Heavyweight,2018-03-17,2018-03-17,1,0,0,0,1545.4,,,,,
b14a68c533f4a4aa,Dokonjonosuke Mishima,1972-04-19,170.2,,Southpaw,Lightweight,2006-11-18,2007-04-05,0,2,0,0,1434.4,Dokonjonosuke Mishima,21,7,2,24
530af2900b5a1693,Dom Mar Fan,2000-03-19,180.3,190.5,Orthodox,Lightweight,2026-01-31,2026-05-02,1,1,0,0,1490.1,,,,,
4bf6b225ff6099c4,Domingo Pilarte,1990-01-05,182.9,185.4,Southpaw,Bantamweight,2019-07-20,2021-08-21,0,2,0,1,1446.2,Domingo Pilarte (fighter),8,3,0,9
2de91c2244ad7e89,Dominic Waters,1989-04-11,185.4,200.7,Orthodox,Welterweight,2015-07-12,2016-05-08,0,3,0,0,1416.2,,,,,
10f3ba6cd2f44a97,Dominick Cruz,1985-03-09,172.7,172.7,Orthodox,Bantamweight,2011-07-02,2022-08-13,7,3,0,0,1666.5,Dominick Cruz,24,4,0,18
2e19380f34871c6a,Dominick Reyes,1989-12-26,193.0,195.6,Southpaw,Light Heavyweight,2017-06-25,2026-04-11,10,5,0,0,1688.6,Dominick Reyes,15,5,0,6
68c11c27d4d56572,Dominique Steele,1988-01-27,177.8,188.0,Orthodox,Welterweight,2015-07-25,2017-06-10,1,4,0,0,1404.9,Dominique Steele,20,12,0,18
271fe91f4ba9d2c5,Don Frye,1965-11-23,185.4,,Orthodox,,1996-02-16,1996-12-07,9,1,0,0,1731.1,,,,,
68c7ad953455c73f,Don Madge,1990-11-12,182.9,182.9,Southpaw,Lightweight,2018-10-27,2019-09-07,2,0,0,0,1575.4,,,,,
da4628f173337902,Don Shainis,1990-09-16,167.6,170.2,Orthodox,Featherweight,2022-10-01,2023-02-11,0,2,0,0,1440.8,,,,,
1a9480fc288e55d7,Don'Tale Mayes,1992-01-16,198.1,205.7,Orthodox,Heavyweight,2019-10-26,2025-05-03,4,7,0,1,1407.7,Don'Tale Mayes,11,10,0,9
1d00756835ca67c9,Donald Cerrone,1983-03-29,185.4,185.4,Orthodox,Welterweight,2011-02-05,2022-07-02,23,14,0,1,1545.5,,,,,
9bcf8603ceb25680,Dong Hyun Kim,1981-11-17,188.0,193.0,Southpaw,Welterweight,2008-05-24,2017-06-17,13,4,0,1,1681.3,Dong Hyun Kim,22,4,1,10
98a6b2361045898f,Dong Hyun Ma,1988-09-09,180.3,177.8,Orthodox,Lightweight,2015-11-28,2019-12-21,3,5,0,0,1420.0,Dong Hyun Ma,16,10,3,22
3be16d817b36098b,DongHun Choi,1999-01-02,165.1,167.6,Switch,Flyweight,2024-11-23,2024-11-23,1,0,0,0,1540.0,,,,,
aed06011bf62237b,Dongi Yang,1984-12-07,177.8,185.4,Southpaw,Middleweight,2010-10-23,2015-11-28,2,3,0,0,1495.4,Yang Dongi,14,4,0,9
8788beb528894f33,Donnie Chappell,,180.3,,Southpaw,Lightweight,1997-07-27,1997-07-27,0,1,0,0,1460.0,,,,,
e6147d5ab3685899,Donny Walker,1980-01-04,175.3,,,Bantamweight,2011-07-02,2011-09-17,0,2,0,0,1420.0,Donny Walker,15,10,0,21
ad5cb64af10fc946,Donte Johnson,1999-01-25,172.7,188.0,Southpaw,Middleweight,2025-11-01,2026-08-15,3,0,0,0,1588.3,,,,,
e93b04e308913c2e,Dooho Choi,1991-04-10,177.8,177.8,Orthodox,Featherweight,2014-11-22,2026-09-19,6,4,1,0,1579.2,Choi Doo-ho,17,4,1,12
ee4b670e159f4a33,Dorian Price,1977-08-20,190.5,,Southpaw,Welterweight,2007-12-08,2007-12-08,0,1,0,0,1460.0,,,,,
d3de4a24f7eefac8,Doug Evans,1980-10-10,175.3,,Orthodox,Lightweight,2007-06-23,2007-12-29,0,2,0,0,1431.1,Doug Evans (fighter),13,11,0,7
3a314d9fa7c6825d,Douglas Silva de Andrade,1985-06-22,170.2,172.7,Orthodox,Featherweight,2014-02-15,2026-02-28,7,7,0,0,1502.6,Douglas Silva de Andrade,29,7,0,23
7cbf7c78d3b34218,Drakkar Klose,1988-03-09,175.3,177.8,Orthodox,Lightweight,2017-01-15,2026-09-12,10,4,0,0,1651.2,Drakkar Klose,16,4,1,7
dc3b9cf7641b7ab6,Drako Rodriguez,1996-06-16,172.7,175.3,Orthodox,Bantamweight,2021-02-20,2021-08-07,0,2,0,0,1413.0,,,,,
519e4fe37ce9ff75,Drew Dober,1988-10-19,172.7,177.8,Southpaw,Lightweight,2013-11-30,2026-03-07,15,11,0,1,1607.9,Drew Dober,29,15,0,18
d814f5192e58fb2f,Drew Fickett,1979-12-14,177.8,177.8,Orthodox,Welterweight,2005-02-05,2007-04-05,4,3,0,0,1552.0,Drew Fickett,43,23,0,25
1fd4fbdcc67de844,Drew McFedries,1978-07-27,182.9,182.9,Southpaw,Middleweight,2006-11-18,2009-09-19,4,5,0,0,1466.5,Drew McFedries,12,7,0,5
0d7b51c9d2649a6e,Dricus Du Plessis,1994-01-14,185.4,193.0,Switch,Middleweight,2020-10-10,2026-07-18,10,1,0,0,1880.2,Dricus du Plessis,24,3,0,16
84ac950d4c1722dd,Duane Ludwig,1978-08-04,177.8,177.8,Orthodox,Welterweight,2003-04-25,2012-09-29,4,5,0,0,1446.7,Duane Ludwig,21,14,0,11
d6ead04919a894b1,Duda Santana,1996-01-10,170.2,185.4,Orthodox,Women's Bantamweight,2019-06-01,2019-06-01,0,1,0,0,1460.0,,,,,
866fd7b1a6c90e7f,Dusko Todorovic,1994-05-19,185.4,188.0,Orthodox,Middleweight,2020-10-03,2026-08-01,4,7,0,0,1394.0,Duško Todorović,13,7,0,9
a149d6bc670cdb60,Dustin Hazelett,1986-04-29,185.4,193.0,Orthodox,Lightweight,2006-10-10,2010-12-11,5,5,0,0,1496.4,Dustin Hazelett,12,7,0,9
e4277e87a789d687,Dustin Jacoby,1988-04-04,190.5,193.0,Orthodox,Light Heavyweight,2011-10-29,2026-07-25,10,7,1,0,1601.9,Dustin Jacoby,22,10,1,6
fe91d254db77a7fc,Dustin Kimura,1989-05-21,170.2,180.3,Orthodox,Bantamweight,2013-02-02,2014-12-13,2,3,0,0,1453.9,Dustin Kimura,11,3,0,8
e503aa5c252a1b4d,Dustin Neace,1986-09-12,175.3,175.3,,Featherweight,2011-12-03,2011-12-03,0,1,0,0,1460.0,Dustin Neace,25,21,1,41
f53c1f4ceeed8c08,Dustin Ortiz,1988-12-25,165.1,165.1,Orthodox,Flyweight,2013-11-09,2019-01-19,8,6,0,0,1591.6,Dustin Ortiz,20,9,0,13
55f80a8aeffcdb33,Dustin Pague,1987-08-05,175.3,188.0,Orthodox,Bantamweight,2011-12-03,2013-10-19,1,5,0,0,1396.2,,,,,
029eaff01e6bb8f0,Dustin Poirier,1989-01-19,175.3,182.9,Southpaw,Lightweight,2011-01-01,2025-07-19,22,9,0,1,1782.2,Dustin Poirier,30,10,0,9
71505842fb6455c3,Dustin Stoltzfus,1991-11-15,182.9,190.5,Orthodox,Middleweight,2020-11-21,2026-08-15,4,7,0,0,1486.1,Dustin Stoltzfus,16,8,0,14
31c01fbc2586a5eb,Dwayne Cason,,177.8,,Orthodox,Heavyweight,1997-10-17,1997-10-17,1,1,0,0,1511.8,,,,,
8be158ca1e5ea6a0,Dwight Grant,1984-09-14,185.4,193.0,Switch,Middleweight,2018-12-15,2022-07-16,3,5,0,0,1428.8,Dwight Grant,1,4,0,0
00debc804e2b1cd4,Dylan Andrews,1979-11-15,185.4,188.0,Switch,Middleweight,2013-04-13,2015-05-09,2,3,0,0,1437.1,Dylan Andrews,18,11,0,20
a817e238b2747404,Dylan Budka,2000-01-14,182.9,190.5,Switch,Middleweight,2024-04-06,2025-02-15,0,3,0,0,1403.8,,,,,
dc950d59dc590aca,Ebenezer Fontes Braga,1969-04-14,182.9,,Orthodox,Middleweight,1998-10-16,1998-10-16,1,0,0,0,1536.5,Ebenezer Fontes Braga,13,7,2,12
06f36cf4bd97ec77,Ed Herman,1980-10-02,185.4,195.6,Orthodox,Light Heavyweight,2006-06-24,2023-04-15,13,12,0,1,1532.7,Ed Herman,26,16,0,16
33a331684283900f,Eddie Alvarez,1984-01-11,175.3,175.3,Orthodox,Lightweight,2014-09-27,2018-07-28,4,3,0,1,1596.4,Eddie Alvarez,30,8,0,28
8cad40a75e5c97f5,Eddie Gordon,1983-07-22,182.9,193.0,Orthodox,Middleweight,2014-07-06,2015-06-27,1,3,0,0,1440.4,Eddie Gordon (fighter),8,7,0,7
49e49b54e5901d0d,Eddie Mendez,1984-01-16,177.8,,,Middleweight,2013-06-08,2013-06-08,0,1,0,0,1458.0,,,,,
7b9aa973e5c04624,Eddie Ruiz,1967-06-10,170.2,,Orthodox,Lightweight,2003-06-06,2003-06-06,0,1,0,0,1463.2,,,,,
7f0b4a75ef3039a3,Eddie Sanchez,1982-11-04,188.0,188.0,Orthodox,Heavyweight,2006-09-23,2008-12-10,3,3,0,0,1482.2,Eddie Sanchez,15,8,0,7
fc9a9559a05f2704,Eddie Wineland,1984-06-26,170.2,175.3,Orthodox,Bantamweight,2011-03-19,2022-06-18,6,10,0,0,1430.3,Eddie Wineland,24,15,1,25
cc84b68f862b466f,Eddie Yagin,1979-03-23,170.2,,Orthodox,Featherweight,2011-09-24,2012-04-21,1,1,0,0,1479.3,,,,,
5ef94841c4bc3f86,Edgar Chairez,1996-01-27,170.2,180.3,Orthodox,Flyweight,2023-07-08,2026-09-12,4,3,0,1,1522.2,,,,,
8d49545dadf9b919,Edgar Garcia,1984-02-22,177.8,180.3,Orthodox,Welterweight,2009-06-20,2016-01-02,0,4,0,0,1369.4,,,,,
afdb76fbd86f6d11,Edilberto de Oliveira,1982-11-22,182.9,,Orthodox,Welterweight,2007-04-21,2007-09-19,0,2,0,0,1427.0,,,,,
6c7020b859c7a3ce,Edimilson Souza,1984-10-17,182.9,188.0,Orthodox,Featherweight,2013-09-04,2015-11-07,3,1,0,0,1560.6,,,,,
4144798612ef96e5,Edmen Shahbazyan,1997-11-20,188.0,188.0,Orthodox,Middleweight,2018-11-30,2026-09-19,10,6,0,0,1649.9,Edmen Shahbazyan,17,6,0,7
acd9513399a8b09b,Ednaldo Oliveira,1984-02-19,195.6,,Orthodox,Light Heavyweight,2012-01-14,2013-08-03,0,2,0,0,1427.4,,,,,
64a50dad704d1d49,Edson Barboza,1986-01-21,180.3,190.5,Orthodox,Lightweight,2010-11-20,2026-08-15,18,15,0,0,1532.9,Edson Barboza,24,14,0,6
de594b35c45c2e9a,Eduarda Moura,1994-02-28,167.6,170.2,Orthodox,Women's Flyweight,2023-11-04,2026-09-19,3,3,0,0,1522.8,,,,,
62f3039da2f92a8c,Eduardo Chapolin,1995-11-23,170.2,170.2,Orthodox,,2026-08-15,2026-08-15,0,1,0,0,1465.0,,,,,
7bde387d50829adf,Eduardo Garagorri,1989-05-28,175.3,177.8,Orthodox,Featherweight,2019-08-10,2020-11-07,1,2,0,0,1466.9,Luiz Eduardo Garagorri,15,4,0,12
6224e8d0a34264eb,Edward Faaloloto,1984-07-15,,177.8,Orthodox,Lightweight,2011-06-26,2011-11-05,0,2,0,0,1427.9,Edward Faaloloto,2,5,0,3
75bbd2206a15319f,Edwin DeWees,1982-08-07,185.4,,Orthodox,Middleweight,2003-09-26,2006-11-11,0,3,0,0,1401.3,,,,,
bbfca6d5c27d9cd8,Edwin Figueroa,1984-07-31,170.2,175.3,Orthodox,Bantamweight,2011-03-26,2013-11-16,2,4,0,0,1420.0,Edwin Figueroa,9,5,0,7
83fd97284f4bb4a4,Efrain Escudero,1986-01-15,175.3,180.3,Orthodox,Lightweight,2008-12-13,2016-04-23,5,7,0,0,1439.5,Efraín Escudero,32,17,0,10
2b4faacc16d66898,Eiji Mitsuoka,1976-01-01,170.2,,Southpaw,Featherweight,2012-02-25,2012-08-11,0,2,0,0,1429.4,Eiji Mitsuoka,18,9,2,27
ee5df903f80c6816,Eldo Xavier Dias,1964-07-16,180.3,,,,1994-12-16,1994-12-16,0,1,0,0,1460.0,,,,,
ac5a7400da3a9a41,Elias Garcia,1992-09-13,165.1,170.2,Southpaw,Flyweight,2018-07-14,2018-12-01,0,2,0,0,1420.0,,,,,
52ba464d9068d871,Elias Silverio,1986-09-22,180.3,185.4,Orthodox,Lightweight,2013-09-04,2015-08-23,3,2,0,0,1514.6,Elias Silvério,22,13,1,8
34f88592c0ab7a54,Elias Theodorou,1988-05-31,185.4,190.5,Orthodox,Middleweight,2014-04-16,2019-05-04,8,3,0,0,1637.9,Elias Theodorou,19,3,0,8
7478b7f959ba61f5,Elijah Smith,2002-09-05,175.3,180.3,Orthodox,Bantamweight,2025-02-15,2026-03-14,3,0,0,0,1609.3,,,,,
a08d909a5be6f410,Eliot Marshall,1980-07-07,188.0,195.6,Orthodox,Light Heavyweight,2008-12-13,2011-10-29,3,3,0,0,1486.1,Eliot Marshall,10,4,0,5
ac7c765882f2c68c,Elise Reed,1992-12-05,160.0,160.0,Orthodox,Women's Strawweight,2021-07-24,2026-08-22,4,6,0,0,1431.1,Elise Reed,8,6,0,4
87e4a3a5080ee7ce,Elisha Ellison,1997-03-05,182.9,198.1,Orthodox,Heavyweight,2025-09-27,2026-07-11,0,2,0,0,1424.6,,,,,
dcbf01d605681ad1,Elizabeth Phillips,1986-08-20,167.6,165.1,Orthodox,Women's Bantamweight,2014-06-14,2016-08-20,1,3,0,0,1470.8,,,,,
8adcbd525fab8d9b,Elizeu Zaleski dos Santos,1986-12-11,180.3,185.4,Orthodox,Welterweight,2015-05-30,2025-08-02,11,6,1,0,1587.3,Elizeu Zaleski dos Santos,26,10,1,17
48a9a128784d53d1,Elves Brener,1997-09-27,177.8,182.9,Orthodox,Lightweight,2023-02-11,2025-08-02,3,3,0,0,1483.8,,,,,
28c55b4087a6f136,Elvis Mutapcic,1986-07-19,182.9,182.9,Orthodox,Middleweight,2016-01-17,2016-12-03,0,2,1,0,1427.1,,,,,
817e0bdf08efce2e,Elvis Sinosic,1971-02-13,190.5,195.6,Orthodox,Light Heavyweight,2001-02-23,2007-04-21,1,6,0,0,1374.6,Elvis Sinosic,7,11,2,7
103b06d8707895a9,Emil Meek,1988-08-20,180.3,188.0,Switch,Welterweight,2016-12-10,2020-02-22,1,3,0,0,1467.1,Emil Weber Meek,10,6,0,11
02f8fedc18cbd26c,Emily Ducote,1994-01-01,157.5,160.0,Orthodox,Women's Strawweight,2022-07-16,2024-05-18,2,3,0,0,1476.9,Emily Ducote,15,9,0,17
c1ea9d56cd953586,Emily Kagan,1981-07-14,160.0,,,Women's Strawweight,2014-12-12,2015-12-10,0,2,0,0,1415.4,Emily Kagan,3,3,0,4
b3d21b2610dcfaeb,Emily Whitmire,1991-05-24,165.1,160.0,Orthodox,Women's Flyweight,2017-12-01,2021-09-18,2,4,0,0,1411.5,Emily Whitmire,4,5,0,3
2299605af59fd309,Emmanuel Yarborough,1960-09-05,203.2,,Open Stance,,1994-09-09,1994-09-09,0,1,0,0,1460.0,Emmanuel Yarbrough,1,2,0,0
be0b310a12eb80b4,Enrique Barzola,1989-04-28,170.2,177.8,Orthodox,Bantamweight,2015-11-21,2020-03-14,6,3,1,0,1564.1,Enrique Barzola,22,11,2,12
23a6e307077c6ccc,Enrique Marin,1986-09-02,177.8,,,Lightweight,2015-11-21,2016-07-09,0,2,0,0,1445.4,,,,,
0cf935519d439ba6,Enson Inoue,1967-04-15,177.8,,Orthodox,Lightweight,1997-05-30,1997-05-30,1,0,0,0,1540.0,Enson Inoue,12,8,0,8
abbc4fc02e0d84b3,Eric Martin,,,,,Heavyweight,1997-02-07,1997-02-07,0,1,0,0,1460.0,,,,,
9508cc6184cb2450,Eric McConico,1990-05-09,182.9,195.6,Southpaw,Middleweight,2025-02-22,2026-08-15,2,3,0,0,1471.6,,,,,
64b12fe31be7560c,Eric Nolan,1997-09-13,188.0,188.0,Orthodox,Welterweight,2025-08-16,2026-06-27,0,2,0,0,1424.6,,,,,
f59f1d3a2ff13edd,Eric Schafer,1977-09-20,190.5,193.0,Orthodox,Middleweight,2006-08-26,2012-01-20,3,6,0,0,1419.1,Eric Schafer,15,8,2,10
a0c64f272b65d441,Eric Shelton,1991-02-02,167.6,172.7,Orthodox,Flyweight,2017-01-28,2019-03-23,2,4,0,0,1451.3,Eric Shelton (fighter),21,9,0,12
b9664eae2ac75262,Eric Spicely,1986-09-29,185.4,185.4,Orthodox,Middleweight,2016-07-13,2019-06-22,2,5,0,0,1397.0,Eric Spicely,13,9,0,8
53f84637dfffab7a,Eric Wisely,1984-07-25,172.7,,Southpaw,Featherweight,2012-01-28,2012-04-14,0,2,0,0,1417.3,Eric Wisely,34,9,1,25
a2ccf35a88346a91,Erick Gonzalez,1992-01-20,180.3,190.5,Orthodox,Lightweight,2021-10-16,2023-02-25,0,3,0,0,1400.8,,,,,
8163cd7de0342652,Erick Montano,1985-11-19,182.9,185.4,Orthodox,Welterweight,2015-11-21,2016-11-05,1,2,0,0,1436.7,,,,,
5866fc86183a9fb8,Erick Silva,1984-06-21,182.9,188.0,Orthodox,Welterweight,2011-08-27,2017-12-16,7,8,0,0,1493.9,Erick Silva,20,11,0,14
67a992d4cff22466,Ericka Almeida,1989-03-05,167.6,,Orthodox,Women's Strawweight,2015-05-30,2015-10-24,0,2,0,0,1424.3,,,,,
99bd87a300079ed9,Erik Koch,1988-10-04,177.8,180.3,Southpaw,Welterweight,2011-03-19,2019-07-27,5,5,0,0,1503.0,Erik Koch,15,6,0,12
af62f99eb7606308,Erik Perez,1989-11-19,172.7,172.7,Orthodox,Bantamweight,2012-06-01,2016-11-05,7,2,0,0,1651.1,Erik Pérez,22,9,0,14
21b813b919776d90,Erik Silva,1987-03-16,175.3,180.3,Orthodox,Featherweight,2022-12-10,2026-02-28,0,3,0,0,1394.5,,,,,
669970f7feba8ecd,Erin Blanchfield,1999-05-04,162.6,167.6,Orthodox,Women's Flyweight,2021-09-18,2025-11-15,8,1,0,0,1778.5,Erin Blanchfield,14,2,0,7
b406da701c479076,Ernest Chavez,1983-06-27,172.7,177.8,Orthodox,Featherweight,2014-02-22,2014-10-04,1,2,0,0,1452.4,Ernest Chavez (fighter),10,2,0,7
e4faa79383c9f214,Ernesta Kareckaite,1998-07-05,175.3,180.3,Orthodox,Women's Flyweight,2024-05-04,2026-02-28,1,2,0,0,1444.3,,,,,
2b1587a3376ab743,Ernie Verdicia,,180.3,,Orthodox,,1995-04-07,1995-04-07,0,1,0,0,1457.0,,,,,
cad24459b28592ca,Eryk Anders,1987-04-21,185.4,190.5,Southpaw,Middleweight,2017-07-22,2026-03-14,10,9,0,1,1584.4,Eryk Anders,18,9,0,8
323d4ca260dfa0ba,Esteban Ribovics,1996-04-27,177.8,175.3,Orthodox,Lightweight,2023-03-04,2026-08-15,5,3,0,0,1609.2,Esteban Ribovics,15,3,0,11
d0a5ef38a7778ac2,Estevan Payan,1982-03-14,177.8,,Orthodox,Featherweight,2013-05-25,2014-04-19,0,3,0,0,1395.6,,,,,
d776b5814f2400b4,Ethyn Ewing,1996-02-19,167.6,175.3,Orthodox,Bantamweight,2025-11-15,2026-04-04,2,0,0,0,1595.0,,,,,
ce783bf73b5131f9,Eugene Jackson,1966-09-23,172.7,,Orthodox,Middleweight,1999-07-16,2002-07-13,3,4,0,0,1452.0,Eugene Jackson (fighter),15,9,1,13
f70144caea5c4c80,Eugenio Tadeu,1963-08-17,172.7,,Orthodox,Lightweight,1998-03-13,1998-03-13,0,1,0,0,1460.0,Eugenio Tadeu,2,3,0,4
e5c9de15bb58b1c6,Evan Dunham,1981-12-18,177.8,177.8,Southpaw,Lightweight,2009-02-21,2020-06-06,11,9,1,0,1546.7,Evan Dunham,18,9,1,7
d9a56ecb6e94f02e,Evan Elder,1997-04-11,177.8,182.9,Switch,Lightweight,2022-04-23,2025-04-26,3,2,0,0,1538.9,,,,,
8f2d9ee27f206f1f,Evan Tanner,1971-02-11,182.9,188.0,Orthodox,Middleweight,1999-01-08,2008-06-21,11,6,0,0,1582.8,Evan Tanner,32,7,0,11
b852ad2b35354fcb,Ezra Elliott,2000-05-18,175.3,182.9,Orthodox,Featherweight,2026-07-18,2026-07-18,1,0,0,0,1540.0,,,,,
9911989cf48b195d,Fabia Sintes,1994-07-27,170.2,165.1,Orthodox,Flyweight,2026-09-05,2026-09-05,1,0,0,0,1540.0,,,,,
263ebd4a669e1e98,Fabiano Iha,1970-07-28,172.7,,Orthodox,Lightweight,1999-05-07,2001-09-28,3,4,0,0,1466.3,Fabiano Iha,10,5,0,2
0bc7e61d204f2137,Fabiano Scherner,1972-06-30,190.5,,Orthodox,Heavyweight,2005-10-03,2006-05-27,0,2,0,0,1428.6,Fabiano Scherner,11,11,0,7
78a68f1dade6aaf7,Fabio Cherant,1994-11-25,185.4,188.0,Southpaw,Light Heavyweight,2021-03-27,2022-02-12,0,3,0,0,1389.4,Fabio Cherant,7,5,0,8
8377c5572cb356f3,Fabio Gurgel,1970-01-18,182.9,,Orthodox,,1996-09-20,1996-09-20,0,1,0,0,1459.5,Fábio Gurgel,3,2,0,1
1fb80f46d3c105d9,Fabio Maldonado,1980-03-17,185.4,190.5,Orthodox,Light Heavyweight,2010-10-16,2015-11-07,5,6,0,0,1482.6,Fábio Maldonado,29,18,0,20
7abe471b61725980,Fabricio Camoes,1978-12-23,177.8,180.3,Orthodox,Lightweight,2009-11-21,2014-10-25,1,4,1,0,1424.1,Fabrício Camões,14,9,1,16
492b202d2064e7a9,Fabricio Werdum,1977-07-30,193.0,195.6,Orthodox,Heavyweight,2007-04-21,2020-07-25,12,6,0,0,1743.4,Fabrício Werdum,24,9,1,12
445a98acb8985970,Falaniko Vitale,1974-07-14,177.8,,Orthodox,Middleweight,2003-06-06,2003-11-21,1,1,0,0,1522.1,Falaniko Vitale,30,11,0,15
1e4f273069fb9e85,Fares Ziam,1997-03-21,185.4,190.5,Orthodox,Lightweight,2019-09-07,2026-09-05,8,4,0,0,1599.0,Farès Ziam,18,6,0,12
a09ed60aa67a3f67,Farid Basharat,1997-08-02,172.7,180.3,Orthodox,Bantamweight,2023-03-04,2026-07-11,7,0,0,0,1726.8,Farid Basharat,16,0,0,9
c88f8a9c1ea7165d,Farman Hasanov,1995-08-01,180.3,188.0,Orthodox,Welterweight,2026-06-27,2026-06-27,1,0,0,0,1535.4,,,,,
745fa7b605f8e2da,Fatima Kline,2000-07-12,167.6,170.2,Orthodox,Women's Strawweight,2024-07-13,2026-07-18,4,1,0,0,1635.5,Fatima Kline,10,1,0,6
b6850671a008bf9a,Felice Herrig,1984-09-18,162.6,165.1,Orthodox,Women's Strawweight,2014-12-12,2022-06-04,5,5,0,0,1461.4,Felice Herrig,14,10,0,14
39d91e95949de3d9,Felicia Spencer,1990-11-29,167.6,172.7,Orthodox,Women's Featherweight,2019-05-18,2021-11-13,3,3,0,0,1551.4,Felicia Spencer,9,3,0,6
71002dbc1743b9a7,Felipe Arantes,1988-02-09,172.7,185.4,Orthodox,Bantamweight,2011-08-27,2018-06-23,5,6,1,0,1483.4,Felipe Arantes,18,10,1,19
53c10176e3bc7416,Felipe Bunes,1989-10-29,170.2,175.3,Orthodox,Flyweight,2024-01-13,2026-02-28,1,3,0,0,1456.5,,,,,
dbac0a413af64bbe,Felipe Colares,1994-03-31,172.7,175.3,Orthodox,Featherweight,2019-02-02,2022-05-21,2,4,0,0,1440.8,Felipe Colares,11,4,0,8
e564146b9cf6dbef,Felipe Franco,2001-01-22,185.4,193.0,Orthodox,Light Heavyweight,2026-03-21,2026-07-18,1,1,0,0,1512.8,,,,,
9256f591b30c073e,Felipe Lima,1998-05-07,167.6,172.7,Orthodox,Featherweight,2024-06-22,2026-09-05,3,1,0,0,1593.9,Felipe Lima (fighter),15,2,0,13
948880beac71f028,Felipe Olivieri,1985-04-12,175.3,,Orthodox,Lightweight,2016-01-30,2016-01-30,0,1,0,0,1453.3,,,,,
1b38a2b897f6209c,Felipe Silva,1984-05-08,182.9,195.6,Orthodox,Lightweight,2016-08-27,2018-05-19,1,2,0,0,1460.1,Felipe Silva (fighter),9,5,0,7
5cdf5339728f580d,Felipe dos Santos,2000-09-11,170.2,177.8,Orthodox,Flyweight,2023-09-09,2025-03-22,1,3,0,0,1427.9,,,,,
6cbb7661c3258617,Felix Lee Mitchell,,,,Orthodox,,1994-09-09,1996-12-07,0,3,0,0,1398.3,,,,,
c940b42df95bbd28,Feng Xiaocan,2001-10-27,167.6,170.2,Southpaw,Women's Strawweight,2024-11-23,2024-11-23,0,1,0,0,1460.0,,,,,
b8c0f30ee9a98b69,Fernando Bruno,1982-02-24,167.6,,,Featherweight,2015-08-01,2016-07-08,0,2,0,0,1429.7,,,,,
d2f43cfaf8ca3560,Fernando Padilla,1996-12-15,185.4,193.0,Orthodox,Featherweight,2023-04-29,2024-12-14,2,2,0,0,1507.4,Fernando Padilla,16,6,0,18
9e92e1ca498d7244,Fernie Garcia,1992-04-12,170.2,170.2,Orthodox,Featherweight,2022-05-07,2024-02-10,0,4,0,0,1361.3,,,,,
38ed5a2299230227,Filip Pejic,1992-07-21,172.7,,Orthodox,Bantamweight,2016-04-10,2016-04-10,0,1,0,0,1454.9,,,,,
ab35634d1a8c7a11,Flavio Luiz Moura,1976-01-26,180.3,,Open Stance,Middleweight,1999-07-16,1999-07-16,0,1,0,0,1460.0,,,,,
5330fe7e4c3af81c,Floyd Sword,1976-08-24,182.9,,Orthodox,Middleweight,2007-06-23,2007-06-23,0,1,0,0,1460.5,,,,,
fcffee71cff5530e,Forrest Griffin,1979-03-16,190.5,195.6,Orthodox,Light Heavyweight,2005-04-09,2012-07-07,10,5,0,0,1673.9,Forrest Griffin,19,7,0,11
e86bc32f5997a8f7,Forrest Petz,1975-09-22,175.3,180.3,Orthodox,Welterweight,2006-08-17,2010-09-15,2,5,0,0,1418.9,Forrest Petz,26,10,0,16
d3b5ad3b15a64a18,Francesco Maturi,,,,,,1995-09-08,1995-09-08,0,1,0,0,1460.0,,,,,
874cfc98877daecd,Francesco Nuzzi,1996-08-28,167.6,180.3,Southpaw,Bantamweight,2026-08-29,2026-08-29,1,0,0,0,1534.9,,,,,
b69f24c500d783e7,Francimar Barroso,1980-02-28,185.4,190.5,Orthodox,Light Heavyweight,2013-08-03,2018-01-20,4,4,0,1,1510.9,Francimar Barroso,27,8,1,18
3591d0d5d382a381,Francis Carmont,1981-10-11,190.5,198.1,Orthodox,Middleweight,2011-10-29,2014-08-23,6,3,0,0,1566.3,Francis Carmont,25,12,0,23
5d495dec23d7c68e,Francis Marshall,1999-03-03,175.3,182.9,Orthodox,Lightweight,2022-12-03,2026-04-25,4,3,0,0,1547.6,,,,,
8d03ce87ca14e778,Francis Ngannou,1986-09-05,193.0,210.8,Orthodox,Heavyweight,2015-12-19,2022-01-22,12,2,0,0,1905.8,Francis Ngannou,19,3,0,5
cdadae5363b66eef,Francisco Figueiredo,1989-10-23,167.6,172.7,Southpaw,Flyweight,2021-01-20,2022-08-20,2,2,0,0,1486.5,Francisco Figueiredo,12,6,1,15
3920d0cc288f9b0d,Francisco Prado,2002-06-16,177.8,175.3,Orthodox,Welterweight,2023-02-11,2026-04-11,1,5,0,0,1405.3,,,,,
7ea4a9f07df33a45,Francisco Rivera,1981-10-08,172.7,177.8,Orthodox,Bantamweight,2011-06-04,2016-07-30,4,6,0,1,1468.3,Francisco Rivera (fighter),16,12,0,6
97a6bbe6e6566a94,Francisco Trevino,1981-12-17,175.3,177.8,Orthodox,Lightweight,2014-03-15,2015-10-03,1,2,0,0,1461.1,Francisco Treviño,13,3,0,11
a8283a4f415e1eb9,Francisco Trinaldo,1978-08-24,175.3,177.8,Southpaw,Welterweight,2012-06-23,2022-10-01,18,8,0,0,1679.5,Francisco Trinaldo,29,9,0,11
764342d39cdaa54a,Frank Camacho,1989-05-18,177.8,185.4,Orthodox,Lightweight,2017-06-17,2022-05-14,2,6,0,0,1388.8,Frank Camacho,22,10,0,24
44f9c777fed7ca03,Frank Caracci,1970-02-16,,,,Lightweight,1999-01-08,1999-01-08,0,1,0,0,1464.6,,,,,
c3c23c99477c041b,Frank Hamaker,,,,,,1994-03-11,1994-03-11,1,0,0,0,1540.0,,,,,
edd8d5d8089a35f8,Frank Lester,1984-06-10,180.3,,Orthodox,Welterweight,2009-06-20,2009-06-20,0,1,0,0,1460.0,,,,,
1ff9589f9065a9ed,Frank Mir,1979-05-24,190.5,200.7,Southpaw,Heavyweight,2001-11-02,2016-03-19,16,11,0,0,1559.7,Frank Mir,19,13,0,2
fcaae0385b514f11,Frank Shamrock,1972-12-08,177.8,,Orthodox,Light Heavyweight,1997-12-21,1999-09-24,5,0,0,0,1678.3,Frank Shamrock,23,10,2,21
d2d37e8eeb3abc8d,Frank Trigg,1972-05-07,175.3,180.3,Southpaw,Welterweight,2003-11-21,2010-02-06,2,5,0,0,1447.9,Frank Trigg,21,9,0,11
f2688492b9a525a3,Frankie Edgar,1981-10-16,167.6,172.7,Orthodox,Bantamweight,2007-02-03,2022-11-12,18,11,1,0,1615.5,Frankie Edgar,24,11,1,6
96c336b463e0662c,Frankie Perez,1989-05-11,180.3,185.4,Orthodox,Lightweight,2015-01-18,2017-07-22,1,3,0,0,1437.5,Frankie Perez,11,4,0,10
9ba2226646046b63,Frankie Saenz,1980-08-12,167.6,167.6,Orthodox,Bantamweight,2014-08-16,2020-08-01,5,5,0,0,1471.9,Frankie Saenz,12,7,0,9
8d5daf67983b65ba,Fred Ettish,1955-10-12,182.9,,Southpaw,,1994-03-11,1994-03-11,0,1,0,0,1455.8,,,,,
320edfb0332b7073,Fredson Paixao,1979-05-13,167.6,167.6,Orthodox,Featherweight,2010-12-04,2010-12-04,0,1,0,0,1460.0,Fredson Paixão,11,5,0,15
0ccab7c889ede9ea,Fredy Serrano,1979-09-22,160.0,165.1,Orthodox,Flyweight,2015-03-21,2016-12-17,2,2,0,0,1500.8,Fredy Serrano,4,2,0,1
5eb50529a8418b77,Gabe Green,1993-05-02,177.8,185.4,Switch,Lightweight,2020-05-30,2025-05-17,3,3,0,0,1518.6,Gabriel Green (fighter),11,5,0,11
ccba80d4820ef557,Gabe Ruediger,1977-08-29,177.8,,Orthodox,Lightweight,2006-09-23,2011-02-05,0,3,0,0,1398.5,Gabe Ruediger,18,8,0,12
f7e856a73c96048e,Gable Steveson,2000-05-31,180.3,188.0,Orthodox,Heavyweight,2026-07-11,2026-09-19,1,1,0,0,1482.4,Gable Steveson,4,1,0,3
436f970c9ea9169c,Gabriel Benitez,1988-06-15,172.7,180.3,Southpaw,Lightweight,2014-11-15,2024-04-27,7,8,0,0,1458.2,Gabriel Benítez,23,12,0,20
01641ba5df0c69b0,Gabriel Bonfim,1997-08-20,185.4,182.9,Orthodox,Welterweight,2023-01-21,2026-06-06,7,1,0,0,1764.9,Gabriel Bonfim,20,1,0,13
270b89c00ef0c55c,Gabriel Gonzaga,1979-05-18,188.0,193.0,Orthodox,Heavyweight,2005-11-19,2016-04-10,12,10,0,0,1504.2,Gabriel Gonzaga,17,12,0,5
b909a9a9688b5284,Gabriel Miranda,1990-03-25,180.3,180.3,Orthodox,Featherweight,2022-09-03,2025-03-29,1,3,0,0,1425.2,,,,,
f2f140ce7532e327,Gabriel Santos,1996-11-28,175.3,177.8,Orthodox,Featherweight,2023-03-18,2025-02-08,2,2,0,0,1540.5,,,,,
002ca196477ce572,Gabriel Silva,1994-08-26,167.6,180.3,Orthodox,Bantamweight,2019-07-20,2020-02-29,0,2,0,0,1431.6,,,,,
a6eb54ae17a551be,Gabriella Fernandes,1993-08-13,167.6,167.6,Southpaw,Women's Flyweight,2023-02-25,2026-03-28,3,3,0,0,1492.3,,,,,
684d3aee255a3d09,Gadzhi Omargadzhiev,1993-02-24,185.4,180.3,Switch,Welterweight,2022-04-16,2022-10-22,0,2,0,0,1424.2,,,,,
af997f7611673880,Gadzhimurad Antigulov,1987-02-09,180.3,177.8,Orthodox,Light Heavyweight,2016-11-19,2020-10-17,2,4,0,0,1418.8,Gadzhimurad Antigulov,20,11,0,18
8765559b6a29a421,Gaetano Pirrello,1992-04-29,170.2,165.1,Orthodox,Bantamweight,2021-01-20,2021-10-02,0,2,0,0,1433.5,,,,,
8a56ea383fd26e52,Galore Bofando,1982-05-22,180.3,182.9,Switch,Welterweight,2017-07-16,2017-12-16,1,1,0,0,1502.5,,,,,
d90b630e0561818b,Gan McGee,1976-11-20,208.3,,Orthodox,Heavyweight,2000-11-17,2003-09-26,2,2,0,0,1516.6,Gan McGee,13,5,0,7
129537073431e52e,Garett Whiteley,1980-12-13,182.9,182.9,Orthodox,Lightweight,2013-10-09,2014-12-13,0,3,0,0,1386.8,Garett Whiteley,7,3,0,7
f215cfbd4ba3c270,Garreth McLellan,1982-09-01,185.4,182.9,Southpaw,Middleweight,2015-04-11,2017-03-11,1,4,0,0,1417.8,Garreth McLellan,13,7,0,14
1effd880e1f1bb30,Garrett Armfield,1996-10-09,167.6,177.8,Orthodox,Bantamweight,2022-07-09,2024-11-02,2,3,0,0,1482.1,,,,,
fbbde91f7bc2d3c5,Gary Goodridge,1966-01-17,190.5,,Orthodox,Heavyweight,1996-02-16,1999-03-05,4,4,0,0,1531.4,Gary Goodridge,23,22,1,0
7a39bbac8cc0fa70,Gasan Umalatov,1982-09-11,180.3,180.3,Orthodox,Welterweight,2014-02-01,2015-11-07,1,3,0,0,1444.3,Gasan Umalatov,18,5,3,13
96924b0019b3aff1,Gaston Bolanos,1992-09-14,170.2,175.3,Orthodox,Featherweight,2023-04-15,2026-06-20,3,2,0,0,1519.5,,,,,
b2a78df161bd67f9,Gauge Young,2000-07-14,175.3,177.8,Orthodox,Lightweight,2025-04-26,2026-08-22,2,2,0,0,1478.8,,,,,
da816417a579a0bd,Gavin Tucker,1986-06-17,167.6,167.6,Southpaw,Featherweight,2017-02-19,2023-08-05,4,3,0,0,1523.5,Gavin Tucker,13,3,0,9
c169545ab0825f44,Geane Herrera,1990-05-27,165.1,167.6,Orthodox,Flyweight,2015-08-08,2016-11-26,1,3,0,0,1442.9,Geane Herrera,10,3,0,8
232c582f29f8f65e,Gegard Mousasi,1985-08-01,188.0,193.0,Orthodox,Middleweight,2013-04-06,2017-04-08,9,3,0,0,1794.0,Gegard Mousasi,49,9,2,37
cda1099995b46cc2,Genaro Valdez,1992-01-16,175.3,182.9,Orthodox,Lightweight,2022-01-22,2023-07-15,0,3,0,0,1380.2,,,,,
99dd0147dc4ef80c,Genki Sudo,1978-03-08,175.3,,Orthodox,Lightweight,2002-07-13,2004-04-02,2,1,0,0,1535.9,Genki Sudo,16,4,1,10
b997be68943010fc,Geoff Neal,1990-08-28,180.3,190.5,Southpaw,Welterweight,2018-02-18,2026-02-21,8,6,0,0,1599.8,Geoff Neal,16,8,0,10
3c0437fbeda06962,George Roop,1981-11-10,185.4,182.9,Orthodox,Bantamweight,2008-12-13,2015-09-26,5,8,0,0,1451.2,George Roop,15,13,1,11
896c322f56b8be5a,George Sotiropoulos,1977-07-09,177.8,180.3,Orthodox,Lightweight,2007-12-08,2013-10-19,7,4,0,0,1533.9,George Sotiropoulos,14,7,0,9
6c7e25571490aa3b,George Sullivan,1981-03-13,182.9,185.4,Orthodox,Welterweight,2014-01-25,2018-08-25,3,4,0,0,1458.6,George Sullivan (fighter),19,8,0,18
6506c1d34da9c013,Georges St-Pierre,1981-05-19,180.3,193.0,Orthodox,Middleweight,2004-01-31,2017-11-04,20,2,0,0,1988.2,Georges St-Pierre,26,2,0,5
c4b81cdecd5d6abe,Gerald Harris,1979-11-19,180.3,195.6,Southpaw,Middleweight,2010-01-11,2010-11-20,3,1,0,0,1554.9,Gerald Harris,26,8,1,16
6ac9bc2953c47345,Gerald Meerschaert,1987-12-18,185.4,195.6,Southpaw,Middleweight,2016-12-09,2026-05-02,12,14,0,0,1429.7,Gerald Meerschaert,37,22,0,33
04f9fe830cf13482,Gerald Strebendt,1979-03-01,175.3,,Orthodox,Lightweight,2003-09-26,2003-09-26,0,1,0,0,1460.0,Gerald Strebendt,9,7,0,8
9cfbfae5fa1fdd93,Geraldo de Freitas,1991-09-30,170.2,182.9,Orthodox,Bantamweight,2019-02-02,2020-11-14,1,2,0,0,1495.1,Geraldo de Freitas,15,8,0,15
279093302a6f44b3,Gerard Gordeau,1959-03-30,195.6,,Orthodox,,1993-11-12,1993-11-12,2,1,0,0,1540.5,,,,,
1d239d571e342453,Germaine de Randamie,1984-04-24,175.3,180.3,Orthodox,Women's Bantamweight,2013-07-27,2024-04-06,7,3,0,0,1642.1,Germaine de Randamie,10,5,0,5
30cd319d39ee689b,Gerry Harris,,203.2,,Orthodox,,1995-09-08,1995-09-08,0,1,0,0,1465.0,,,,,
304fcd812f12c589,Geza Kalman,,185.4,,,,1995-09-08,1996-07-12,1,1,0,0,1508.6,,,,,
fcd448a2fe1a23cc,Gian Villante,1985-08-18,190.5,193.0,Orthodox,Heavyweight,2013-04-27,2021-11-06,7,11,0,0,1373.2,Gian Villante,17,14,0,13
51ec9dc3b4964f19,Gianni Vazquez,1994-07-17,170.2,180.3,Orthodox,Featherweight,2026-02-07,2026-08-08,0,2,0,0,1429.2,,,,,
ea3ef6206c7907d5,Gideon Ray,1973-05-27,177.8,,Southpaw,Middleweight,2005-02-05,2006-11-11,0,3,0,0,1392.6,Gideon Ray,17,15,1,9
9560ff14eb3129f7,Giga Chikadze,1988-08-25,182.9,188.0,Orthodox,Featherweight,2019-09-28,2026-09-19,8,5,0,0,1554.9,Giga Chikadze,15,7,0,9
651d209fa8c8cd83,Gigi Canuto,2002-11-16,157.5,162.6,Orthodox,Women's Strawweight,2026-08-08,2026-08-08,0,1,0,0,1460.0,,,,,
31ceaf0e670c1578,Gil Castillo,1965-10-21,175.3,,Southpaw,Welterweight,2001-09-28,2002-11-22,1,2,0,0,1482.7,Gil Castillo,11,5,0,8
d26934530dc5b248,Gilbert Aldana,1977-08-25,185.4,,Orthodox,Heavyweight,2006-02-04,2006-07-08,0,2,0,0,1429.6,,,,,
23024fdfc966410a,Gilbert Burns,1986-07-20,177.8,180.3,Orthodox,Welterweight,2014-07-26,2026-04-18,15,10,0,0,1628.9,Gilbert Burns,22,10,0,7
aa5b4eff51bdc7d1,Gilbert Melendez,1982-04-12,175.3,185.4,Orthodox,Featherweight,2013-04-20,2019-07-06,1,6,0,0,1435.8,Gilbert Melendez,22,8,0,23
54ed8dc6f8c31207,Gilbert Smith,1981-10-19,175.3,,Southpaw,Middleweight,2013-04-13,2013-04-13,0,1,0,0,1460.0,,,,,
b12fb759e02378de,Gilbert Urbina,1996-04-05,190.5,190.5,Orthodox,Middleweight,2021-08-28,2026-08-01,2,3,0,0,1482.3,,,,,
d29b5c4f22c6357d,Gilbert Yvel,1976-06-30,188.0,195.6,Orthodox,Heavyweight,2010-01-02,2010-10-23,0,3,0,0,1409.7,Gilbert Yvel,40,16,1,48
38c7f72747f4f712,Gillian Robertson,1995-05-17,165.1,160.0,Orthodox,Women's Strawweight,2017-12-01,2026-08-15,14,7,0,0,1672.2,Gillian Robertson,17,9,0,5
016a8d958883167c,Gina Mazany,1988-08-19,167.6,172.7,Southpaw,Women's Flyweight,2017-02-19,2022-04-30,2,6,0,0,1372.3,Gina Mazany,8,6,0,4
00a3ff40c4b2cf21,Glaico Franca Moreira,1991-02-28,182.9,195.6,Orthodox,Lightweight,2015-08-01,2016-09-24,1,2,0,0,1470.8,,,,,
75e5fec9f72910ef,Gleison Tibau,1983-10-07,177.8,180.3,Southpaw,Lightweight,2006-11-18,2018-06-01,16,12,0,0,1490.9,Gleison Tibau,40,19,0,18
5dd180c8b3196786,Gloria de Paula,1995-06-10,165.1,170.2,Orthodox,Women's Strawweight,2021-03-13,2022-06-18,1,3,0,0,1438.4,Gloria de Paula,6,7,0,7
7ff97850e8c32bda,Glover Teixeira,1979-10-28,188.0,193.0,Orthodox,Light Heavyweight,2012-05-26,2023-01-21,16,7,0,0,1735.6,Glover Teixeira,33,9,0,19
fa37628269132d1a,Godofredo Pepey,1987-07-02,170.2,185.4,Orthodox,Featherweight,2012-06-23,2018-01-27,5,6,0,0,1484.9,Godofredo Pepey,14,7,0,8
4690d47bf725fd98,Gokhan Saki,1983-10-19,182.9,185.4,Orthodox,Light Heavyweight,2017-09-22,2018-07-07,1,1,0,0,1491.4,Gökhan Saki,1,2,0,1
1a97a3ef4c758fae,Gokhan Saricam,1991-02-28,190.5,190.5,Orthodox,Heavyweight,2026-04-18,2026-04-18,1,0,0,0,1542.9,,,,,
132f860d02953f4c,Goran Reljic,1984-03-20,190.5,205.7,Southpaw,Light Heavyweight,2008-05-24,2010-11-13,1,3,0,0,1458.4,Goran Reljić,21,12,0,7
99bd51917728c25d,Grant Dawson,1994-02-20,177.8,182.9,Switch,Lightweight,2019-03-09,2026-05-09,12,2,1,0,1755.1,Grant Dawson,24,3,1,12
7d96bc577e5178b2,Gray Maynard,1979-05-09,175.3,177.8,Orthodox,Lightweight,2007-06-23,2018-10-06,11,7,1,1,1532.6,Gray Maynard,13,7,1,2
85073dbd1be65ed9,Greg Hardy,1988-07-28,195.6,203.2,Orthodox,Heavyweight,2019-01-19,2022-03-05,4,5,0,1,1476.8,Greg Hardy,12,4,0,6
9c669abd35b2522f,Greg Soto,1986-06-03,180.3,185.4,Orthodox,Welterweight,2010-03-27,2011-01-01,1,2,0,0,1479.4,Greg Soto,9,4,0,7
91181b29be041f1c,Greg Stott,,170.2,,Southpaw,Heavyweight,1997-10-17,1997-10-17,0,1,0,0,1471.6,,,,,
84ff027394f7e470,Gregor Gillespie,1986-11-13,170.2,180.3,Orthodox,Lightweight,2016-09-24,2021-05-08,7,1,0,0,1714.1,Gregor Gillespie,14,1,0,7
d1c65d2cf2925ddd,Gregory Rodrigues,1992-02-17,190.5,190.5,Orthodox,Middleweight,2021-06-05,2026-08-22,11,3,0,0,1786.0,Gregory Rodrigues,20,6,0,12
d3fa5c5955397532,Grigory Popov,1984-04-18,170.2,172.7,Switch,Bantamweight,2019-06-08,2019-11-09,0,2,0,0,1438.2,,,,,
2c1170b825f58e57,Guangyou Ning,1981-12-15,162.6,162.6,Southpaw,Featherweight,2014-08-23,2016-11-26,2,2,0,0,1508.1,,,,,
d05412b513b19621,Guido Cannetti,1979-12-19,167.6,172.7,Southpaw,Bantamweight,2014-11-15,2023-03-11,4,6,0,0,1478.2,Guido Cannetti,10,8,0,7
ba15006c804a8de0,Guilherme Pat,1994-04-20,198.1,205.7,Orthodox,Heavyweight,2025-12-13,2026-08-08,1,2,0,0,1475.0,,,,,
d6d5da3c209884bc,Guilherme Vasconcelos,1986-03-23,182.9,,Orthodox,Middleweight,2014-07-05,2014-07-05,0,1,0,0,1456.0,,,,,
fd55393021a8c255,Gunnar Nelson,1988-07-28,180.3,182.9,Switch,Welterweight,2012-09-29,2025-03-22,10,6,0,0,1651.9,Gunnar Nelson (fighter),19,8,1,12
7772b283d288dbe2,Guram Kutateladze,1992-01-08,180.3,182.9,Orthodox,Lightweight,2020-10-17,2025-03-22,2,3,0,0,1472.8,Guram Kutateladze (fighter),14,6,0,13
93b62c5f2ba18e51,Gustavo Lopez,1989-06-27,165.1,170.2,Orthodox,Bantamweight,2020-06-13,2021-09-18,1,2,1,0,1479.8,Gustavo Lopez (fighter),16,10,1,15
e7fe5315b1efeb92,Guto Inocente,1986-05-29,190.5,,Orthodox,Light Heavyweight,2014-07-06,2014-11-07,0,2,0,0,1428.5,Guto Inocente,11,8,0,8
946f341df6472ee0,Guy Mezger,1968-01-01,185.4,,Orthodox,Middleweight,1994-12-16,1999-03-05,4,1,0,0,1584.4,Guy Mezger,30,14,2,0
ed209f6618c82e41,Hacran Dias,1984-06-16,172.7,175.3,Orthodox,Lightweight,2012-06-23,2017-10-28,3,5,0,0,1454.3,Hacran Dias,29,13,1,22
3c26c420584d912d,Hailey Cowan,1992-02-12,172.7,170.2,Southpaw,Women's Bantamweight,2023-04-29,2026-08-01,0,4,0,0,1368.4,,,,,
2c9d00968f818270,Hakeem Dawodu,1991-07-02,172.7,185.4,Orthodox,Featherweight,2018-03-17,2023-08-12,6,4,0,0,1521.4,Hakeem Dawodu,14,4,1,8
3329d692aea4dc28,Hamdy Abdelwahab,1993-01-22,188.0,182.9,Southpaw,Heavyweight,2022-07-30,2025-10-25,2,1,0,1,1518.8,Hamdy Abdelwahab,7,2,0,5
2244d9a2b64b8c3b,Hannah Cifers,1992-06-26,154.9,157.5,Orthodox,Women's Strawweight,2018-11-10,2020-08-29,2,5,0,0,1367.0,Hannah Cifers,10,7,0,10
26e3f3928b1891d9,Hannah Goldy,1992-05-18,162.6,154.9,Orthodox,Women's Strawweight,2019-08-03,2023-09-23,1,4,0,0,1397.2,Hannah Goldy,7,4,0,5
523f6ad11dbe9b53,Hans Stringer,1987-07-06,190.5,,Orthodox,Light Heavyweight,2014-03-23,2015-07-18,1,2,0,0,1443.2,Hans Stringer,22,8,3,29
a2b06ca02bca14c0,Harold Howard,,188.0,,Orthodox,,1994-09-09,1995-09-08,1,2,0,0,1459.5,Harold Howard,1,3,0,0
2dbc60c52de126d8,Harry Hardwick,1994-09-29,172.7,180.3,Switch,Featherweight,2025-09-06,2026-03-14,0,2,0,0,1430.3,,,,,
f703250471acaf96,Harry Hunsucker,1989-01-03,188.0,190.5,Orthodox,Light Heavyweight,2021-03-20,2022-08-20,0,3,0,0,1393.6,,,,,
4dc496aa0cfc0d95,Harry Moskowitz,,195.6,,Orthodox,Heavyweight,1997-10-17,1998-05-15,0,2,0,0,1444.1,Harry Moskowitz,6,12,0,5
ef7fa30364cbe7f2,Hatsu Hioki,1983-07-18,180.3,185.4,Orthodox,Featherweight,2011-10-29,2015-05-09,3,5,0,0,1447.8,Hatsu Hioki,30,12,2,30
85e26e2468b4e82f,Hayato Sakurai,1975-08-24,170.2,,Orthodox,Welterweight,2002-03-22,2002-03-22,0,1,0,0,1468.0,Hayato Sakurai,38,13,2,22
cf615eb4b7862c76,Hayder Hassan,1982-10-20,177.8,,,Welterweight,2015-07-12,2015-12-19,0,2,0,0,1420.0,Hayder Hassan,9,5,0,7
3e03cec9767d37e6,He-Man Gipson,,,,,,1995-07-14,1995-07-14,0,1,0,0,1451.7,,,,,
7450525c7ba032a0,Heath Herring,1978-03-02,193.0,198.1,Orthodox,Heavyweight,2007-01-25,2008-08-09,2,3,0,0,1450.1,Heath Herring,28,16,0,31
dd4c16777fb2ccf9,Heather Clark,1980-09-19,167.6,162.6,Orthodox,Women's Strawweight,2014-12-12,2016-11-05,1,2,0,0,1460.3,Heather Clark (fighter),8,6,0,10
ec3bd30378d63dd1,Hecher Sosa,1995-08-25,175.3,177.8,Orthodox,Bantamweight,2026-03-14,2026-03-14,1,0,0,0,1535.7,,,,,
c487223b0289bda9,Hector Aldana,1988-08-17,180.3,182.9,Orthodox,Welterweight,2018-06-23,2019-10-12,0,3,0,0,1396.0,Hector Aldana,5,3,0,4
db1f2ed63b54b9a7,Hector Lombard,1978-02-02,175.3,180.3,Southpaw,Middleweight,2012-07-21,2018-09-22,3,8,0,1,1433.0,Héctor Lombard,34,11,1,35
d1759b2b7be9be56,Hector Ramirez,1976-03-28,182.9,,Orthodox,Light Heavyweight,2006-11-18,2007-06-16,0,2,0,0,1429.5,,,,,
449c890bd90f3374,Hector Sandoval,1986-07-19,157.5,162.6,Orthodox,Flyweight,2016-07-30,2017-08-05,2,2,0,0,1504.6,Hector Sandoval,15,4,0,14
8e4902b4a8045070,Hector Santiago,1993-03-21,165.1,172.7,Orthodox,Bantamweight,2026-08-29,2026-08-29,1,0,0,0,1542.3,,,,,
4b8fb0453a596b8e,Hector Urbina,1987-09-17,180.3,185.4,Orthodox,Welterweight,2014-11-15,2016-09-24,1,2,0,0,1459.9,Héctor Urbina,17,11,1,25
b0bd0c5425668b8f,Henrique da Silva,1989-09-01,190.5,193.0,Orthodox,Light Heavyweight,2016-06-04,2017-09-22,2,4,0,0,1411.3,Henrique da Silva (fighter),20,12,0,10
01fcef7e3d051722,Henry Briones,1980-10-22,172.7,175.3,Orthodox,Bantamweight,2014-11-15,2018-05-19,1,4,0,0,1406.3,Henry Briones,16,8,1,20
056c493bbd76a918,Henry Cejudo,1987-02-09,162.6,162.6,Orthodox,Bantamweight,2014-12-13,2025-12-06,10,6,0,0,1669.2,Henry Cejudo,16,6,0,6
76729a829623e266,Henry Martinez,1983-08-07,170.2,175.3,Southpaw,Lightweight,2012-02-04,2012-12-08,1,2,0,0,1464.8,Henry Martinez (fighter),9,4,0,9
4f140403000158b5,Herbert Burns,1988-02-02,175.3,185.4,Orthodox,Featherweight,2020-01-25,2024-08-17,2,4,0,0,1423.5,Herbert Burns,11,6,0,11
e0ec3c3b6b611f7e,Hermes Franca,1974-08-26,167.6,180.3,Orthodox,Lightweight,2003-04-25,2009-09-19,6,5,0,0,1561.0,Hermes França,26,20,0,6
575360be653ad6a6,Hernani Perpetuo,1985-05-24,182.9,,Orthodox,Welterweight,2014-04-19,2014-07-26,0,2,0,0,1438.3,Hernani Perpetuo,21,9,0,21
634e2fb70bde3fd5,Holly Holm,1981-10-17,172.7,175.3,Southpaw,Women's Bantamweight,2015-02-28,2024-04-13,8,7,0,1,1581.4,Holly Holm,15,7,0,7
e56df3c1d8b4b1cc,Homer Moore,1971-11-27,177.8,,Orthodox,Light Heavyweight,2001-11-02,2001-11-02,0,1,0,0,1468.5,Homer Moore,26,9,2,11
cd85b48dc880fabd,Horacio Gutierrez,1990-09-15,177.8,,,Featherweight,2015-11-21,2016-08-06,0,2,0,0,1429.0,,,,,
0541480fbf719d86,Houston Alexander,1972-03-22,182.9,182.9,Orthodox,Light Heavyweight,2007-05-26,2009-12-05,2,4,0,0,1422.2,Houston Alexander,17,16,1,8
312f47c3d2f83ffa,Houston Dorr,,185.4,,Orthodox,Heavyweight,1997-10-17,1997-10-17,0,1,0,0,1456.3,,,,,
f1175ea3aafbf351,Hu Yaozong,1995-04-07,190.5,182.9,Orthodox,Middleweight,2017-11-25,2021-10-30,0,3,0,0,1380.5,Hu Yaozong,5,4,0,3
706404da0775dcbc,Hugo Duarte,1968-08-09,182.9,,Orthodox,Heavyweight,1998-05-15,1998-05-15,0,1,0,0,1465.4,,,,,
f95381efb3051d81,Hugo Viana,1982-09-26,167.6,170.2,Orthodox,Bantamweight,2012-06-23,2015-08-01,3,3,0,0,1467.7,Hugo Viana (fighter),10,5,0,8
2c2caf2f2bab9df5,Humberto Bandenay,1994-09-04,180.3,180.3,Southpaw,Featherweight,2017-08-05,2019-08-10,1,3,0,0,1422.6,Humberto Bandenay,27,10,0,18
e9e7e1c8ff289e1b,Humberto Brown Morrison,1984-11-03,177.8,,,Featherweight,2014-11-15,2014-11-15,0,1,0,0,1460.0,,,,,
2af2f2e26c4c0402,Hunter Azure,1992-03-02,172.7,175.3,Orthodox,Bantamweight,2019-09-14,2021-04-10,2,2,0,0,1527.4,Hunter Azure,13,5,0,7
41cc71cbf210e0fe,Hyder Amil,1990-05-28,175.3,177.8,Switch,Featherweight,2024-02-10,2026-06-20,3,3,0,0,1468.0,Hyder Amil,11,3,0,8
203c957eac95dd87,Hyun Gyu Lim,1985-01-16,190.5,195.6,Orthodox,Welterweight,2013-03-02,2017-09-22,3,4,0,0,1454.0,Lim Hyun-gyu,13,7,1,14
b671bdf981ad527d,HyunSung Park,1995-11-04,170.2,167.6,Orthodox,Flyweight,2023-02-04,2025-10-18,3,2,0,0,1520.2,,,,,
d7adfcfdf7c6c1f8,Ian Entwistle,1986-11-19,165.1,,Orthodox,Bantamweight,2014-06-28,2016-04-10,1,2,0,0,1466.4,Ian Entwistle,9,5,0,9
b4bc2e3353a770b5,Ian Freeman,1966-11-10,180.3,,Orthodox,Heavyweight,2000-03-10,2003-06-06,3,2,1,0,1535.3,,,,,
2e585c701f72fe55,Ian Heinisch,1988-08-05,180.3,182.9,Orthodox,Middleweight,2018-11-17,2021-07-24,3,4,0,0,1513.8,Ian Heinisch,14,5,0,12
eea0274e153256a0,Ian Loveland,1983-09-07,172.7,,Orthodox,Bantamweight,2010-12-04,2011-08-27,1,2,0,0,1473.6,Ian Loveland,17,10,0,20
442c9011034ae1fd,Ian Machado Garry,1997-11-17,190.5,188.0,Orthodox,Welterweight,2021-11-06,2026-08-15,10,2,0,0,1795.6,Ian Machado Garry,17,2,0,7
701e057d63c124d9,Ian McCall,1984-05-07,165.1,162.6,Orthodox,Flyweight,2012-03-02,2015-01-31,2,3,1,0,1496.4,Ian McCall (fighter),13,7,1,13
abcf2cc6efc42031,Iasmin Lucindo,2002-01-08,160.0,167.6,Orthodox,Women's Strawweight,2022-08-13,2025-08-09,5,2,0,0,1613.9,Iasmin Lucindo,18,6,0,17
6e8f1bcdda94ff45,Ibo Aslan,1996-04-23,190.5,195.6,Orthodox,Light Heavyweight,2024-03-30,2025-12-06,2,3,0,0,1434.3,,,,,
49efbdc6c9f650c4,Icho Larenas,1980-03-12,190.5,,Orthodox,Heavyweight,2006-03-04,2006-03-04,0,1,0,0,1460.0,,,,,
e4a47b07044ddd72,Ignacio Bahamondes,1997-08-27,190.5,190.5,Orthodox,Welterweight,2021-04-10,2026-09-12,7,4,0,0,1614.8,Ignacio Bahamondes,18,7,0,14
dbea8c1cb327ab3d,Igor Araujo,1980-12-06,185.4,195.6,Orthodox,Welterweight,2013-10-09,2015-07-15,2,2,0,0,1495.6,Igor Araújo,25,10,0,30
53278852bcd91e11,Igor Pokrajac,1979-01-02,182.9,188.0,Orthodox,Light Heavyweight,2009-09-19,2016-04-10,4,8,0,1,1375.4,Igor Pokrajac,29,15,0,26
6ad8e4296f7522d9,Igor Severino,2003-04-21,170.2,175.3,Orthodox,Flyweight,2024-03-23,2024-03-23,0,1,0,0,1460.0,Igor Severino,10,1,0,8
108afe61a26bcbf4,Igor Zinoviev,1966-05-23,185.4,,Orthodox,Light Heavyweight,1998-03-13,1998-03-13,0,1,0,0,1465.6,,,,,
260bd4cef10b033f,Ihor Potieria,1996-05-29,190.5,190.5,Southpaw,Middleweight,2022-07-30,2025-01-11,2,6,0,0,1406.4,,,,,
f9d0cae37dabfafc,Ike Villanueva,1984-04-04,185.4,185.4,Orthodox,Light Heavyweight,2020-05-13,2022-04-23,1,5,0,0,1352.3,,,,,
b07aed698fba8624,Ikram Aliskerov,1992-12-07,182.9,193.0,Southpaw,Middleweight,2023-05-06,2026-06-27,5,1,0,0,1696.3,Ikram Aliskerov,18,2,0,14
ce6065baef021cf3,Ikuhisa Minowa,1976-01-12,175.3,,Orthodox,Middleweight,2000-04-14,2000-04-14,1,0,0,0,1545.2,Ikuhisa Minowa,64,45,8,27
7c6e87729e824ef4,Ildemar Alcantara,1982-11-18,188.0,198.1,Orthodox,Middleweight,2013-01-19,2015-07-15,4,3,0,0,1471.1,Ildemar Alcântara,26,18,0,22
54f64b5e283b0ce7,Ilia Topuria,1997-01-21,170.2,175.3,Orthodox,Lightweight,2020-10-10,2026-06-14,9,1,0,0,1853.4,Ilia Topuria,17,1,0,8
14aa21bc82cac57d,Iliarde Santos,1980-09-25,165.1,170.2,Orthodox,Flyweight,2013-05-18,2013-10-09,0,3,0,0,1389.0,Iliarde Santos,32,15,1,35
e9a3aeb207578eea,Ilir Latifi,1982-07-28,177.8,185.4,Orthodox,Heavyweight,2013-04-06,2023-05-20,9,7,0,0,1587.5,Ilir Latifi,16,9,0,10
6e8349a0a0476d60,Imanol Rodriguez,1999-11-15,162.6,162.6,Orthodox,Flyweight,2026-02-28,2026-02-28,1,0,0,0,1532.9,,,,,
257b0c8d6f199895,Impa Kasanganay,1994-01-17,180.3,190.5,Orthodox,Welterweight,2020-08-29,2021-09-18,2,2,0,0,1494.4,Impa Kasanganay,20,7,0,7
cd13728ae1151f46,Ion Cutelaba,1993-12-14,185.4,190.5,Southpaw,Light Heavyweight,2016-06-18,2026-06-20,9,11,1,0,1532.4,Ion Cutelaba,20,12,1,13
578ef12674df1e6a,Irene Aldana,1988-03-26,175.3,172.7,Orthodox,Women's Bantamweight,2016-12-17,2024-09-14,8,6,0,0,1624.1,Irene Aldana,15,8,0,8
103e2e33a60683e1,Irina Alekseeva,1990-06-27,172.7,170.2,Orthodox,Women's Bantamweight,2023-04-29,2025-10-11,1,3,0,0,1420.6,,,,,
06a80a685ea98573,Irwin Rivera,1989-02-14,167.6,170.2,Southpaw,Bantamweight,2020-05-16,2020-09-19,1,2,0,0,1468.2,Irwin Rivera,12,7,0,13
a57cb948c4c70a47,Isaac Dulgarian,1996-07-04,170.2,180.3,Orthodox,Featherweight,2023-08-12,2025-11-01,2,2,0,0,1514.4,,,,,
5d8006587d6a6711,Isaac Thomson,2002-05-03,177.8,175.3,,Featherweight,2025-12-13,2025-12-13,0,1,0,0,1471.6,,,,,
c295de4e10acd4c9,Isaac Vallie-Flagg,1978-04-08,172.7,177.8,Orthodox,Lightweight,2013-02-02,2014-11-22,1,3,0,0,1429.3,Isaac Vallie-Flagg,16,7,1,17
e0f959f65d0406b4,Isabela de Padua,1991-09-04,160.0,162.6,Orthodox,Women's Flyweight,2019-11-16,2019-11-16,0,1,0,0,1451.9,,,,,
e803242fb2e41112,Islam Dulatov,1998-08-02,190.5,190.5,Orthodox,Welterweight,2025-07-19,2025-07-19,1,0,0,0,1539.5,Islam Dulatov,12,1,0,12
275aca31f61ba28c,Islam Makhachev,1991-10-27,177.8,177.8,Southpaw,Welterweight,2015-05-23,2026-08-15,18,1,0,0,2051.2,Islam Makhachev,29,1,0,11
eb393afdbe3293d5,Ismael Bonfim,1995-12-28,172.7,180.3,Orthodox,Lightweight,2023-01-21,2026-07-25,2,4,0,0,1451.1,,,,,
6a96ad1bc34fb113,Ismail Naurdiev,1996-08-18,177.8,188.0,Orthodox,Middleweight,2019-02-23,2025-11-22,4,3,0,0,1560.0,Ismail Naurdiev,25,8,0,19
1338e2c7480bdf9e,Israel Adesanya,1989-07-22,193.0,203.2,Switch,Middleweight,2018-02-10,2026-03-28,13,6,0,0,1687.1,Israel Adesanya,24,6,0,11
57bf89d42364d39e,Issei Tamura,1984-03-12,165.1,160.0,Orthodox,Bantamweight,2012-02-25,2013-03-16,1,2,0,0,1461.4,Issei Tamura,15,12,0,8
efc67b07eed39794,Istela Nunes,1992-07-23,162.6,167.6,Orthodox,Women's Strawweight,2021-10-16,2025-04-05,0,5,0,0,1361.6,,,,,
2f95a3c6d58b2aad,Iuri Alcantara,1980-08-04,175.3,180.3,Southpaw,Bantamweight,2011-08-27,2018-08-25,10,7,0,1,1529.3,Iuri Alcântara,36,11,0,29
64ad3e3b0efa30bb,Ivan Erslan,1991-11-15,188.0,182.9,Orthodox,Light Heavyweight,2024-09-28,2026-05-16,1,3,0,0,1462.3,,,,,
19db7ac26308178f,Ivan Jorge,1980-11-07,175.3,185.4,Orthodox,Lightweight,2013-09-04,2015-07-18,2,2,0,0,1487.2,Ivan Jorge,27,7,0,27
5755960ebd0b16f6,Ivan Menjivar,1982-05-30,167.6,162.6,Orthodox,Featherweight,2004-06-19,2014-03-01,4,5,0,0,1448.2,Ivan Menjivar,25,12,0,16
394f55ebca199124,Ivan Salaverry,1971-01-11,182.9,,Orthodox,Middleweight,2002-05-10,2008-05-24,3,4,0,0,1454.1,Ivan Salaverry,14,9,0,10
b23fca14c7b79935,Ivan Serati,,182.9,,Orthodox,Light Heavyweight,2009-01-17,2009-01-17,0,1,0,0,1455.9,,,,,
38c5817ade8a8014,Ivana Petrovic,1994-06-11,172.7,177.8,Southpaw,Women's Flyweight,2023-07-01,2025-05-03,1,3,0,0,1428.5,,,,,
1c23ec2f1b71be40,Iwo Baraniewski,1998-11-20,182.9,185.4,Orthodox,Light Heavyweight,2025-12-06,2026-09-19,3,1,0,0,1573.5,Iwo Baraniewski,9,1,0,6
4fcf6e0c4e0e6664,Izabela Badurek,1991-07-11,165.1,,Orthodox,Women's Strawweight,2015-04-11,2015-04-11,0,1,0,0,1460.0,,,,,
3ec1e4ba98c9c85a,JC Cottrell,1989-11-04,175.3,,Orthodox,Lightweight,2016-07-23,2017-01-28,0,2,0,0,1420.7,,,,,
6fd953151d981979,JJ Aldrich,1992-09-29,165.1,170.2,Southpaw,Women's Flyweight,2016-12-09,2026-09-12,11,7,0,0,1564.5,JJ Aldrich,15,8,0,5
0b362247806341e5,JP Buys,1996-04-30,165.1,170.2,Orthodox,Bantamweight,2021-03-20,2023-08-12,0,4,0,0,1365.8,JP Buys,9,6,0,11
7a703c565ccaa18f,Jacare Souza,1979-12-07,185.4,182.9,Orthodox,Middleweight,2013-05-18,2021-05-15,9,7,0,0,1612.6,Ronaldo Souza,26,10,0,21
6b453bc35a823c3f,Jack Della Maddalena,1996-09-10,180.3,185.4,Switch,Welterweight,2022-01-22,2026-05-02,8,2,0,0,1750.6,Jack Della Maddalena,18,4,0,12
0a1942069c9ad6b6,Jack Hermansson,1988-06-10,185.4,195.6,Orthodox,Welterweight,2016-09-03,2025-11-22,11,8,0,0,1606.0,Jack Hermansson,24,10,0,15
a9da3158dd2c2b5a,Jack Jenkins,1993-11-03,170.2,172.7,Switch,Featherweight,2023-02-11,2026-08-29,4,3,0,0,1524.7,,,,,
045f25b3a4c08e81,Jack Marshman,1989-12-19,182.9,185.4,Orthodox,Middleweight,2016-11-19,2020-10-31,3,5,0,0,1436.8,Jack Marshman,23,10,0,25
2c6e81426dd7573c,Jack May,1981-04-14,203.2,,Switch,Heavyweight,2014-04-19,2014-08-16,0,2,0,0,1426.3,,,,,
237187ed9f419285,Jack McGlaughlin,,,,Orthodox,,1995-07-14,1995-07-14,0,1,0,0,1460.0,,,,,
53e533db1b8e9712,Jack Nilson,,,,,Lightweight,1996-12-07,1997-05-30,1,1,0,0,1500.5,,,,,
b8a85389d115e35a,Jack Shore,1995-02-06,172.7,180.3,Orthodox,Featherweight,2019-09-28,2024-11-02,6,3,0,0,1554.9,Jack Shore,17,3,0,11
4985113c0928aa62,Jackie Lee,,,,,Lightweight,1997-02-07,1997-02-07,0,1,0,0,1456.3,,,,,
3eeec2f53cebdf12,Jackson McVey,1999-03-25,193.0,195.6,Southpaw,Middleweight,2025-07-19,2026-08-22,2,2,0,0,1518.8,Jackson McVey,8,2,0,6
637bd06c32219f0b,Jacob Kilburn,1995-06-28,175.3,182.9,Orthodox,Featherweight,2019-12-07,2021-01-16,0,2,0,0,1420.0,,,,,
d4270315cbcf2569,Jacob Malkoun,1995-08-26,175.3,185.4,Orthodox,Middleweight,2020-10-24,2026-05-02,6,3,0,0,1615.0,Jacob Malkoun,10,3,0,4
6f81b6de2557739a,Jacob Volkmann,1980-09-05,175.3,180.3,Southpaw,Lightweight,2009-11-21,2013-02-02,6,4,0,0,1543.2,Jacob Volkmann,19,7,0,9
85497ffd934ecf7e,Jacobe Smith,1996-01-17,177.8,182.9,Southpaw,Welterweight,2025-01-11,2026-02-21,3,0,0,0,1609.7,,,,,
e3964ece586e0635,Jacqueline Cavalcanti,1997-08-29,172.7,177.8,Orthodox,Women's Bantamweight,2023-09-02,2026-05-16,5,1,0,0,1593.0,Jacqueline Cavalcanti,10,2,0,6
65adf3856c4d9256,Jafel Filho,1993-05-05,170.2,172.7,Orthodox,Bantamweight,2023-03-18,2026-04-25,3,3,0,0,1499.1,,,,,
4c88a1db5a46c6a4,Jai Herbert,1988-05-13,185.4,195.6,Orthodox,Lightweight,2020-07-25,2026-04-18,4,5,1,0,1533.7,Jai Herbert,14,6,1,11
41e83a89929d1327,Jailton Almeida,1991-06-26,190.5,200.7,Orthodox,Heavyweight,2022-02-05,2026-02-07,8,3,0,0,1674.3,Jailton Almeida,22,6,0,16
2cd428e9606856fd,Jairzinho Rozenstruik,1988-03-17,188.0,198.1,Orthodox,Heavyweight,2019-02-02,2025-02-01,9,6,0,0,1618.4,Jairzinho Rozenstruik,15,6,0,6
92fa1401b7927da3,Jake Collier,1988-10-25,190.5,198.1,Orthodox,Heavyweight,2014-12-20,2023-09-23,5,9,0,0,1398.0,Jake Collier,14,11,0,9
d81ac739417d7f53,Jake Ellenberger,1985-03-28,175.3,180.3,Orthodox,Welterweight,2009-09-16,2018-08-25,10,11,0,0,1451.7,Jake Ellenberger,31,15,0,25
60a42bf82447c919,Jake Hadley,1996-08-03,170.2,177.8,Southpaw,Bantamweight,2022-05-14,2024-10-19,3,4,0,0,1464.7,,,,,
e57fdbea1b828202,Jake Hecht,1984-02-09,182.9,185.4,Orthodox,Welterweight,2011-12-10,2012-06-08,1,2,0,0,1465.5,Jake Hecht,11,4,0,12
33e00249ef08d3a4,Jake Lindsey,1986-06-21,180.3,,Switch,Lightweight,2014-06-07,2015-03-14,0,3,0,0,1391.1,Jake Lindsey (fighter),15,11,0,9
a845f0735bc67405,Jake Matthews,1994-08-19,180.3,185.4,Orthodox,Welterweight,2014-06-28,2026-05-30,16,8,0,0,1680.6,Jake Matthews (fighter),23,8,0,7
20bcc9966affb19c,Jake O'Brien,1984-09-25,190.5,193.0,Orthodox,Light Heavyweight,2006-08-17,2009-07-11,4,3,0,0,1512.8,Jake O'Brien (fighter),15,4,0,7
4f2fcbefb668689d,Jake Rosholt,1982-02-09,185.4,,Orthodox,Middleweight,2009-02-07,2009-11-21,1,2,0,0,1479.8,Jake Rosholt,12,5,0,5
fe435e440b5de0ff,Jake Shields,1979-01-09,182.9,182.9,Orthodox,Welterweight,2010-10-23,2014-03-15,4,3,0,1,1539.1,Jake Shields,33,11,1,30
6902fcf0610dd303,Jakub Wiklacz,1996-09-10,177.8,182.9,Orthodox,Bantamweight,2025-10-04,2026-02-07,2,0,0,0,1562.3,,,,,
4d8fa64202cee4c1,Jalin Turner,1995-05-18,190.5,195.6,Southpaw,Lightweight,2018-10-06,2026-08-15,9,6,0,0,1668.6,Jalin Turner,15,9,0,10
5444c5a201d3ee5a,Jamahal Hill,1991-05-19,193.0,200.7,Southpaw,Light Heavyweight,2020-01-25,2025-06-21,6,4,0,1,1602.7,Jamahal Hill,12,4,0,6
f41b9f5efc7162d6,Jamal Pogues,1995-12-01,190.5,195.6,Orthodox,Heavyweight,2023-02-18,2025-02-01,2,2,0,0,1511.6,,,,,
e00a3dee329a51f7,Jamall Emmers,1989-07-24,177.8,188.0,Orthodox,Featherweight,2020-03-07,2026-08-22,6,4,0,0,1615.3,Jamall Emmers,23,8,0,21
984d15d5dc7bfcf9,James Bochnovic,1989-02-13,193.0,205.7,Orthodox,Middleweight,2017-07-08,2018-05-12,0,2,0,0,1420.6,,,,,
f74e037b97917027,James Giboo,1978-01-06,180.3,,Orthodox,Welterweight,2008-07-19,2008-07-19,0,1,0,0,1460.0,,,,,
1f77fce698e80488,James Hammortree,1983-11-29,190.5,,Orthodox,Middleweight,2010-06-19,2010-06-19,0,1,0,0,1460.0,,,,,
19a8cce18a1cef9e,James Head,1984-02-09,185.4,185.4,Orthodox,Welterweight,2011-06-11,2013-08-28,2,3,0,0,1456.0,James Head (fighter),9,4,0,8
a7f4d0902bb64092,James Irvin,1978-09-12,188.0,190.5,Orthodox,Light Heavyweight,2005-02-05,2010-08-01,4,6,0,0,1448.4,James Irvin (fighter),17,10,0,7
8f6a18831a120817,James Krause,1986-06-04,188.0,185.4,Orthodox,Welterweight,2013-06-15,2020-10-17,9,4,0,0,1712.2,James Krause (fighter),27,8,0,23
863d06a7ef8bc98c,James Lee,1973-09-22,180.3,,Southpaw,Light Heavyweight,2008-01-19,2008-01-19,0,1,0,0,1455.4,,,,,
93b2b7caa457cbea,James Llontop,1999-08-02,182.9,185.4,Orthodox,Lightweight,2024-04-27,2024-11-16,0,3,0,0,1412.0,,,,,
cac08b8685387ca5,James McSweeney,1980-10-24,193.0,195.6,Switch,Light Heavyweight,2009-12-05,2010-10-16,1,2,0,0,1455.9,James McSweeney,15,18,0,7
c06a9b48d4132c8e,James Moontasri,1988-04-10,177.8,180.3,Switch,Welterweight,2014-06-28,2016-12-17,2,4,0,0,1457.6,James Moontasri,9,5,0,8
8d5350fa18b79e9a,James Mulheron,1988-02-20,177.8,185.4,Orthodox,Heavyweight,2017-07-16,2017-07-16,0,1,0,0,1460.0,,,,,
f5431394fb284bb9,James Te Huna,1981-09-29,188.0,190.5,Orthodox,Light Heavyweight,2010-02-20,2016-03-19,5,5,0,0,1468.3,James Te Huna,16,8,0,15
d10b35152277cf98,James Toney,1968-08-24,175.3,,Orthodox,Heavyweight,2010-08-28,2010-08-28,0,1,0,0,1481.5,James Toney,0,1,0,0
6256b2b1562cb8e1,James Vick,1987-02-23,190.5,193.0,Orthodox,Welterweight,2013-08-17,2019-10-12,9,5,0,0,1572.2,James Vick,13,6,0,4
852454c572675334,James Wilks,1978-05-04,185.4,190.5,Orthodox,Welterweight,2009-06-20,2010-10-16,2,2,0,0,1499.0,James Wilks,7,4,0,7
4b4fc3ddc307bc73,James Zikic,1977-03-01,188.0,,Orthodox,Light Heavyweight,2002-07-13,2002-07-13,0,1,0,0,1460.0,,,,,
f0fad0e9f3b65752,Jamey Simmons,1992-09-11,167.6,177.8,Orthodox,Bantamweight,2020-11-07,2021-08-07,0,2,0,0,1431.2,,,,,
5c637af9472ae7cc,Jamey-Lyn Horth,1990-03-30,170.2,167.6,Orthodox,Women's Flyweight,2023-04-29,2026-04-18,4,3,0,0,1538.1,,,,,
882d62561063a927,Jamie Moyle,1989-03-17,154.9,165.1,Orthodox,Women's Strawweight,2016-12-03,2018-07-07,1,2,0,0,1447.1,Jamie Moyle,4,4,0,4
af9f42e6894047fc,Jamie Mullarkey,1994-08-17,182.9,188.0,Orthodox,Lightweight,2019-10-05,2026-01-31,6,7,0,0,1483.1,Jamie Mullarkey,18,9,0,14
830f60497fab345a,Jamie Pickett,1988-08-29,188.0,203.2,Orthodox,Middleweight,2020-12-19,2024-03-02,2,7,0,0,1339.2,Jamie Pickett,13,11,0,15
e6679e38e7fab7a8,Jamie Siraj,1994-06-28,170.2,167.6,Orthodox,Bantamweight,2026-04-18,2026-04-18,0,1,0,0,1455.0,,,,,
a54fc2d6fc224dc3,Jamie Varner,1984-10-12,172.7,180.3,Orthodox,Lightweight,2006-08-26,2014-12-13,3,6,0,0,1415.9,Jamie Varner,21,11,1,14
85248da6e9e2f7e7,Jamie Yager,1983-11-29,185.4,,Orthodox,Middleweight,2010-06-19,2010-06-19,0,1,0,0,1460.0,,,,,
99df7d0a2a08a8a8,Jan Blachowicz,1983-02-24,188.0,198.1,Orthodox,Light Heavyweight,2014-10-04,2026-08-01,12,9,2,0,1682.5,Jan Błachowicz,29,12,2,15
bc7d1ad49fcb2d08,Jaqueline Amorim,1995-06-24,160.0,172.7,Orthodox,Women's Strawweight,2023-04-08,2026-05-30,5,2,0,0,1605.5,,,,,
13a0275fa13c4d26,Jared Cannonier,1984-03-16,180.3,195.6,Switch,Middleweight,2015-01-03,2026-07-18,11,10,0,0,1622.6,Jared Cannonier,18,10,0,7
c730a0be691dc081,Jared Gooden,1993-12-05,182.9,195.6,Orthodox,Welterweight,2020-11-21,2024-10-12,2,5,0,0,1428.5,Jared Gooden,23,12,0,21
7026eca45f65377b,Jared Gordon,1988-09-06,175.3,172.7,Orthodox,Lightweight,2017-06-25,2026-05-09,9,8,0,1,1557.7,Jared Gordon,21,9,0,13
23459ee7e373b98f,Jared Hamman,1982-03-07,190.5,190.5,Orthodox,Middleweight,2009-11-14,2013-08-31,2,5,0,0,1391.2,Jared Hamman,14,6,0,12
edad57b3dddf2168,Jared Papazian,1988-02-01,172.7,170.2,Southpaw,Flyweight,2012-01-20,2012-12-15,0,3,0,0,1402.6,,,,,
c4b6099f0d25f75e,Jared Rollins,1977-01-26,175.3,,Orthodox,Welterweight,2007-12-08,2007-12-08,0,1,0,0,1460.0,Jared Rollins,8,4,0,11
91ea901c458e95dd,Jared Rosholt,1986-08-04,188.0,190.5,Orthodox,Heavyweight,2013-11-30,2016-02-06,6,2,0,0,1612.3,Jared Rosholt,20,8,0,9
2b68d9f125d07b42,Jared Vanderaa,1992-05-12,193.0,203.2,Orthodox,Heavyweight,2021-02-20,2022-10-29,1,6,0,0,1351.9,Jared Vanderaa,18,13,0,15
8614b7134913f5d5,Jarjis Danho,1983-10-15,190.5,188.0,Orthodox,Heavyweight,2016-02-27,2021-04-10,1,1,1,0,1518.1,Jarjis Danho,6,1,1,6
082eba4cd80f736f,Jarno Errens,1994-11-17,180.3,185.4,Orthodox,Featherweight,2022-09-03,2024-08-10,1,3,0,0,1450.5,,,,,
81d9df19e255b8b6,Jarred Brooks,1993-05-02,160.0,157.5,Switch,Flyweight,2017-07-29,2018-09-08,2,2,0,0,1482.5,Jarred Brooks,21,6,0,12
a9e260472d321361,Jasmine Jasudavicius,1989-03-01,170.2,172.7,Orthodox,Women's Flyweight,2022-01-22,2026-04-18,9,3,0,0,1703.6,Jasmine Jasudavicius,15,4,0,7
b2f743746e8dcfa2,Jason Black,1972-07-15,172.7,,Orthodox,Lightweight,2007-06-12,2007-10-20,0,2,0,0,1444.3,Jason Black,23,4,1,26
497ba5b12a4bfc47,Jason Brilz,1975-07-07,180.3,180.3,Orthodox,Light Heavyweight,2008-09-17,2011-11-19,3,4,0,0,1498.3,Jason Brilz,23,6,1,17
a6fd2173d5e2d7f0,Jason Day,1981-05-19,182.9,182.9,Orthodox,Middleweight,2008-04-19,2009-03-07,1,2,0,0,1477.2,Jason Day (fighter),19,12,0,24
6ceff86fae4f6b3b,Jason DeLucia,1969-07-24,180.3,,Southpaw,Middleweight,1993-11-12,1999-11-19,2,2,0,0,1504.1,Jason DeLucia,33,21,1,0
fa8b9e6b0c2269f8,Jason Dent,1980-06-12,177.8,180.3,Orthodox,Lightweight,2006-09-23,2009-11-21,1,3,0,0,1444.9,Jason Dent,22,13,0,20
adea9f0090aa8e14,Jason Fairn,,185.4,,,,1994-12-16,1994-12-16,0,1,0,0,1460.0,,,,,
91720876db0ee468,Jason Gilliam,1972-10-31,182.9,,Orthodox,Welterweight,2007-03-03,2007-07-07,0,2,0,0,1411.2,,,,,
5ca158b1cc9cb242,Jason Godsey,1964-01-01,188.0,,Orthodox,Heavyweight,1999-03-05,1999-09-24,0,2,0,0,1429.1,,,,,
e45cfa47f504033a,Jason Gonzalez,1990-02-28,188.0,188.0,Southpaw,Lightweight,2016-09-10,2019-04-27,1,3,0,0,1435.4,Jason Gonzalez (fighter),11,5,0,12
e5d03e4d966126bd,Jason High,1981-10-12,172.7,185.4,Southpaw,Lightweight,2010-03-31,2014-06-07,2,3,0,0,1497.7,Jason High,23,8,0,11
bb1a2cdad6ff34db,Jason Knight,1992-07-14,177.8,180.3,Orthodox,Featherweight,2015-12-11,2018-11-03,4,5,0,0,1480.3,Jason Knight (fighter),23,9,0,17
5be86bb2f78fef2f,Jason Lambert,1975-06-03,190.5,190.5,Orthodox,Middleweight,2006-03-04,2008-09-06,4,4,0,0,1471.0,Jason Lambert,26,13,0,24
2be6596a9db33bf5,Jason MacDonald,1975-06-03,190.5,203.2,Orthodox,Middleweight,2006-10-10,2012-05-15,6,8,0,0,1435.5,Jason MacDonald,25,16,0,23
b2f88c04c4dd43ce,Jason Miller,1980-12-24,185.4,,Orthodox,Middleweight,2005-04-16,2012-05-26,0,3,0,0,1416.9,Jason Miller (fighter),23,10,0,14
459e4dc69ec669b2,Jason Novelli,1979-06-08,182.9,,Orthodox,Lightweight,2016-08-06,2016-11-05,0,2,0,0,1450.5,,,,,
02500fb9fd79a974,Jason Reinhardt,1969-10-31,167.6,,Orthodox,Bantamweight,2007-11-17,2011-08-14,0,3,0,0,1396.8,Jason Reinhardt,20,3,0,18
4ac1ecf8ce59ef23,Jason Saggo,1985-11-23,180.3,180.3,Orthodox,Lightweight,2014-06-14,2017-09-16,3,3,0,0,1506.4,Jason Saggo,13,4,0,10
ad3041e61896b975,Jason Tan,1981-12-17,177.8,,Orthodox,Welterweight,2007-06-16,2008-05-24,0,2,0,0,1433.5,Jason Tan,5,3,0,5
f0264252e191da22,Jason Thacker,1975-08-18,177.8,,Orthodox,Middleweight,2005-04-09,2005-04-09,0,1,0,0,1460.0,,,,,
c4b9296214f4c09c,Jason Von Flue,1975-08-01,182.9,,Orthodox,Welterweight,2006-01-16,2006-08-17,1,2,0,0,1454.6,Jason Von Flue,14,12,1,15
5f3805dda9661cba,Jason Witt,1986-11-07,177.8,177.8,Orthodox,Welterweight,2020-06-27,2022-08-13,2,4,0,0,1418.3,Jason Witt,19,9,0,22
f59e9e49ef85b469,Jason Young,1986-06-28,175.3,185.4,Orthodox,Featherweight,2011-06-11,2012-09-29,1,3,0,0,1428.0,Jason Young (fighter),9,6,0,11
bbab3baf66128ae2,Javid Basharat,1995-09-07,175.3,175.3,Orthodox,Bantamweight,2022-03-12,2026-02-07,4,2,0,1,1567.7,Javid Basharat,16,2,1,11
4a574b8512fc1b30,Javier Reyes,1993-10-13,170.2,185.4,Orthodox,Featherweight,2026-02-28,2026-06-27,1,1,0,0,1500.2,,,,,
be5cfd73617a5b1a,Javier Vazquez,1977-07-16,170.2,175.3,Southpaw,Featherweight,2011-06-26,2011-06-26,1,0,0,0,1542.6,Javier Vazquez (fighter),16,5,0,18
683ea28a198936fe,Jay Cucciniello,1986-07-23,170.2,,Orthodox,Featherweight,2018-07-06,2018-07-06,0,1,0,0,1460.0,,,,,
5bb0a618ad03ac64,Jay Hieron,1976-07-29,182.9,190.5,Orthodox,Welterweight,2004-06-19,2013-02-02,0,4,0,0,1382.1,Jay Hieron,23,7,0,4
01fed6f61ebea01f,Jay Perrin,1993-06-15,170.2,170.2,Switch,Bantamweight,2022-02-19,2022-12-10,0,3,0,0,1390.1,,,,,
53bb0d40905b87c0,Jay Silva,1981-05-25,188.0,,Southpaw,Middleweight,2009-09-16,2010-01-11,0,2,0,0,1426.9,Jay Silva,12,13,1,6
ffd3224638c01b57,Jean Matsumoto,1999-09-09,167.6,172.7,Orthodox,Bantamweight,2024-04-06,2026-06-27,4,2,0,0,1600.2,,,,,
52ef95b5860fb28c,Jean Silva,1996-12-13,170.2,175.3,Orthodox,Featherweight,2024-01-13,2026-09-12,7,1,0,0,1738.4,Jean Silva,18,3,0,13
a3dda21be645be93,Jean-Paul Lebosnoyani,1999-01-27,180.3,182.9,Switch,Welterweight,2026-02-21,2026-07-18,2,0,0,0,1570.0,,,,,
c9bbf1a0285a8076,Jeff Cox,1968-08-02,177.8,,Orthodox,Lightweight,2007-06-12,2008-04-02,0,2,0,0,1425.5,,,,,
a8ea84cbe1655f0a,Jeff Curran,1977-09-02,167.6,175.3,Orthodox,Bantamweight,2004-01-31,2012-05-15,0,3,0,0,1390.3,Jeff Curran,36,18,1,23
97a8f39186f489db,Jeff Hougland,1978-08-02,170.2,172.7,Orthodox,Bantamweight,2011-07-02,2012-11-10,1,2,0,0,1454.8,Jeff Hougland,10,6,0,13
6a11e325aa60ad02,Jeff Hughes,1988-05-17,188.0,195.6,Orthodox,Heavyweight,2019-03-09,2020-09-26,0,3,0,1,1411.0,Jeff Hughes (fighter),10,4,0,11
388abbf8832b5adf,Jeff Joslin,1975-04-30,182.9,,Orthodox,Welterweight,2006-12-13,2006-12-13,0,1,0,0,1474.0,,,,,
008ea710276c9606,Jeff Molina,1997-07-17,167.6,175.3,Orthodox,Flyweight,2021-04-24,2022-06-04,3,0,0,0,1587.4,,,,,
cbfd1d34356a004c,Jeff Monson,1971-01-18,175.3,188.0,Orthodox,Heavyweight,2000-09-22,2006-11-18,4,3,0,0,1547.8,Jeff Monson,61,26,2,7
94609dd91731d428,Jeff Newton,1966-12-11,188.0,,Sideways,Light Heavyweight,2005-11-19,2005-11-19,0,1,0,0,1459.0,,,,,
4b85abc5abbe657c,Jefferson Nascimento,1998-11-19,172.7,177.8,Orthodox,Welterweight,2026-06-27,2026-06-27,0,1,0,0,1460.0,,,,,
8061a3136026a673,Jeisla Chaves,1997-02-02,167.6,172.7,Orthodox,Women's Flyweight,2026-06-06,2026-08-22,1,1,0,0,1485.4,,,,,
57186c150c645200,Jeka Saragih,1995-01-01,172.7,175.3,Orthodox,Featherweight,2023-02-04,2025-06-07,1,3,0,0,1421.4,Jeka Saragih,14,5,0,15
ec664422b22d9787,Jenel Lausa,1988-08-01,165.1,172.7,Orthodox,Flyweight,2016-11-26,2018-06-23,1,3,0,0,1413.2,Jenel Lausa,7,8,0,8
8e1f36476ef02a6a,Jennifer Maia,1988-10-06,162.6,162.6,Orthodox,Women's Flyweight,2018-07-14,2023-10-14,6,6,0,0,1558.8,Jennifer Maia,23,10,1,20
44260175069b6276,Jens Pulver,1974-12-06,170.2,177.8,Southpaw,Lightweight,1999-09-24,2007-06-23,6,2,1,0,1588.3,Jens Pulver,27,19,1,4
d008d785f6347dc2,JeongYeong Lee,1995-11-13,177.8,185.4,Orthodox,Featherweight,2023-02-04,2025-05-10,2,2,0,0,1477.4,,,,,
d66a46de8d705353,Jeremiah Wells,1986-10-30,175.3,188.0,Switch,Welterweight,2021-06-26,2026-08-15,6,2,0,0,1661.0,Jeremiah Wells,14,4,1,11
8d26912cd2aeb366,Jeremy Horn,1975-08-25,185.4,188.0,Orthodox,Middleweight,1998-05-15,2009-01-17,6,7,0,0,1483.1,Jeremy Horn,92,22,5,14
ad32471f01e7b1a5,Jeremy Jackson,1982-09-19,177.8,,Orthodox,Welterweight,2003-09-26,2006-11-11,0,2,0,0,1425.3,Jeremy Jackson (fighter),9,5,0,9
68f6e96c5fa6e044,Jeremy Kennedy,1992-09-16,180.3,180.3,Orthodox,Featherweight,2016-08-27,2018-02-10,3,1,0,0,1569.6,Jeremy Kennedy,22,7,0,8
917a5cb9821df261,Jeremy Kimball,1991-01-03,182.9,182.9,Switch,Light Heavyweight,2017-01-28,2018-07-22,1,3,0,0,1430.9,Jeremy Kimball,21,12,0,19
c3bd649a9194e50c,Jeremy Larsen,1984-05-18,177.8,177.8,Orthodox,Featherweight,2012-06-01,2013-10-19,0,3,0,0,1390.0,Jeremy Larsen,8,5,0,11
18968f97ad34f15c,Jeremy Stephens,1986-05-25,175.3,180.3,Orthodox,Lightweight,2007-05-26,2026-05-09,15,20,0,1,1439.2,Jeremy Stephens,29,23,0,13
9bad58fa651d6196,Jermaine Andre,1973-07-16,170.2,,Orthodox,Middleweight,2000-03-10,2000-03-10,0,1,0,0,1460.0,,,,,
c9587d81e1d33925,Jerome Rivera,1995-04-22,177.8,182.9,Southpaw,Flyweight,2020-09-19,2021-07-10,0,4,0,0,1352.0,Jerome Rivera,10,6,0,12
12f1b140e248bdb9,Jerrod Sanders,1979-10-01,172.7,182.9,Orthodox,Bantamweight,2014-07-16,2016-07-07,1,2,0,1,1469.8,Jerrod Sanders,16,4,0,15
93892752c5fc23ca,Jerry Bohlander,1974-02-12,180.3,,Orthodox,Middleweight,1996-02-16,1999-01-08,5,2,0,0,1582.0,Jerry Bohlander,11,4,0,1
a8aba6fd8a463043,Jess Liaudin,,175.3,182.9,Orthodox,Lightweight,2007-04-21,2008-10-18,2,3,0,0,1478.0,Jess Liaudin,20,11,0,20
a7ddae0be8b78147,Jessamyn Duke,1986-06-24,180.3,185.4,Orthodox,Women's Bantamweight,2013-11-30,2015-07-25,1,3,0,0,1414.2,Jessamyn Duke,3,5,0,3
934de214814b8ff4,Jesse Bongfeldt,1980-08-28,182.9,,Orthodox,Middleweight,2010-12-11,2011-06-11,0,1,1,0,1463.8,,,,,
a75a48bfe776b2c2,Jesse Butler,1992-05-24,177.8,185.4,Orthodox,Bantamweight,2023-06-03,2024-06-08,0,2,0,0,1430.7,,,,,
947eccadb72f4f6f,Jesse Forbes,1984-10-24,188.0,190.5,Southpaw,Middleweight,2006-06-24,2010-05-29,0,3,0,0,1398.8,Jesse Forbes,15,5,0,2
3ae10ac4df3df05c,Jesse Lennox,1982-03-10,175.3,182.9,Orthodox,Welterweight,2009-08-08,2010-06-12,1,2,0,0,1472.2,,,,,
5580771f383e141f,Jesse Ronson,1985-12-24,177.8,177.8,Southpaw,Lightweight,2013-09-21,2022-10-01,0,5,0,1,1374.6,Jesse Ronson,28,12,0,15
59aaf2730b84698a,Jesse Sanders,,182.9,,Orthodox,Welterweight,2009-04-01,2009-04-01,0,1,0,0,1460.5,,,,,
8c39367b53eadf8a,Jesse Strader,1991-05-29,170.2,177.8,Orthodox,Bantamweight,2021-03-20,2022-02-19,0,2,0,0,1429.3,,,,,
dd992d569aaebee6,Jesse Taylor,1983-01-02,182.9,185.4,Orthodox,Welterweight,2008-07-19,2017-07-07,1,1,0,0,1492.5,Jesse Taylor,33,18,0,8
8f382b3baa954d2a,Jessica Aguilar,1982-05-08,160.0,160.0,Orthodox,Women's Strawweight,2015-08-01,2019-03-30,1,4,0,0,1403.3,Jessica Aguilar,20,10,0,23
6a1901c62ab3870f,Jessica Andrade,1991-09-25,154.9,157.5,Orthodox,Women's Strawweight,2013-07-27,2025-08-16,17,13,0,0,1566.9,Jéssica Andrade,26,15,0,11
f72465a784c1b084,Jessica Eye,1986-07-27,167.6,167.6,Orthodox,Women's Flyweight,2013-10-19,2022-07-02,5,10,0,1,1412.2,Jessica Eye,15,11,0,11
c742287ed86a09bc,Jessica Penne,1983-01-30,165.1,170.2,Orthodox,Women's Strawweight,2014-12-12,2024-10-19,3,6,0,0,1382.0,Jessica Penne,14,8,0,13
ffdeb4fbea09ce75,Jessica Rakoczy,1977-04-14,170.2,,Orthodox,Women's Strawweight,2013-11-30,2015-04-25,0,2,0,0,1426.8,Jessica Rakoczy,1,5,0,5
6c8072b61c276e67,Jessica-Rose Clark,1987-11-28,165.1,162.6,Orthodox,Women's Bantamweight,2017-11-18,2023-05-13,4,5,0,0,1411.3,Jessica-Rose Clark,13,9,0,12
d1026588fa65693f,Jessie Rosas,2002-12-04,170.2,172.7,Southpaw,Featherweight,2026-09-12,2026-09-12,0,1,0,0,1460.0,,,,,
6eaec40f724852f4,Jessin Ayari,1992-05-31,182.9,185.4,Orthodox,Lightweight,2016-09-03,2020-10-03,1,3,0,0,1411.5,Jessin Ayari,19,6,0,18
c051c2e12d692b8a,Jesus Aguilar,1996-03-13,162.6,157.5,Orthodox,Flyweight,2023-02-04,2026-03-07,4,3,0,0,1505.7,,,,,
25af5e832f17b474,Jesus Pinedo,1996-06-22,177.8,,Southpaw,Lightweight,2018-11-17,2019-03-23,1,1,0,0,1505.4,Jesus Pinedo,26,8,1,20
25f9a5f3e8a52618,Jhonata Diniz,1991-06-23,193.0,200.7,Orthodox,Heavyweight,2024-04-27,2025-10-11,3,2,0,0,1538.6,Jhonata Diniz,9,2,0,6
a20f234df70f2182,Ji Yeon Kim,1989-10-18,170.2,182.9,Orthodox,Women's Flyweight,2017-06-17,2023-05-13,3,7,0,0,1358.3,Ji Yeon Kim (fighter),9,7,2,8
d3c554d6e11fc9d6,Jianping Yang,1988-11-27,170.2,,Orthodox,Featherweight,2014-08-23,2014-08-23,0,1,0,0,1460.0,,,,,
fe5a9547479396ab,Jim Alers,1986-10-14,175.3,180.3,Orthodox,Featherweight,2014-04-11,2016-07-23,1,2,0,1,1462.9,Jim Alers,14,5,0,13
d1941565abf50b16,Jim Miller,1983-08-30,172.7,180.3,Southpaw,Lightweight,2008-10-18,2026-05-09,28,18,0,1,1636.8,Jim Miller (fighter),39,19,0,12
1a49e0670dfaca31,Jim Mullen,,185.4,,Southpaw,Heavyweight,1997-02-07,1997-02-07,0,1,0,0,1466.1,,,,,
0c670b443c3d269f,Jim Wallhead,1984-03-14,177.8,,Orthodox,Welterweight,2016-09-03,2017-06-03,0,2,0,0,1439.1,Jim Wallhead,33,12,0,38
1e1dbd1cc5a7469e,Jimi Manuwa,1980-02-18,185.4,200.7,Orthodox,Light Heavyweight,2012-09-29,2019-06-01,6,6,0,0,1518.8,,,,,
9c907996820d2d69,Jimmie Rivera,1989-06-29,162.6,172.7,Orthodox,Bantamweight,2015-07-18,2021-02-27,7,4,0,0,1611.3,Jimmie Rivera,23,5,0,17
70e1f8a821b72c8b,Jimmy Crute,1996-03-04,188.0,188.0,Orthodox,Light Heavyweight,2018-12-01,2025-09-27,6,4,2,0,1574.8,Jimmy Crute,14,4,2,8
09e62c450e754913,Jimmy Flick,1990-09-07,170.2,172.7,Orthodox,Flyweight,2020-12-19,2025-04-26,2,4,0,0,1418.9,,,,,
ddbe4fa2ea573393,Jimmy Quinlan,1986-05-25,182.9,,Orthodox,Middleweight,2013-04-13,2013-04-13,0,1,0,0,1460.0,,,,,
893d51aaf024eddd,Jimy Hettes,1987-06-09,175.3,180.3,Southpaw,Featherweight,2011-08-14,2015-04-18,3,3,0,0,1491.2,Jimy Hettes,11,3,0,8
7c9c6a884be167fe,Jin Soo Son,1993-04-01,167.6,175.3,Orthodox,Bantamweight,2018-09-15,2019-07-20,0,2,0,0,1425.0,,,,,
d05cb1e8d1b885d8,Jinh Yu Frey,1985-05-20,160.0,165.1,Southpaw,Women's Strawweight,2020-06-27,2023-10-21,2,6,0,0,1380.0,Jinh Yu Frey,11,10,0,13
009341ed974bad72,Jiri Prochazka,1992-10-14,190.5,203.2,Orthodox,Light Heavyweight,2020-07-11,2026-04-11,6,3,0,0,1702.8,Jiří Procházka,32,5,1,29
2d447cc91bdaa545,Joachim Christensen,1978-11-07,190.5,193.0,Orthodox,Light Heavyweight,2016-10-01,2017-06-25,1,3,0,0,1433.7,Joachim Christensen,15,9,0,16
791c8437b341fba5,Joanderson Brito,1995-02-11,172.7,182.9,Orthodox,Featherweight,2022-01-15,2026-09-19,8,3,0,0,1697.8,Joanderson Brito,20,5,1,15
3d6749c4267da18f,Joanna Jedrzejczyk,1987-08-18,167.6,165.1,Orthodox,Women's Strawweight,2014-07-26,2022-06-11,10,5,0,0,1614.9,Joanna Jędrzejczyk,16,5,0,6
12f91bfa8f1f723b,Joanne Wood,1985-12-23,167.6,165.1,Orthodox,Women's Flyweight,2014-12-12,2024-03-09,9,8,0,0,1514.0,Joanne Wood,17,8,0,8
9a967e8e43dcef63,Joao Pierini,1971-12-11,185.4,,Switch,Lightweight,2002-06-22,2002-06-22,0,1,0,0,1453.1,,,,,
0f6528b461e47462,Joao Roque,1971-07-22,167.6,,Orthodox,Lightweight,2000-06-09,2000-06-09,0,1,0,0,1464.6,João Roque,7,2,4,4
be4076c9e8d791e3,Joao Zeferino,1986-01-15,180.3,,Orthodox,Welterweight,2013-05-18,2013-09-04,0,2,0,0,1429.5,,,,,
ae7fe94f117f98cf,Joaquim Silva,1989-02-05,172.7,175.3,Southpaw,Lightweight,2015-09-05,2025-09-13,7,5,0,0,1540.4,Joaquim Silva (fighter),14,5,0,7
b9437600497350f3,Joaquin Buckley,1994-04-27,177.8,193.0,Southpaw,Welterweight,2020-08-08,2026-05-09,11,6,0,0,1720.3,Joaquin Buckley,21,7,0,12
b12fc8a41e82d3a2,Joby Sanchez,1991-06-24,167.6,172.7,Orthodox,Bantamweight,2014-08-23,2018-11-10,1,4,0,0,1388.6,,,,,
1a98c9dbb7fc3959,Jocelyn Jones-Lybarger,1985-10-04,170.2,162.6,Orthodox,Women's Strawweight,2015-12-12,2017-01-15,0,3,0,0,1389.6,,,,,
411539901068522f,Jodie Esquibel,1986-05-07,154.9,162.6,Orthodox,Women's Strawweight,2017-10-21,2019-08-17,0,4,0,0,1351.3,Jodie Esquibel,6,7,0,8
013da757877044a2,Joe Brammer,1983-08-23,172.7,,Orthodox,Lightweight,2009-12-05,2010-05-29,0,2,0,0,1425.1,,,,,
19ffeb5e3fffd6d5,Joe Charles,,185.4,,Southpaw,Heavyweight,1994-12-16,1997-12-21,2,2,0,0,1510.0,Joe Charles,7,13,0,0
dbaaf42313af90fa,Joe Doerksen,1977-10-09,182.9,190.5,Orthodox,Middleweight,2004-08-21,2010-12-11,2,7,0,0,1407.2,Joe Doerksen,51,16,0,32
654ae722109a0d31,Joe Duffy,1988-02-18,177.8,185.4,Orthodox,Lightweight,2015-03-14,2020-07-18,4,4,0,0,1492.5,,,,,
8e8e4487c621aa1c,Joe Ellenberger,1985-03-28,175.3,182.9,Orthodox,Lightweight,2014-06-28,2014-12-13,1,1,0,0,1477.7,,,,,
946db8a378903cc3,Joe Giannetti,1995-07-05,182.9,188.0,Southpaw,Lightweight,2018-07-06,2018-07-06,0,1,0,0,1480.0,,,,,
712c4db78b9373d1,Joe Jordan,1978-07-27,167.6,,Orthodox,,2006-07-08,2006-07-08,0,1,0,0,1464.9,,,,,
3bad7ef643840f67,Joe Lauzon,1984-05-22,177.8,180.3,Orthodox,Lightweight,2006-09-23,2019-10-18,15,12,0,0,1542.1,Joe Lauzon,28,15,0,14
e82d5f54daa85a7e,Joe Merritt,1984-03-07,182.9,,Orthodox,Welterweight,2015-06-27,2015-06-27,0,1,0,0,1462.3,,,,,
df85d6ec3493d120,Joe Moreira,1961-07-03,180.3,,Southpaw,Lightweight,1996-02-16,1997-07-27,1,1,0,0,1506.0,Joe Moreira,2,2,0,0
74fefd43f073cd2f,Joe Pardo,,185.4,,Southpaw,Heavyweight,1998-05-15,1998-05-15,0,1,0,0,1460.0,,,,,
a36556bb1565e32d,Joe Proctor,1985-08-10,177.8,182.9,Orthodox,Welterweight,2012-06-01,2017-04-22,4,4,0,0,1479.7,Joe Proctor,11,5,0,8
c1085e1701b13eca,Joe Pyfer,1996-09-17,188.0,190.5,Orthodox,Middleweight,2022-09-17,2026-03-28,7,1,0,0,1741.6,Joe Pyfer,16,3,0,11
d512d9f204059f57,Joe Riggs,1982-09-23,182.9,177.8,Southpaw,Middleweight,2004-08-21,2016-02-21,5,7,0,0,1468.6,Joe Riggs,49,18,1,23
80e6d71e14c1d356,Joe Slick,1977-10-17,182.9,,Orthodox,Middleweight,1999-11-19,2000-04-14,1,1,0,0,1500.5,,,,,
af65aa688d13eedf,Joe Solecki,1993-08-27,175.3,177.8,Orthodox,Lightweight,2019-12-07,2025-01-11,5,4,0,0,1530.2,Joe Solecki,13,6,0,10
83b743fedde154fb,Joe Son,1970-11-22,162.6,,Orthodox,,1994-12-16,1994-12-16,0,1,0,0,1462.5,Joe Son,0,4,0,0
a4e85a58fbce64b2,Joe Soto,1987-03-22,167.6,165.1,Orthodox,Bantamweight,2014-08-30,2018-02-03,3,5,0,0,1499.4,Joe Soto,18,7,0,17
79899ecf62020f6d,Joe Stevenson,1982-06-15,170.2,177.8,Orthodox,Featherweight,2005-11-05,2011-06-26,8,8,0,0,1480.1,Joe Stevenson,32,16,0,28
d35c3ed553b71fa2,Joe Vedepo,1983-01-01,182.9,,Orthodox,Middleweight,2008-09-17,2009-04-01,0,2,0,0,1420.6,Joe Vedepo,20,10,0,9
c6d8ae3b016d5ad5,Joe Veres,1977-11-09,170.2,,Orthodox,Lightweight,2007-09-19,2008-01-23,0,2,0,0,1424.6,,,,,
58bbef3770bb2dfc,Joel Alvarez,1993-03-02,190.5,195.6,Orthodox,Welterweight,2019-02-23,2026-08-15,8,4,0,0,1621.6,Joel Álvarez,23,4,0,16
a6a9ab5a824e8f66,Joel Sutton,1969-07-07,180.3,,Orthodox,,1995-07-14,1995-09-08,2,0,0,0,1575.4,,,,,
46baf0f57edfa4df,Joey Beltran,1981-12-08,185.4,190.5,Orthodox,Light Heavyweight,2010-02-06,2013-10-09,3,6,0,1,1405.3,Joey Beltran,18,15,0,13
10559c53de0b950e,Joey Gambino,1988-10-26,170.2,,Orthodox,Featherweight,2012-06-22,2012-10-13,0,2,0,0,1433.8,,,,,
6bb1d2b714d4b3bc,Joey Gilbert,1976-06-05,180.3,,Orthodox,Lightweight,2001-05-04,2001-05-04,0,1,0,0,1460.0,,,,,
0778f94eb5d588a5,Joey Gomez,1986-07-21,177.8,185.4,Orthodox,Bantamweight,2016-01-17,2016-09-17,0,2,0,0,1429.0,,,,,
c058823a2595ab09,Joey Roberts,1977-11-11,188.0,,,Heavyweight,1999-03-05,1999-03-05,0,1,0,0,1460.0,,,,,
7bd94b60d7521e4a,John Albert,1986-10-13,172.7,172.7,Orthodox,Bantamweight,2011-12-03,2013-07-27,1,4,0,0,1388.4,John Albert (fighter),7,5,0,7
7a15f3694c5cbc02,John Alessio,1979-07-05,177.8,182.9,Orthodox,Lightweight,2000-06-09,2012-07-07,0,5,0,0,1360.7,John Alessio,35,17,0,10
6ebe96a116e79e52,John Allan,1993-02-22,185.4,190.5,Orthodox,Light Heavyweight,2019-07-13,2021-11-06,0,2,0,1,1449.7,John Allan (fighter),18,10,0,17
31bbd46d57dfbcb7,John Campetella,,175.3,,Orthodox,,1996-07-12,1996-07-12,0,1,0,0,1456.1,,,,,
5fa2974cbd18e05c,John Castaneda,1991-12-18,167.6,180.3,Switch,Featherweight,2020-07-25,2026-04-18,4,4,1,0,1536.7,John Castañeda,21,8,1,19
03c9994c5b8958ec,John Cholish,1983-12-17,180.3,188.0,Orthodox,Lightweight,2011-12-10,2013-05-18,1,2,0,0,1475.1,John Cholish,8,3,0,8
8b260672a21d1fd6,John Cofer,1984-04-29,175.3,,Southpaw,Lightweight,2012-06-01,2012-12-15,0,2,0,0,1424.6,,,,,
99506df1af6c8b3b,John Dodson,1984-09-26,160.0,167.6,Orthodox,Bantamweight,2011-12-03,2020-08-15,10,7,0,0,1587.0,John Dodson (fighter),24,15,0,16
e780ccc79a209985,John Dowdy,,,,,,1995-04-07,1995-04-07,0,1,0,0,1464.6,,,,,
a54b961a1f8be1d5,John Garza,2002-10-30,170.2,172.7,Orthodox,Bantamweight,2026-07-11,2026-07-11,0,1,0,0,1481.5,,,,,
a0c139b34f11421a,John Gunderson,1979-01-05,175.3,175.3,Orthodox,Lightweight,2010-01-02,2010-09-15,1,2,0,0,1465.3,John Gunderson,35,16,2,40
3956bdc8ab2e54b3,John Gunther,1985-11-24,175.3,182.9,Orthodox,Lightweight,2018-07-06,2018-11-10,1,1,0,0,1485.5,,,,,
88c8f47241d90040,John Halverson,1972-09-08,175.3,,Southpaw,Lightweight,2007-02-03,2008-03-01,0,2,0,0,1425.9,,,,,
28f3c2258a1d8874,John Hathaway,1987-07-23,185.4,190.5,Orthodox,Welterweight,2009-01-17,2014-03-01,7,2,0,0,1639.3,John Hathaway (English wrestler),18,3,0,10
fc31f896cde2bc2e,John Howard,1983-03-01,170.2,182.9,Orthodox,Welterweight,2009-01-31,2015-12-10,7,7,0,0,1450.4,John Howard (fighter),28,19,1,14
5f6038bcdb95e3e4,John Kolosci,1974-11-26,180.3,,Orthodox,Welterweight,2007-12-08,2007-12-08,0,1,0,0,1460.0,John Kolosci,15,9,0,12
4a01dc8376736ef5,John Lewis,,182.9,,Southpaw,Lightweight,1999-09-24,2000-11-17,1,1,0,0,1504.1,,,,,
c268b2cfebccf652,John Lineker,1990-06-12,160.0,170.2,Orthodox,Bantamweight,2012-05-05,2019-04-27,12,4,0,0,1723.9,John Lineker,37,11,0,22
31652c9267606d54,John Lober,1968-02-26,180.3,,Orthodox,Light Heavyweight,1998-10-16,1998-10-16,0,1,0,0,1472.7,John Lober,5,9,4,10
1a7745388839e52b,John Maguire,1983-05-19,175.3,175.3,Southpaw,Lightweight,2011-11-05,2013-06-15,2,3,0,0,1461.3,John Maguire (fighter),26,13,0,19
c21a036b4e012f1c,John Makdessi,1985-05-03,172.7,172.7,Orthodox,Lightweight,2010-12-11,2023-09-09,11,9,0,0,1519.9,John Makdessi,18,9,0,7
b6b12014698cc345,John Marsh,1970-09-15,182.9,,Orthodox,Heavyweight,2005-04-16,2005-04-16,0,1,0,0,1464.6,,,,,
c933d423ebdbbbdb,John Matua,,188.0,,Orthodox,,1995-07-14,1995-07-14,0,1,0,0,1460.7,,,,,
92437c6775b3f7d1,John Moraga,1984-03-20,167.6,167.6,Orthodox,Flyweight,2012-08-04,2018-08-25,8,6,0,0,1589.8,John Moraga,19,7,0,12
e9ac7bfb65c25497,John Phillips,1985-06-09,180.3,190.5,Southpaw,Middleweight,2018-03-17,2020-10-17,1,5,0,0,1386.1,John Phillips (fighter),20,10,0,27
b18fb36a4aa00093,John Polakowski,1981-06-21,177.8,,Orthodox,Lightweight,2008-12-13,2008-12-13,0,1,0,0,1460.0,,,,,
010986ee359fb863,John Salter,1985-03-21,185.4,188.0,Southpaw,Middleweight,2010-01-11,2010-08-28,1,2,0,0,1463.9,John Salter,19,6,0,4
86061eaba822bfea,John Teixeira,1986-11-18,170.2,,Orthodox,Featherweight,2012-06-23,2012-06-23,0,1,0,0,1480.0,John Macapá,29,14,2,14
450bcab0968562c4,John Yannis,1994-07-07,170.2,177.8,Southpaw,Bantamweight,2025-08-02,2026-06-06,1,2,0,0,1474.8,,,,,
ffc3e6daaa6da0b7,Johnny Bedford,1983-01-06,177.8,180.3,Orthodox,Bantamweight,2011-12-03,2014-09-13,2,3,0,1,1456.9,Johnny Bedford,23,14,1,27
1f4b04a926ef1287,Johnny Case,1989-06-28,177.8,182.9,Orthodox,Lightweight,2014-09-20,2017-06-25,4,2,0,0,1544.4,Johnny Case,29,10,1,22
528c24b99fbaab79,Johnny Eduardo,1978-08-03,170.2,180.3,Orthodox,Bantamweight,2011-08-27,2021-10-02,3,5,0,0,1436.2,Johnny Eduardo,25,13,0,26
f6bcbd91b114ff58,Johnny Munoz,1993-02-16,175.3,180.3,Orthodox,Bantamweight,2020-08-01,2023-10-07,2,4,0,0,1427.0,,,,,
3ba3b5cc94498437,Johnny Rees,1982-10-21,182.9,,Orthodox,Welterweight,2008-07-19,2008-12-10,0,2,0,0,1419.8,,,,,
319fa1bd3176bded,Johnny Rhodes,,182.9,,Orthodox,,1994-03-11,1994-03-11,2,1,0,0,1546.8,,,,,
c21f26bbde777573,Johnny Walker,1992-03-30,198.1,208.3,Orthodox,Light Heavyweight,2018-11-17,2026-04-11,8,7,0,1,1620.4,Johnny Walker (fighter),22,10,1,17
0941df56f6ac954b,Johny Hendricks,1983-09-12,175.3,175.3,Southpaw,Middleweight,2009-08-08,2017-11-04,13,8,0,0,1587.4,Johny Hendricks,18,8,0,5
0d0351c20169a499,Jon Delos Reyes,1987-08-19,167.6,170.2,Orthodox,Flyweight,2014-01-04,2015-10-24,1,3,0,0,1438.7,Jon Delos Reyes,8,5,0,9
6f018c039b4d5d80,Jon Fitch,1978-02-24,182.9,188.0,Orthodox,Welterweight,2005-10-03,2013-02-02,14,3,1,0,1730.7,Jon Fitch,32,8,2,11
32a3025d5db456ae,Jon Hess,,200.7,,,,1995-04-07,1995-04-07,1,0,0,0,1540.0,Jon Hess (fighter),1,0,0,0
07f72a2a7591b409,Jon Jones,1987-07-19,193.0,213.4,Orthodox,Heavyweight,2008-08-09,2024-11-16,22,1,0,1,2055.3,Jon Jones,28,1,0,6
7691a80e6ca3e55b,Jon Madsen,1980-02-12,182.9,182.9,Orthodox,Heavyweight,2009-12-05,2011-03-26,4,1,0,0,1565.4,Jon Madsen,8,2,0,3
a0602dd050bebefc,Jon Manley,1986-07-07,185.4,,Orthodox,Welterweight,2013-02-23,2013-02-23,0,1,0,0,1460.0,,,,,
0577808d22dfe79c,Jon Olav Einemo,1975-12-10,198.1,,Orthodox,Heavyweight,2011-06-11,2012-01-28,0,2,0,0,1438.0,John-Olav Einemo,6,3,0,7
53ec9cb470e1a4ea,Jon Tuck,1984-08-28,180.3,185.4,Orthodox,Lightweight,2012-11-10,2018-08-25,4,5,0,0,1492.9,Jon Tuck,11,5,0,6
b0a6124751a56bc4,Jonathan Brookins,1985-08-13,182.9,188.0,Southpaw,Featherweight,2010-12-04,2012-12-15,2,3,0,0,1473.9,Jonathan Brookins,16,11,0,14
fb1538b46877a695,Jonathan Goulet,1979-07-13,182.9,185.4,Orthodox,Welterweight,2005-10-03,2010-05-08,4,5,0,0,1483.6,Jonathan Goulet,23,12,0,18
f2477cf43c4975cc,Jonathan Martinez,1994-04-20,172.7,177.8,Southpaw,Bantamweight,2018-10-27,2024-11-16,10,5,0,0,1663.3,Jonathan Martinez,19,6,0,10
5823ceab56741617,Jonathan Meunier,1987-08-04,190.5,,Switch,Welterweight,2016-06-18,2016-11-26,1,1,0,0,1510.1,Jonathan Meunier,9,2,0,7
f782f953bfe7b5f2,Jonathan Micallef,1999-03-05,182.9,195.6,Southpaw,Welterweight,2025-02-08,2026-05-02,3,0,0,0,1604.1,,,,,
87c0b1c696ddfb43,Jonathan Pearce,1992-05-01,182.9,180.3,Switch,Featherweight,2019-10-18,2024-10-12,5,4,0,0,1528.7,Jonathan Pearce (fighter),14,7,0,12
60884f31ead1609c,Jonathan Wiezorek,1978-02-10,190.5,,Southpaw,Heavyweight,2004-04-02,2004-04-02,1,0,0,0,1540.0,,,,,
cd01f0b768a32475,Jonathan Wilson,1987-07-17,188.0,190.5,Southpaw,Middleweight,2015-08-08,2017-10-21,1,3,0,0,1416.4,Jonathan Wilson (fighter),9,5,0,6
f40ec51dd4de47c3,Jonavin Webb,1989-04-28,177.8,,Orthodox,Welterweight,2015-05-09,2016-02-21,0,2,0,0,1438.6,,,,,
2975297f505e9447,Jonny Parsons,1991-09-06,175.3,175.3,Orthodox,Welterweight,2023-07-22,2023-07-22,1,0,0,0,1540.2,,,,,
a44020ea2e8cd026,JooSang Yoo,1994-01-21,170.2,180.3,Orthodox,Featherweight,2025-06-07,2026-09-19,1,2,0,0,1477.1,,,,,
215a70f073a7b726,Jordan Espinosa,1989-11-08,167.6,175.3,Orthodox,Flyweight,2019-03-23,2021-03-06,2,4,0,0,1428.1,Jordan Espinosa,20,11,0,25
ebef46976554f975,Jordan Griffin,1990-02-28,177.8,185.4,Southpaw,Featherweight,2018-12-15,2021-04-10,1,4,0,0,1414.9,Jordan Griffin,18,11,0,21
99bcdf5eac39898f,Jordan Johnson,1988-11-18,188.0,200.7,Orthodox,Middleweight,2017-01-28,2018-09-15,4,0,0,0,1628.8,Jordan Johnson (fighter),12,2,1,6
ac026518a9b4dc0f,Jordan Leavitt,1995-06-02,175.3,180.3,Southpaw,Featherweight,2020-12-05,2026-06-06,6,4,0,0,1550.2,Jordan Leavitt,13,4,0,7
2aa49b3766a59bcd,Jordan Mein,1989-10-10,182.9,185.4,Orthodox,Welterweight,2013-03-16,2018-07-28,5,4,0,0,1565.7,Jordan Mein,34,15,0,34
45bc8f98d62bd096,Jordan Radev,1976-09-28,170.2,,Southpaw,Middleweight,2007-06-12,2007-12-29,0,2,0,0,1429.6,Jordan Radev,23,5,0,11
c07efc18b231f170,Jordan Rinaldi,1987-09-25,177.8,182.9,Orthodox,Featherweight,2016-05-29,2019-03-16,2,3,0,0,1501.5,Jordan Rinaldi,14,6,0,16
6d38e41efa47a72d,Jordan Vucenic,1996-03-02,177.8,185.4,Orthodox,Lightweight,2024-08-03,2025-03-22,0,2,0,0,1428.2,,,,,
e26bd53b751d61d9,Jordan Williams,1990-10-13,185.4,190.5,Southpaw,Welterweight,2020-10-03,2021-11-06,0,3,0,0,1396.8,Jordan Williams (fighter),9,6,0,13
c878270af633eb11,Jordan Wright,1991-10-07,188.0,195.6,Orthodox,Light Heavyweight,2020-08-22,2023-02-18,2,5,0,0,1376.7,Jordan Wright,14,5,0,11
04d5718ed2661e8c,Jorge Gurgel,1977-01-25,170.2,175.3,Orthodox,Lightweight,2006-06-28,2008-11-15,3,4,0,0,1431.1,Jorge Gurgel,14,10,0,10
ee624ee2a18f2a43,Jorge Lopez,1988-11-21,177.8,,Orthodox,Welterweight,2011-09-17,2012-05-15,0,2,0,0,1443.1,,,,,
47b9e0e7703a4868,Jorge Masvidal,1984-11-12,180.3,188.0,Orthodox,Welterweight,2013-04-20,2023-04-08,12,10,0,0,1685.0,Jorge Masvidal,35,17,0,30
c8cca8f3de5be4b4,Jorge Patino,1973-08-05,172.7,,Orthodox,Welterweight,1999-01-08,1999-01-08,0,1,0,0,1468.7,Jorge Patino,39,19,2,21
cb46dface0e28a2c,Jorge Rivera,1972-02-28,185.4,185.4,Orthodox,Middleweight,2003-09-26,2012-01-20,8,7,0,0,1571.5,Jorge Rivera (fighter),20,9,0,7
f8dc544e7077d014,Jorge Santiago,1980-10-09,185.4,190.5,Orthodox,Welterweight,2006-06-28,2013-02-16,1,5,0,0,1388.5,Jorge Santiago,25,12,0,16
ddf3e0ea10ea6d8c,Jorge de Oliveira,1980-01-22,172.7,,Orthodox,Lightweight,2014-11-08,2015-03-21,0,2,0,0,1416.5,,,,,
d0f3959b4a9747e6,Jose Aldo,1986-09-09,170.2,177.8,Orthodox,Featherweight,2011-04-30,2025-05-10,14,9,0,0,1715.6,José Aldo,32,10,0,19
baa9be02c3e3e038,Jose Daniel Medina,1991-05-17,182.9,188.0,Orthodox,Middleweight,2024-08-24,2026-02-28,0,4,0,0,1353.5,,,,,
d7c4956d61ae76a9,Jose Delano,1996-09-11,172.7,177.8,Orthodox,Featherweight,2026-04-04,2026-04-04,1,0,0,0,1536.4,,,,,
7d6ceff6747f2de2,Jose Delgado,1998-04-21,180.3,185.4,Switch,Featherweight,2025-02-15,2026-09-12,4,2,0,0,1574.4,,,,,
84f727cf0166d6f2,Jose Johnson,1995-05-20,182.9,180.3,Orthodox,Flyweight,2023-08-12,2025-01-11,1,3,0,0,1432.0,,,,,
b35ba64b6a2bbcb3,Jose Maria,1982-01-04,165.1,,Orthodox,Flyweight,2013-08-03,2013-11-09,0,2,0,0,1428.0,,,,,
1f8cd7634e8286ff,Jose Montanha,1996-08-25,193.0,193.0,Orthodox,Heavyweight,2026-08-08,2026-08-08,1,0,0,0,1538.3,,,,,
88be62d6c1e6dadb,Jose Ochoa,2000-12-31,170.2,170.2,Southpaw,Flyweight,2024-11-23,2026-05-09,2,2,0,0,1519.6,,,,,
36549928f90f1d36,Jose Quinonez,1990-07-28,172.7,175.3,Southpaw,Bantamweight,2014-11-15,2020-12-05,5,4,0,0,1506.6,José Alberto Quiñónez,12,8,0,5
20a0e4cc5227c117,Jose Souza,2002-05-23,190.5,200.7,Orthodox,Welterweight,2026-05-30,2026-05-30,1,0,0,0,1520.0,,,,,
d2036f31c035e0d1,Jose Torres,1992-08-02,162.6,165.1,Orthodox,Flyweight,2018-06-01,2018-08-04,1,1,0,0,1503.7,Jose Torres (fighter),13,6,1,7
971dba22c622af12,Josefine Knutsson,1996-01-16,160.0,152.4,Orthodox,Women's Strawweight,2023-09-16,2024-12-14,2,1,0,0,1525.1,,,,,
f9ab66e67240db7b,Joselyne Edwards,1995-09-29,172.7,177.8,Orthodox,Women's Bantamweight,2021-01-16,2026-04-25,9,4,0,0,1664.2,Joselyne Edwards,18,6,0,11
80eacd4da0617c57,Joseph Benavidez,1984-07-31,162.6,165.1,Southpaw,Flyweight,2011-03-19,2021-03-06,15,6,0,0,1671.1,Joseph Benavidez,28,8,0,15
83825fad27ab3581,Joseph Gigliotti,1993-08-13,180.3,,Orthodox,Middleweight,2016-08-06,2016-12-09,0,2,0,0,1427.6,,,,,
8d20d76af3f213ce,Joseph Holmes,1995-07-04,193.0,203.2,Orthodox,Middleweight,2022-01-15,2023-05-06,1,3,0,0,1416.6,,,,,
2fe9032955c2e013,Joseph Morales,1994-08-22,167.6,175.3,Switch,Flyweight,2017-08-05,2026-09-12,3,3,0,0,1546.1,Joseph Morales (fighter),14,3,0,8
696002b59f09d73b,Joseph Sandoval,1986-05-11,170.2,,Southpaw,Bantamweight,2011-10-01,2012-01-20,0,2,0,0,1424.6,,,,,
ad3f53c454cbbead,Josh Barnett,1977-11-10,190.5,198.1,Orthodox,Heavyweight,2000-11-17,2016-09-03,7,3,0,0,1671.4,Josh Barnett,35,8,0,9
01f022fa494188e2,Josh Bryant,1980-04-23,177.8,,Orthodox,Middleweight,2010-06-19,2010-06-19,0,1,0,0,1460.0,,,,,
48e96d9cea6d4ab0,Josh Clopton,1981-07-11,167.6,,Orthodox,Featherweight,2011-12-03,2013-08-03,0,2,0,0,1431.4,,,,,
3aa794cbe1e3484b,Josh Copeland,1982-10-20,185.4,,Orthodox,Heavyweight,2014-11-22,2015-03-14,0,2,0,0,1436.5,,,,,
6751eacd16bd59bc,Josh Culibao,1994-05-24,177.8,185.4,Orthodox,Featherweight,2020-02-22,2024-08-17,3,4,1,0,1495.6,Joshua Culibao,11,4,1,8
fba03cd6cc28dc41,Josh Emmett,1985-03-04,167.6,177.8,Orthodox,Featherweight,2016-05-08,2026-03-14,10,7,0,0,1599.5,Josh Emmett,19,7,0,9
b0f316c60f8d3b47,Josh Ferguson,1988-05-13,165.1,,Orthodox,Flyweight,2011-12-03,2012-07-11,0,2,0,0,1432.6,,,,,
ca43de99b07b6b40,Josh Fremd,1994-01-15,193.0,193.0,Orthodox,Middleweight,2022-04-09,2024-07-13,2,4,0,0,1436.2,,,,,
60ba33c3f555a7a3,Josh Grispi,1988-10-14,180.3,188.0,Orthodox,Featherweight,2011-01-01,2013-02-16,0,4,0,0,1356.9,Josh Grispi,14,5,0,15
6ef58dabef8beb15,Josh Haynes,1977-07-30,175.3,,Orthodox,Welterweight,2006-06-24,2007-04-07,0,3,0,0,1395.8,Josh Haynes,17,11,0,17
7649c4c95b824488,Josh Hendricks,1976-08-28,188.0,,Southpaw,Heavyweight,2008-11-15,2008-11-15,0,1,0,0,1470.3,,,,,
955da1675ad58a50,Josh Hokit,1997-11-12,185.4,185.4,Orthodox,Heavyweight,2025-11-08,2026-06-14,4,0,0,0,1682.1,Josh Hokit,10,0,0,6
dd37fd509af89f15,Josh Koscheck,1977-11-30,177.8,185.4,Orthodox,Welterweight,2005-04-09,2015-03-21,15,10,0,0,1530.9,Josh Koscheck,17,11,0,2
d1a1314976c50bef,Josh Neer,1983-03-24,180.3,182.9,Orthodox,Welterweight,2005-08-06,2013-02-23,6,9,0,0,1444.7,Josh Neer,36,16,1,15
b5da8f7d05e85a55,Josh Parisian,1989-06-28,193.0,200.7,Orthodox,Heavyweight,2020-11-28,2024-03-09,2,5,0,0,1382.2,Josh Parisian,16,9,0,16
876f478f796495f7,Josh Quinlan,1993-02-06,182.9,182.9,Orthodox,Welterweight,2022-08-13,2024-06-15,1,3,0,0,1433.2,,,,,
ff2c606c8bc365e3,Josh Rafferty,1981-01-06,182.9,,Orthodox,Welterweight,2005-04-09,2005-04-09,0,1,0,0,1460.0,,,,,
9deff9e3e8d94d47,Josh Samman,1988-03-14,190.5,200.7,Orthodox,Middleweight,2013-04-13,2016-07-13,3,2,0,0,1524.1,Josh Samman,12,4,0,11
f65dcb22dada2223,Josh Sampo,1984-07-24,162.6,162.6,Orthodox,Flyweight,2013-11-30,2015-05-23,1,3,0,0,1424.6,Josh Sampo,11,6,0,12
1d36f1ac66cf689d,Josh Shockley,1989-11-15,185.4,,Orthodox,Lightweight,2014-06-14,2015-02-22,0,2,0,0,1423.5,Josh Shockley,11,4,0,13
821cd80aab70d5f9,Josh Shockman,1980-12-29,193.0,,Southpaw,Heavyweight,2006-11-18,2006-11-18,0,1,0,0,1464.6,,,,,
30ea504870f8597b,Josh Stansbury,1984-11-19,188.0,188.0,Orthodox,Light Heavyweight,2016-07-08,2017-06-25,1,2,0,0,1431.5,Josh Stansbury,8,5,0,9
601cf40c09090853,Josh Stuart,,175.3,,,Lightweight,1998-03-13,1998-03-13,0,1,0,0,1460.0,,,,,
a566371ba2ad7152,Josh Thomson,1978-09-21,177.8,180.3,Orthodox,Lightweight,2003-09-26,2015-07-15,3,4,0,0,1531.6,Josh Thomson,22,9,0,6
6da99156486ed6c2,Joshua Burkman,1980-04-10,177.8,182.9,Orthodox,Welterweight,2005-11-05,2018-02-18,6,12,0,1,1353.5,Josh Burkman,28,18,0,16
17e97649403ba428,Joshua Van,2001-10-10,165.1,165.1,Orthodox,Flyweight,2023-06-24,2026-09-19,11,1,0,0,1835.5,Joshua Van,18,2,0,8
69888118d968ba52,Joshua Weems,1994-05-05,172.7,175.3,Orthodox,Bantamweight,2022-10-29,2022-10-29,0,1,0,0,1456.2,,,,,
e5864a42c80294f6,Josiah Harrell,1998-11-13,170.2,172.7,Southpaw,Welterweight,2026-02-21,2026-02-21,0,1,0,0,1468.9,,,,,
68d35296f566792b,Josiane Nunes,1993-12-23,157.5,170.2,Southpaw,Women's Bantamweight,2021-08-21,2025-03-15,3,3,0,0,1483.6,Josiane Nunes,10,4,0,8
723b64c0e9a8f348,Josias Musasa,1998-10-10,172.7,188.0,Southpaw,Bantamweight,2025-03-15,2025-09-27,0,2,0,0,1416.7,,,,,
78f485f851891d68,Journey Newson,1989-03-07,165.1,170.2,Orthodox,Bantamweight,2019-06-29,2023-04-29,1,4,0,1,1408.1,Journey Newson,10,5,0,10
182a73d5b4e57871,Jovan Leka,2002-03-15,193.0,190.5,Orthodox,Heavyweight,2026-08-01,2026-08-01,1,0,0,0,1540.0,,,,,
83b00f7597e5ac83,Juan Adams,1992-01-16,195.6,203.2,Orthodox,Heavyweight,2018-12-15,2020-02-08,1,3,0,0,1415.7,Juan Adams,10,6,0,4
74939a16c7b56f33,Juan Diaz,1998-06-03,172.7,175.3,Orthodox,Bantamweight,2026-05-16,2026-05-16,1,0,0,0,1542.3,,,,,
ccf5dc41417e9daf,Juan Espino,1980-10-09,190.5,203.2,Orthodox,Heavyweight,2018-11-30,2021-04-17,2,1,0,0,1549.5,Juan Espino,10,2,0,9
85d0fafb8b75d634,Juan Manuel Puig,1989-04-23,175.3,,Orthodox,Featherweight,2014-07-06,2014-11-22,0,2,0,0,1426.5,,,,,
4a043165cf47cab2,Juancamilo Ronderos,1995-02-17,160.0,162.6,Southpaw,Flyweight,2021-05-22,2023-02-18,0,2,0,0,1432.2,,,,,
d1dcd4e96464a53d,Jules Bruchez,1977-08-16,182.9,,Southpaw,Light Heavyweight,2008-12-13,2008-12-13,0,1,0,0,1460.0,,,,,
86d9dbe1bfcbade7,Julia Avila,1988-05-11,170.2,172.7,Orthodox,Women's Bantamweight,2019-07-06,2025-02-15,3,3,0,0,1472.6,Julia Avila,9,4,0,7
abb68e3c7ca128f2,Julia Polastri,1998-03-05,157.5,160.0,Orthodox,Women's Strawweight,2024-06-15,2026-08-29,3,3,0,0,1506.2,,,,,
902ec2cc48c8ae8a,Julian Erosa,1989-07-31,185.4,188.0,Southpaw,Featherweight,2015-12-11,2026-03-28,9,9,0,0,1538.2,Julian Erosa,31,14,0,17
d0e1b42d41dab603,Julian Marquez,1990-05-08,188.0,182.9,Orthodox,Middleweight,2017-12-16,2025-03-01,3,5,0,0,1406.6,Julian Marquez,9,6,0,7
c6da1c24fe473418,Julian Sanchez,,190.5,,Orthodox,,1996-09-20,1996-09-20,0,1,0,0,1473.2,,,,,
75a6a390fd5dca46,Juliana Lima,1982-03-15,165.1,165.1,Orthodox,Women's Strawweight,2014-07-26,2018-01-27,3,4,0,0,1463.0,Juliana Lima,10,7,0,7
aa0c573da7119292,Juliana Miller,1996-05-07,170.2,167.6,Orthodox,Women's Flyweight,2022-08-06,2026-08-08,3,3,0,0,1490.9,,,,,
3253b16d38ae087d,Julianna Pena,1989-08-19,167.6,175.3,Orthodox,Women's Bantamweight,2013-11-30,2025-06-07,8,4,0,0,1633.3,Julianna Peña,12,6,0,6
981ab7a0576f76a0,Julie Kedzie,1981-03-18,165.1,,Orthodox,Women's Bantamweight,2013-07-27,2013-12-06,0,2,0,0,1461.2,Julie Kedzie,16,13,0,27
cd0dfd9846bd03b9,Julien Leblanc,1992-01-21,188.0,188.0,Southpaw,Middleweight,2026-04-18,2026-04-18,0,1,0,0,1450.2,,,,,
a78a87d8c2bbb1cb,Julija Stoliarenko,1993-04-08,170.2,167.6,Orthodox,Women's Flyweight,2018-11-30,2025-08-09,2,7,0,0,1393.7,Julija Stoliarenko,11,9,2,8
1291edf2d566a71a,Julio Arce,1989-10-27,170.2,177.8,Southpaw,Featherweight,2018-01-20,2024-03-30,6,4,0,0,1582.8,Julio Arce,22,7,0,15
60c72f7459827881,Julio Paulino,1975-12-04,182.9,,Orthodox,Welterweight,2010-03-21,2010-09-25,0,2,0,0,1428.3,,,,,
6add18754930182b,Julius Walker,1999-07-16,193.0,198.1,Orthodox,Light Heavyweight,2025-02-22,2026-06-27,1,3,0,0,1459.4,,,,,
1ed32eaaba9ffe10,Jumabieke Tuerxun,1986-04-17,170.2,,Orthodox,Bantamweight,2014-03-01,2014-11-07,0,3,0,0,1392.0,Zhumabek Tursyn,23,10,1,15
285ae0b4a68221f4,JunYong Park,1991-02-27,177.8,185.4,Orthodox,Middleweight,2019-08-31,2025-10-25,9,4,0,0,1612.8,,,,,
d74cba8566291bfa,Junie Browning,1984-05-12,175.3,,Orthodox,Lightweight,2008-12-13,2009-04-01,1,1,0,0,1503.1,,,,,
c482c8605455a213,Junior Albini,1991-03-15,190.5,188.0,Orthodox,Heavyweight,2017-07-22,2019-06-29,1,4,0,0,1411.2,Júnior Albini,17,8,0,15
d0d7160824278840,Junior Assuncao,1981-06-24,175.3,182.9,Orthodox,Featherweight,2006-10-14,2011-12-30,2,3,0,0,1475.3,Júnior Assunção,16,7,0,5
63def5a5662a6917,Junior Dos Santos,1984-01-30,193.0,195.6,Orthodox,Heavyweight,2008-10-25,2020-12-12,15,8,0,0,1619.9,Junior dos Santos,23,11,0,6
c15fa95b9a12fde4,Junior Tafa,1996-09-21,190.5,190.5,Orthodox,Light Heavyweight,2023-04-22,2026-06-06,3,6,0,0,1428.0,Junior Tafa,7,6,0,4
b102c26727306ab6,Jussier Formiga,1985-04-14,165.1,170.2,Orthodox,Flyweight,2012-10-05,2020-06-06,9,7,0,0,1602.3,Jussier Formiga,24,8,0,15
231926533134ec1f,Justin Buchholz,1983-08-22,182.9,185.4,Orthodox,Lightweight,2008-01-23,2010-02-06,1,4,0,0,1399.7,Justin Buchholz,16,10,0,9
e56daf7725a0b5ab,Justin Edwards,1983-01-26,177.8,177.8,Orthodox,Lightweight,2011-06-04,2015-06-06,2,5,0,0,1412.9,Justin Edwards (fighter),10,7,0,6
27fc9218a3653e3c,Justin Eilers,1978-06-28,185.4,,Orthodox,Heavyweight,2004-08-21,2006-02-04,1,3,0,0,1442.1,Justin Eilers,19,7,1,11
78863e4a28204a6b,Justin Frazier,1989-06-15,182.9,190.5,Southpaw,Heavyweight,2018-11-30,2018-11-30,0,1,0,0,1460.0,Justin Frazier,12,4,0,12
9e8f6c728eb01124,Justin Gaethje,1988-11-14,180.3,177.8,Orthodox,Lightweight,2017-07-07,2026-06-14,11,5,0,0,1877.9,Justin Gaethje,28,5,0,17
1ea8df62b3f8fea6,Justin James,1976-11-08,177.8,,Orthodox,Lightweight,2006-10-14,2006-10-14,0,1,0,0,1460.0,,,,,
304a21d0595e1a08,Justin Jaynes,1989-08-10,170.2,172.7,Orthodox,Featherweight,2020-06-20,2021-06-26,1,4,0,0,1408.5,Justin Jaynes,18,11,0,19
9b75954db8db2a08,Justin Jones,1987-09-06,180.3,,Orthodox,Middleweight,2014-12-06,2015-04-04,0,2,0,0,1424.7,,,,,
879f6cae48d25baa,Justin Lawrence,1990-05-15,172.7,170.2,Orthodox,Featherweight,2012-06-01,2013-04-13,1,2,0,0,1454.6,Justin Lawrence (fighter),11,5,0,3
ba1e6cb3d43f7430,Justin Ledet,1988-09-28,193.0,203.2,Orthodox,Light Heavyweight,2016-08-06,2020-10-31,3,4,0,0,1420.6,Justin Ledet,9,4,0,7
8c3f3c43c8ceb778,Justin Levens,1980-04-18,180.3,,Orthodox,Middleweight,2006-04-15,2006-06-28,0,2,0,0,1436.3,Justin Levens,9,8,0,8
3da19339ee7051d5,Justin Martin,,182.9,,,Heavyweight,1997-02-07,1997-02-07,1,0,0,0,1540.0,,,,,
75f871836d41f90f,Justin McCully,1976-02-18,185.4,185.4,Orthodox,Heavyweight,2007-04-05,2009-08-29,2,2,0,0,1502.2,Justin McCully,11,5,2,13
9b198c73e3d0d289,Justin Salas,1982-03-13,172.7,177.8,Southpaw,Lightweight,2012-02-15,2016-03-05,3,4,0,0,1446.0,Justin Salas,12,7,0,12
9fa568ad2bf2cb0b,Justin Scoggins,1992-05-02,170.2,167.6,Southpaw,Flyweight,2013-12-06,2018-07-14,4,5,0,0,1471.8,Justin Scoggins,16,7,0,7
e13abac8089a801a,Justin Tafa,1993-12-13,182.9,188.0,Southpaw,Heavyweight,2019-10-05,2025-02-08,4,5,0,1,1480.2,Justin Tafa,7,5,0,3
ce1e867808ef5fce,Justin Willis,1987-07-19,185.4,198.1,Southpaw,Heavyweight,2017-07-16,2019-03-23,4,1,0,0,1600.4,Justin Willis,9,2,0,5
e78f601035d677f2,Justin Wren,1987-04-27,188.0,,Orthodox,Heavyweight,2009-12-05,2009-12-05,0,1,0,0,1480.0,Justin Wren,13,2,0,8
928ae2e5b5f7a9ec,Justine Kish,1988-04-13,165.1,162.6,Orthodox,Women's Flyweight,2016-01-02,2021-04-17,3,4,0,0,1482.5,Justine Kish,9,7,0,4
95eb112a85601a0a,Jutaro Nakao,1970-11-30,175.3,,Southpaw,Welterweight,2001-09-28,2002-03-22,1,1,0,0,1507.0,Jutaro Nakao,26,20,4,19
9cd047a828dd7515,KB Bhullar,1991-10-12,193.0,198.1,Switch,Middleweight,2020-10-10,2021-05-01,0,2,0,0,1427.9,,,,,
b7ffa72aa148599a,KJ Noons,1982-12-07,177.8,177.8,Orthodox,Lightweight,2013-05-25,2016-02-06,2,3,0,1,1467.9,K.J. Noons,13,9,0,17
7facc9c45d792985,Kaan Ofli,1993-06-19,170.2,167.6,Orthodox,Featherweight,2024-08-24,2026-06-27,3,2,0,0,1544.6,,,,,
d33da8a3d82bdb62,Kai Asakura,1993-10-31,172.7,175.3,Orthodox,Bantamweight,2024-12-07,2026-08-29,2,2,0,0,1534.3,Kai Asakura,31,8,0,34
eee0ef3e2b14816b,Kai Kamaka III,1995-01-05,170.2,175.3,Orthodox,Featherweight,2020-08-15,2026-07-11,2,3,1,0,1460.0,Kai Kamaka III,18,8,1,9
853eb0dd5c0e2149,Kai Kara-France,1993-03-26,162.6,175.3,Orthodox,Flyweight,2018-12-01,2025-06-28,8,5,0,0,1615.0,Kai Kara-France,25,12,0,25
05b43e0ead3df345,Kailin Curran,1991-04-11,162.6,165.1,Orthodox,Women's Strawweight,2014-11-22,2017-11-25,1,6,0,0,1346.4,Kailin Curran,6,7,0,3
633a45d131192ffe,Kajan Johnson,1984-04-21,180.3,190.5,Orthodox,Lightweight,2014-06-14,2018-09-15,4,3,0,0,1549.1,Kajan Johnson,23,13,1,30
c8136ab8aa32c974,Kalib Starnes,1975-01-06,190.5,188.0,Orthodox,Middleweight,2006-06-24,2008-04-19,2,3,0,0,1476.0,Kalib Starnes,17,11,1,7
27b164b0d1833df0,Kalindra Faria,1986-07-23,170.2,,Switch,Women's Flyweight,2017-10-07,2018-08-25,0,3,0,0,1404.1,Kalindra Faria,19,11,1,24
ece280745f8727b8,Kamal Shalorus,1972-08-27,172.7,172.7,Orthodox,Lightweight,2011-03-19,2012-05-15,0,3,0,0,1420.4,Kamal Shalorus,9,5,2,9
f1b2aa7853d1ed6e,Kamaru Usman,1987-05-11,182.9,193.0,Switch,Middleweight,2015-07-12,2026-07-18,16,4,0,0,1873.2,Kamaru Usman,21,5,0,6
c7d7fda69ec410d3,Kamuela Kirk,1994-04-13,177.8,190.5,Switch,Lightweight,2021-06-05,2023-07-08,1,2,0,0,1460.5,,,,,
e0b0cf71e0d69dd0,Kanako Murata,1993-08-10,154.9,157.5,Orthodox,Women's Strawweight,2020-11-14,2023-10-07,1,2,0,0,1454.0,Kanako Murata,14,3,0,12
2db0c114414d4f06,Karine Gevorgyan,1989-03-09,162.6,160.0,,Women's Flyweight,2017-12-01,2017-12-01,0,1,0,0,1460.0,,,,,
9d62c2d8ee151f08,Karine Silva,1993-12-02,165.1,170.2,Orthodox,Women's Flyweight,2022-06-04,2026-04-18,5,3,0,0,1568.1,Karine Silva,19,7,0,18
37d5b176d438d2a5,Karl Roberson,1990-10-04,185.4,188.0,Southpaw,Light Heavyweight,2017-11-11,2022-07-09,4,6,0,0,1429.5,Karl Roberson,9,7,0,5
d35f734c56a89103,Karl Williams,1990-01-06,190.5,200.7,Orthodox,Heavyweight,2023-03-11,2024-08-10,3,1,0,0,1553.1,,,,,
d23ccf4a6c221284,Karlos Vemola,1985-07-03,182.9,190.5,Orthodox,Middleweight,2010-07-03,2013-06-08,2,4,0,0,1425.6,Karlos Vémola,38,9,0,7
349aaa3da11eb587,Karo Parisyan,1982-08-28,177.8,182.9,Orthodox,Welterweight,2003-09-26,2010-11-20,8,4,0,1,1586.1,Karo Parisyan,24,12,0,11
351c4ec637380ad5,Karol Rosa,1994-12-30,165.1,170.2,Orthodox,Women's Bantamweight,2019-08-31,2026-06-20,8,5,0,0,1542.4,Karol Rosa,19,8,0,14
d7c3816669784109,Karolina Kowalkiewicz,1985-10-15,160.0,162.6,Orthodox,Women's Strawweight,2015-12-19,2025-10-11,9,10,0,0,1451.3,Karolina Kowalkiewicz,16,10,0,7
e872e9a9a902c045,Katlyn Cerminara,1988-12-28,175.3,172.7,Orthodox,Women's Flyweight,2016-07-13,2024-03-09,11,6,0,0,1643.9,Katlyn Cerminara,18,6,0,7
d71d968dc6ecfdaf,Katsuhisa Fujii,1972-08-15,182.9,,Orthodox,Heavyweight,1999-11-19,1999-11-19,1,1,0,0,1504.6,Katsuhisa Fujii,9,18,1,4
44470bfd9483c7ad,Katsunori Kikuno,1981-10-31,172.7,167.6,Orthodox,Featherweight,2014-01-04,2015-09-26,2,3,0,0,1474.1,Katsunori Kikuno,24,8,2,28
ec13c393d029297d,Kaue Fernandes,1995-03-17,175.3,185.4,Orthodox,Lightweight,2023-11-04,2026-08-15,3,2,0,0,1554.9,,,,,
4100c7a09497ad41,Kay Hansen,1999-08-14,157.5,160.0,Orthodox,Women's Strawweight,2020-06-27,2022-04-09,1,3,0,0,1421.0,Kay Hansen,8,6,0,9
1af1170ed937cba7,Kayla Harrison,1990-07-02,172.7,167.6,Southpaw,Women's Bantamweight,2024-04-13,2025-06-07,3,0,0,0,1654.1,Kayla Harrison,19,1,0,17
ca36633b80be4a78,Kaynan Kruschewsky,1991-04-04,182.9,185.4,Orthodox,Lightweight,2023-11-04,2024-07-20,0,2,0,0,1419.2,,,,,
b034747dc1d15491,Kazuhiro Nakamura,1979-07-16,180.3,177.8,Orthodox,Light Heavyweight,2007-09-22,2008-05-24,0,2,0,0,1429.8,Kazuhiro Nakamura,21,13,0,17
c4af2feb4b58bc3b,Kazuki Tokudome,1987-03-04,180.3,185.4,Southpaw,Lightweight,2013-03-02,2014-09-20,1,3,0,0,1441.0,Kazuki Tokudome,20,12,1,15
ec18eb918121787c,Kazula Vargas,1985-08-15,172.7,180.3,Southpaw,Lightweight,2019-08-10,2022-03-19,1,3,0,0,1437.3,Kazula Vargas,16,7,0,13
9b5b5a75523728f3,Kazushi Sakuraba,1969-07-14,182.9,,Southpaw,Heavyweight,1997-12-21,1997-12-21,1,0,0,1,1540.0,Kazushi Sakuraba,26,17,1,1
782a2a17d3e38fdf,Keigo Kunihara,,182.9,,Orthodox,Heavyweight,2005-10-07,2005-10-07,0,1,0,0,1460.0,,,,,
3618e0632ecdba9c,Keiichiro Nakamura,1998-12-02,177.8,177.8,Southpaw,Featherweight,2026-01-31,2026-01-31,1,0,0,0,1540.0,,,,,
6014d25e73b669c9,Keiichiro Yamamiya,1972-07-12,180.3,,Southpaw,Middleweight,1999-11-19,1999-11-19,0,1,0,0,1464.1,Keiichiro Yamamiya,45,35,10,32
65ddc8a9ac4e8531,Keita Nakamura,1984-05-22,180.3,185.4,Southpaw,Welterweight,2006-12-13,2019-04-20,4,7,0,0,1427.6,Keita Nakamura,36,12,2,17
e3779ef06e98f185,Keith Berish,1985-11-14,182.9,,Orthodox,Middleweight,2014-07-06,2016-12-09,0,1,0,1,1460.0,,,,,
bf12aca029bfcc47,Keith Hackney,1958-04-15,180.3,,Sideways,,1994-09-09,1995-12-16,2,2,0,0,1525.6,Keith Hackney,2,2,0,0
b9d0fd83bb8a147a,Keith Jardine,1975-10-31,188.0,193.0,Orthodox,Light Heavyweight,2005-11-05,2010-06-19,6,7,0,0,1463.0,Keith Jardine,17,11,2,11
f62850b3c7480db9,Keith Mielke,,172.7,,,,1996-02-16,1996-02-16,0,1,0,0,1460.0,,,,,
c75b99887c8c3f5a,Keith Rockel,1965-08-28,182.9,,Orthodox,Middleweight,2002-01-11,2003-11-21,1,1,0,0,1499.0,,,,,
cd12227edd3f134b,Keith Wisniewski,1981-10-25,182.9,,Orthodox,Welterweight,2005-11-19,2013-09-04,0,4,0,0,1377.1,Keith Wisniewski,28,15,1,30
1a225f04aa6e0739,Kelly Dullanty,1977-11-04,172.7,,Orthodox,Lightweight,2002-03-22,2002-03-22,0,1,0,0,1458.9,Kelly Dullanty,4,2,0,3
9c42a0de8e012870,Kelly Faszholz,1985-04-09,172.7,,Orthodox,Women's Bantamweight,2016-02-21,2016-10-01,0,2,0,0,1435.2,Kelly Faszholz,4,2,0,3
8c0580d4fff106c1,Kelvin Gastelum,1991-10-24,175.3,180.3,Southpaw,Middleweight,2013-04-13,2026-04-11,14,11,0,1,1602.7,Kelvin Gastelum,20,11,0,6
63b65af1c5cb02cb,Ken Shamrock,1964-02-11,185.4,182.9,Orthodox,Light Heavyweight,1993-11-12,2006-10-10,7,6,2,0,1569.8,Ken Shamrock,28,17,2,3
fbf0947399d14323,Ken Stone,1982-10-08,172.7,180.3,Southpaw,Bantamweight,2011-06-04,2012-08-11,2,2,0,0,1482.4,Ken Stone (fighter),11,4,0,11
234f3767ff0e5701,Kendall Grove,1982-11-12,198.1,200.7,Orthodox,Middleweight,2006-06-24,2011-05-28,7,6,0,0,1471.6,Kendall Grove,24,19,0,9
9f488f520ed25bbf,Kenichi Yamamoto,1976-07-11,182.9,,Orthodox,Welterweight,1999-11-19,2000-12-16,2,1,0,0,1540.9,Kenichi Yamamoto (mixed martial artist),5,12,2,3
8667caa0451d245b,Kennedy Nzechukwu,1992-06-13,195.6,210.8,Southpaw,Heavyweight,2019-03-30,2026-08-22,8,7,1,0,1510.8,Kennedy Nzechukwu,14,7,1,6
cb139171ed1b69fe,Kenny Florian,1976-05-26,177.8,188.0,Southpaw,Featherweight,2005-04-09,2011-10-08,12,5,0,0,1670.5,Kenny Florian,14,6,0,3
6e0273f9478be71e,Kenny Robertson,1984-02-14,177.8,188.0,Orthodox,Welterweight,2011-02-05,2016-09-17,4,5,0,0,1549.5,Kenny Robertson,15,7,0,10
030f08370fd1c2bb,Kerry Schall,1971-08-09,188.0,,Orthodox,Heavyweight,2005-11-05,2005-11-05,0,1,0,0,1460.0,Kerry Schall,23,13,0,26
8bd4200561c77a62,Ketlen Souza,1994-08-18,160.0,160.0,Orthodox,Women's Strawweight,2023-06-03,2026-06-06,4,3,0,0,1581.4,Ketlen Souza,17,6,0,16
b9706f80d005036c,Ketlen Vieira,1991-08-26,172.7,172.7,Orthodox,Women's Bantamweight,2016-10-01,2026-05-16,10,5,0,0,1667.9,Ketlen Vieira,16,6,0,6
cf946e03ba2e7666,Kevin Aguilar,1988-09-07,170.2,185.4,Orthodox,Featherweight,2018-11-30,2021-05-15,2,4,0,0,1454.5,,,,,
34b96d52db1d26e6,Kevin Borjas,1997-12-06,165.1,172.7,Orthodox,Flyweight,2023-11-11,2026-08-29,2,5,0,0,1435.2,,,,,
a6d8bfe9e0c8153b,Kevin Burns,1980-03-03,177.8,188.0,Orthodox,Welterweight,2008-06-07,2009-12-12,2,3,0,0,1447.2,Kevin Burns (fighter),12,7,0,6
8d9586726252dbf7,Kevin Casey,1981-06-15,180.3,195.6,Southpaw,Middleweight,2013-04-13,2016-08-27,1,3,1,2,1446.1,Kevin Casey (fighter),9,6,2,7
7e9b36a9847db116,Kevin Christian,1995-01-21,200.7,203.2,Orthodox,Light Heavyweight,2025-11-01,2026-05-02,0,2,0,0,1415.6,,,,,
35b3772629e27a49,Kevin Croom,1987-07-15,180.3,185.4,Orthodox,Bantamweight,2020-09-12,2022-04-16,0,3,0,1,1411.6,Kevin Croom,23,15,0,33
27541033b97c076d,Kevin Ferguson,1974-02-08,188.0,195.6,Orthodox,Heavyweight,2009-12-05,2010-05-08,1,1,0,0,1495.7,Kimbo Slice,5,2,1,4
3a46b268013afede,Kevin Holland,1992-11-05,190.5,205.7,Orthodox,Welterweight,2018-08-04,2026-04-11,16,12,0,1,1651.2,Kevin Holland,29,15,0,16
13b2f59210dda9cc,Kevin Jackson,1964-11-25,177.8,,Switch,Middleweight,1997-07-27,1998-03-13,2,2,0,0,1498.8,Kevin Jackson,4,2,0,1
02e52b3a595f0786,Kevin Jordan,1970-12-31,190.5,,Orthodox,Heavyweight,2005-06-04,2005-11-19,0,2,0,0,1429.2,Kevin Jordan (fighter),11,9,0,10
dda15dbfafb792df,Kevin Jousset,1993-05-02,188.0,190.5,Orthodox,Welterweight,2023-09-09,2025-02-08,2,2,0,0,1499.9,Kevin Jousset,10,5,0,10
ee9ebceabfd16fa7,Kevin Lee,1992-09-04,175.3,195.6,Orthodox,Welterweight,2014-02-01,2023-07-01,11,8,0,0,1595.6,Kevin Lee,20,9,0,7
0c258d1d8e16e5f1,Kevin Natividad,1993-04-02,167.6,177.8,Orthodox,Bantamweight,2020-10-31,2022-11-19,0,3,0,0,1406.0,,,,,
6859f67468ba8489,Kevin Randleman,1971-08-10,177.8,,Orthodox,Light Heavyweight,1999-03-05,2002-01-11,4,3,0,0,1581.8,Kevin Randleman,17,16,0,3
598a58db87b890ee,Kevin Rosier,,193.0,,Orthodox,,1993-11-12,1994-12-16,1,2,0,0,1455.5,Kevin Rosier,2,6,0,0
239d8e5359022f3b,Kevin Vallejos,2001-12-08,170.2,172.7,Switch,Featherweight,2025-03-15,2026-03-14,4,0,0,0,1665.5,Kevin Vallejos,18,1,0,15
032cc3922d871c7f,Khabib Nurmagomedov,1988-09-20,177.8,177.8,Orthodox,Lightweight,2012-01-20,2020-10-24,13,0,0,0,1935.1,Khabib Nurmagomedov,29,0,0,13
c3218c810959d279,Khadis Ibragimov,1995-05-21,190.5,198.1,Orthodox,Light Heavyweight,2019-08-31,2020-09-26,0,4,0,0,1369.5,Khadis Ibragimov,11,8,0,7
231cae8b77fbbcc1,Khalid Murtazaliev,1993-07-15,182.9,193.0,Orthodox,Middleweight,2018-09-15,2018-09-15,1,0,0,0,1551.8,,,,,
b4537562f88ac582,Khalid Taha,1992-02-15,165.1,175.3,Orthodox,Bantamweight,2018-07-22,2022-09-03,1,4,0,1,1404.3,Khalid Taha,16,6,0,13
749f572d1d3161fb,Khalil Rountree Jr.,1990-02-26,185.4,193.0,Southpaw,Light Heavyweight,2016-07-08,2025-10-04,10,7,0,1,1636.3,Khalil Rountree Jr.,14,7,0,4
78e501478a36a018,Khama Worthy,1986-10-15,180.3,188.0,Orthodox,Lightweight,2019-08-17,2021-10-23,2,3,0,0,1449.8,Khama Worthy,20,12,0,20
767755fd74662dbf,Khamzat Chimaev,1994-05-01,188.0,190.5,Orthodox,Middleweight,2020-07-15,2026-05-09,9,1,0,0,1850.7,Khamzat Chimaev,15,1,0,6
2558ae2e5671e318,Khaos Williams,1994-03-30,182.9,195.6,Orthodox,Welterweight,2020-02-08,2026-05-16,7,4,0,0,1593.8,Khaos Williams,16,5,0,10
5c10da56d712ac9c,Khusein Askhabov,1995-02-13,172.7,175.3,Orthodox,Featherweight,2023-02-18,2023-02-18,0,1,0,0,1458.4,,,,,
4729c93ba705a3bf,Kiefer Crosbie,1990-04-05,180.3,177.8,Switch,Welterweight,2023-09-09,2025-08-23,0,3,0,0,1393.0,,,,,
71df36d6d8cf0d74,Kiichi Kunimoto,1981-05-01,177.8,180.3,Orthodox,Welterweight,2014-01-04,2017-06-10,3,2,0,0,1536.5,Kiichi Kunimoto,21,12,2,21
08ae5cd9aef7ddd3,Kimo Leopoldo,1968-01-05,190.5,,Orthodox,Heavyweight,1994-09-09,2004-06-19,2,4,0,0,1485.6,Kimo Leopoldo,10,7,1,0
887961364be5ceb3,King Green,1986-09-09,177.8,180.3,Orthodox,Lightweight,2013-02-02,2026-07-11,17,12,1,1,1689.5,King Green,36,17,1,22
296a120cb880477b,Kiru Sahota,1995-05-28,177.8,185.4,Orthodox,Flyweight,2024-11-23,2024-11-23,0,1,0,0,1460.0,,,,,
ce47f49e5c386a9c,Kit Cope,1977-03-17,182.9,,Orthodox,Welterweight,2005-11-05,2005-11-05,0,1,0,0,1461.0,Kit Cope,6,7,0,4
9f5e3c20ce40b344,Klaudia Sygula,1998-12-30,172.7,175.3,Orthodox,Women's Bantamweight,2024-11-09,2026-09-05,2,2,0,0,1496.9,,,,,
102a8fdf8cbf7467,Kleydson Rodrigues,1995-10-22,165.1,170.2,Orthodox,Bantamweight,2022-05-07,2024-05-18,1,3,0,0,1450.3,,,,,
7279654c7674cd24,Klidson Abreu,1992-12-24,182.9,188.0,Orthodox,Light Heavyweight,2019-02-23,2020-05-30,1,2,0,1,1487.9,Klidson Abreu,17,9,0,16
aebaa8cec15b083d,Kody Steele,1995-04-21,175.3,180.3,Orthodox,Lightweight,2025-02-08,2026-05-02,1,1,0,0,1502.0,,,,,
2a6f8136da1e52c0,Koji Kitao,1963-10-12,200.7,,Southpaw,,1996-05-17,1996-05-17,0,1,0,0,1464.6,Kōji Kitao,1,2,0,1
01daf32100ed7517,Koji Oishi,1977-05-31,172.7,,Orthodox,Welterweight,2000-04-14,2005-06-04,0,2,0,0,1457.9,,,,,
22061ff217907c78,Konstantin Erokhin,1983-01-31,180.3,,Orthodox,Heavyweight,2015-01-24,2015-12-11,0,2,0,0,1420.8,,,,,
baed16f18348908e,Kris McCray,1981-09-24,182.9,193.0,Orthodox,Welterweight,2010-06-19,2011-03-26,0,3,0,0,1414.0,Kris McCray,9,5,0,5
9c27f3217891f3f0,Kris Moutinho,1992-08-09,170.2,172.7,Southpaw,Bantamweight,2021-07-10,2026-02-28,0,4,0,0,1368.2,,,,,
af49a6c491ca22a3,Kristian Rothaermel,1972-01-31,182.9,,Open Stance,Light Heavyweight,2006-06-28,2006-06-28,0,1,0,0,1455.4,,,,,
5b5b9c6f6f270369,Kristof Midoux,1974-07-30,185.4,,Orthodox,Heavyweight,2006-08-17,2006-08-17,0,1,0,0,1460.0,,,,,
242d36d241b43c12,Kron Gracie,1988-07-11,175.3,177.8,Southpaw,Featherweight,2019-02-17,2024-12-07,1,3,0,0,1449.5,Kron Gracie,5,3,0,4
4e06913c91da5200,Krzysztof Jotko,1989-08-19,185.4,195.6,Southpaw,Middleweight,2013-12-06,2022-10-01,11,6,0,0,1624.0,Krzysztof Jotko,30,6,0,13
59583ff832fe9d68,Krzysztof Soszynski,1977-08-02,185.4,195.6,Open Stance,Light Heavyweight,2008-12-13,2011-12-10,6,3,0,0,1551.3,Krzysztof Soszynski,26,12,1,30
9d4522df6fc49a47,Kuniyoshi Hironaka,1976-06-17,177.8,177.8,Orthodox,Welterweight,2006-10-14,2008-04-19,1,3,0,0,1444.6,Kuniyoshi Hironaka,23,9,0,12
a7151778b3381036,Kurt Holobaugh,1986-09-08,180.3,177.8,Orthodox,Lightweight,2013-04-27,2025-05-31,2,7,0,0,1385.4,Kurt Holobaugh,22,10,0,10
aa1952ec0b3dd8e1,Kurt Pellegrino,1979-05-07,172.7,177.8,Orthodox,Lightweight,2006-07-08,2011-03-19,7,5,0,0,1598.1,Kurt Pellegrino,16,7,0,9
9d51798e61f2e0c7,Kurtis Campbell,2002-07-29,175.3,182.9,Switch,Featherweight,2026-03-21,2026-09-05,1,1,0,0,1499.1,,,,,
c13042265355a290,Kwan Ho Kwak,1989-06-18,165.1,,Switch,Bantamweight,2016-11-19,2017-06-17,0,2,0,0,1414.9,,,,,
c5af5750e8bae4f0,Kyle Bochniak,1987-02-05,170.2,177.8,Orthodox,Featherweight,2016-01-17,2019-10-18,2,5,0,0,1416.1,Kyle Bochniak,11,7,0,6
a6959da32f0e6b5d,Kyle Bradley,1982-08-19,175.3,180.3,Orthodox,Lightweight,2008-02-02,2010-01-11,1,3,0,0,1432.5,,,,,
d6c0cdd7e467c440,Kyle Daukaus,1993-02-27,188.0,193.0,Southpaw,Middleweight,2020-06-27,2026-06-14,4,5,0,1,1517.2,Kyle Daukaus,17,5,0,9
b959e8c7fd8390d2,Kyle Kingsbury,1982-03-22,193.0,200.7,Orthodox,Light Heavyweight,2008-12-13,2014-07-26,4,5,0,0,1434.3,Kyle Kingsbury,11,6,0,9
31f8081c7600da93,Kyle Nelson,1991-04-20,180.3,180.3,Switch,Lightweight,2018-12-08,2026-03-28,5,6,1,0,1531.9,Kyle Nelson (fighter),17,6,1,13
7339d340aa2889cb,Kyle Noke,1980-03-18,185.4,193.0,Southpaw,Welterweight,2010-06-19,2016-11-26,6,6,0,0,1455.0,Kyle Noke,22,10,1,21
873626e5547b5235,Kyle Prepolec,1989-08-30,177.8,177.8,Southpaw,Lightweight,2019-05-04,2026-08-01,0,5,0,0,1355.4,Kyle Prepolec,18,11,0,19
bb61823f76361297,Kyle Stewart,1989-01-31,182.9,193.0,Orthodox,Welterweight,2019-01-19,2019-07-27,0,2,0,0,1417.4,,,,,
d7b2c0b53883ee80,Kyle Watson,1979-08-09,182.9,,Southpaw,Lightweight,2010-12-04,2011-04-30,1,1,0,0,1499.5,,,,,
60425d07ef4b91a7,Kyler Phillips,1995-06-12,172.7,182.9,Orthodox,Bantamweight,2020-02-29,2026-04-18,6,4,0,0,1570.9,Kyler Phillips,12,5,0,7
98aa60cf58071fd6,Kyoji Horiguchi,1990-10-12,162.6,160.0,Orthodox,Flyweight,2013-10-19,2026-06-20,9,2,0,0,1706.2,Kyoji Horiguchi,36,6,0,12
a7897d200692ab64,Kyung Ho Kang,1987-09-09,175.3,185.4,Orthodox,Bantamweight,2013-03-02,2024-06-22,8,5,0,1,1531.3,Kang Kyung-ho,19,11,0,16
5431dccc09118234,Lance Benoist,1988-08-26,180.3,182.9,Southpaw,Welterweight,2011-09-17,2014-06-07,2,2,0,0,1518.2,Lance Benoist,7,2,0,5
63eedfcc73071d41,Lance Gibson,1970-11-20,175.3,,Orthodox,Middleweight,2000-03-10,2000-12-16,1,1,0,0,1504.1,Lance Gibson,4,5,0,5
07bc580bdf3eb9c8,Lance Gibson Jr.,1995-02-02,175.3,182.9,Switch,Lightweight,2025-12-13,2026-03-28,1,1,0,0,1539.1,,,,,
f9b200db02b488d9,Lando Vannata,1992-03-14,175.3,180.3,Orthodox,Lightweight,2016-07-13,2026-04-04,4,8,2,0,1387.3,Lando Vannata,12,8,2,8
267f4a6568abe245,Landon Quinones,1995-11-21,175.3,177.8,Southpaw,Lightweight,2023-09-09,2024-02-03,0,2,0,0,1432.8,,,,,
e99821959a840bb8,Lara Procopio,1995-11-14,162.6,170.2,Orthodox,Women's Flyweight,2019-08-31,2021-06-19,1,2,0,0,1486.3,Lara Procópio,9,2,0,6
16b89be2f5c16fba,Larissa Pacheco,1994-09-07,170.2,,Orthodox,Women's Bantamweight,2014-09-13,2015-03-14,0,2,0,0,1424.4,Larissa Pacheco,23,5,0,10
46f11d15c0134fe3,Larry Cureton,,188.0,,Orthodox,,1995-04-07,1995-09-08,0,2,0,0,1429.8,,,,,
a12a8314adc1c1c9,Laureano Staropoli,1993-02-27,185.4,180.3,Orthodox,Middleweight,2018-11-17,2021-10-23,2,4,0,0,1415.6,Laureano Staropoli,15,7,0,8
f923e012414c883e,Lauren Mueller,1991-11-15,165.1,170.2,Orthodox,Women's Flyweight,2018-04-14,2019-10-12,1,3,0,0,1428.4,Lauren Mueller,5,4,0,4
729d4bd5a6cd0a97,Lauren Murphy,1983-07-27,165.1,170.2,Orthodox,Women's Flyweight,2014-08-16,2025-07-12,8,7,0,0,1544.1,Lauren Murphy,16,6,0,8
e6c5908910cc26e4,Lavar Johnson,1977-06-11,193.0,208.3,Orthodox,Heavyweight,2012-01-28,2013-02-23,2,2,0,0,1499.0,Lavar Johnson,18,10,0,20
1c2f2571b18791b6,Laverne Clark,1973-12-02,180.3,,Orthodox,Welterweight,1998-03-13,2000-09-22,4,1,0,0,1561.1,LaVerne Clark,27,21,1,3
a1ad35b98a9136e5,Lawrence Lui,1996-08-04,170.2,182.9,Orthodox,Bantamweight,2026-01-31,2026-08-29,1,1,0,0,1477.7,,,,,
8cb78f3a6c2a08f7,Leah Letson,1992-08-21,170.2,180.3,Southpaw,Women's Featherweight,2018-11-30,2021-11-13,1,1,0,0,1478.9,Leah Letson,5,2,0,5
d1e1fdcea7c8a90a,Leandro Issa,1983-09-19,170.2,175.3,Orthodox,Bantamweight,2014-01-04,2016-09-03,2,3,0,0,1470.8,Leandro Issa,17,9,0,14
159da492e000afbf,Leandro Silva,1985-11-11,175.3,182.9,Orthodox,Lightweight,2013-06-08,2016-09-03,3,4,0,1,1506.7,Leandro Silva (fighter),30,12,1,13
32016899d0a222a3,Lee Murray,1977-09-12,190.5,,Orthodox,Middleweight,2004-01-31,2004-01-31,1,0,0,0,1545.1,Lee Murray,8,2,1,9
918db42c3637916f,Leigh Remedios,1976-01-13,170.2,,Orthodox,Lightweight,2002-07-13,2002-07-13,0,1,0,0,1460.0,,,,,
6905d45bd71b50a9,Leo Kuntz,1983-10-03,177.8,,Orthodox,Lightweight,2015-05-23,2015-11-28,0,2,0,0,1440.2,,,,,
f1fac969a1d70b08,Leon Edwards,1991-08-25,188.0,188.0,Southpaw,Welterweight,2014-11-08,2025-11-15,14,5,0,1,1791.2,Leon Edwards,22,6,0,9
9eed2bcc9e0b92af,Leon Shahbazyan,1995-11-18,193.0,188.0,Orthodox,Welterweight,2026-06-20,2026-06-20,0,1,0,0,1460.0,,,,,
917e53fa0adea0d3,Leonard Garcia,1979-07-14,177.8,172.7,Orthodox,Featherweight,2007-04-07,2013-04-27,2,7,0,0,1332.0,Leonard Garcia,18,13,1,10
cc98d857b148e33a,Leonardo Guimaraes,1982-04-15,182.9,,Orthodox,Middleweight,2016-02-21,2016-09-17,0,2,0,0,1420.7,,,,,
8bbc0cfc01bc1ba1,Leonardo Mafra,1989-04-25,177.8,177.8,Orthodox,Lightweight,2012-06-23,2015-07-18,1,3,0,0,1446.8,Leonardo Mafra,15,7,0,6
45230be0641f3f53,Leonardo Morales,1992-12-22,172.7,,Southpaw,Bantamweight,2014-11-15,2015-06-06,0,2,0,0,1420.0,,,,,
9c65736747ca92ec,Leonardo Santos,1980-02-05,182.9,190.5,Orthodox,Lightweight,2013-06-08,2022-08-20,7,3,1,0,1565.2,Leonardo Santos (fighter),18,6,1,14
396fe87b84ac2e1c,Lerone Murphy,1991-07-22,175.3,185.4,Orthodox,Featherweight,2019-09-07,2026-03-21,9,1,1,0,1775.5,Lerone Murphy,17,1,1,8
640a0f838f057a81,Lerryan Douglas,1995-04-27,175.3,182.9,Orthodox,Featherweight,2026-03-28,2026-08-22,1,1,0,0,1513.2,,,,,
76984112f697631f,Leslie Smith,1982-08-17,175.3,167.6,Orthodox,Women's Bantamweight,2014-04-16,2017-07-16,4,3,0,0,1545.0,Leslie Smith (fighter),12,9,1,11
a69a7120cf26669d,Levan Chokheli,1996-10-02,180.3,182.9,Orthodox,Welterweight,2026-06-20,2026-06-20,1,0,0,0,1540.0,,,,,
938ad489fb7a1f31,Levan Makashvili,1989-01-07,172.7,172.7,Orthodox,Featherweight,2015-05-16,2016-01-30,1,1,1,0,1498.5,Levan Makashvili,24,10,1,13
9ac4e43ed56429ed,Levi Rodrigues Jr.,1996-10-15,182.9,193.0,Orthodox,Light Heavyweight,2026-07-18,2026-08-29,0,2,0,0,1421.5,,,,,
2ff2e6e5abea3e53,Lewis Gonzalez,1987-09-19,177.8,,Orthodox,Welterweight,2015-06-27,2015-06-27,0,1,0,0,1456.6,,,,,
e64b96c07d7ce999,Li Jingliang,1988-03-20,182.9,180.3,Orthodox,Welterweight,2014-05-24,2024-08-17,11,7,0,0,1622.0,Li Jingliang,19,9,0,10
eebc23626e38f5dc,Liana Jojua,1995-03-22,162.6,157.5,Orthodox,Women's Flyweight,2019-09-07,2021-11-13,1,3,0,0,1413.5,Liana Jojua,8,6,0,8
ec0dcceace7d25a3,Liang Na,1996-07-27,165.1,170.2,Orthodox,Women's Flyweight,2021-04-24,2024-04-27,0,4,0,0,1352.3,,,,,
f300763147320d12,Liliya Shakirova,1991-10-24,162.6,165.1,Orthodox,Women's Flyweight,2020-10-24,2020-10-24,0,1,0,0,1465.1,,,,,
2eeaefbfc7f9fcff,Lina Lansberg,1982-03-13,170.2,165.1,Orthodox,Women's Bantamweight,2016-09-24,2023-02-18,4,7,0,0,1432.9,Lina Länsberg,10,8,0,7
77350fd0e6d1dba8,Lisa Ellis,1982-11-15,162.6,,,Women's Strawweight,2014-12-12,2015-05-09,0,2,0,0,1420.0,Lisa Ellis (martial artist),15,11,0,23
a9936818d709e2d7,Liu Ce,1996-09-04,190.5,195.6,Orthodox,Light Heavyweight,2026-08-29,2026-08-29,1,0,0,0,1535.0,Liu Ce,4,1,0,4
1a54231796e24a3f,Liudvik Sholinian,1990-01-20,177.8,180.3,Orthodox,Bantamweight,2021-09-04,2022-11-05,0,2,0,0,1428.8,,,,,
dab8cfbb6b1db10a,Livinha Souza,1991-03-11,160.0,160.0,Orthodox,Women's Strawweight,2018-09-22,2021-10-23,3,3,0,0,1446.4,Lívia Renata Souza,14,4,0,12
51a0c09cbe9b8472,Liz Carmouche,1984-02-19,167.6,167.6,Orthodox,Women's Flyweight,2013-02-23,2019-08-10,5,5,0,0,1534.7,Liz Carmouche,26,8,0,10
265589bdd93e7ce5,Lodune Sincaid,1973-05-07,175.3,,Orthodox,Middleweight,2005-04-09,2005-04-09,0,1,0,0,1460.0,Lodune Sincaid,15,9,0,6
6776260cb0aef647,Logan Clark,1985-02-16,188.0,,Orthodox,Middleweight,2006-12-13,2006-12-13,1,0,0,0,1540.0,Logan Clark,18,6,0,9
8c169fbe1ac33637,Loik Radzhabov,1990-09-17,180.3,175.3,Orthodox,Lightweight,2023-03-04,2024-07-20,2,2,0,0,1498.0,,,,,
4e30e4250cb08b61,Loma Lookboonmee,1996-01-18,154.9,154.9,Orthodox,Women's Strawweight,2019-10-26,2026-05-30,7,4,0,0,1534.1,Loma Lookboonmee,10,5,0,4
bb2c3c3a466224af,Lone'er Kavanagh,1999-06-09,167.6,170.2,Orthodox,Flyweight,2024-11-23,2026-07-11,3,2,0,0,1547.5,Lone'er Kavanagh,10,2,0,7
8e5d953bdb9ae5e7,Loopy Godinez,1993-09-06,157.5,154.9,Orthodox,Women's Strawweight,2021-04-17,2026-04-11,9,6,0,0,1593.0,Loopy Godinez,14,6,0,5
9450848a71d53776,Lorenz Larkin,1986-09-03,180.3,182.9,Orthodox,Welterweight,2013-04-20,2016-08-20,5,5,0,0,1601.9,Lorenz Larkin,27,8,0,14
5b43d68174b6e2ab,Losene Keita,1997-12-30,170.2,182.9,Orthodox,Featherweight,2026-03-21,2026-09-05,1,1,0,0,1541.0,Losene Keita,17,2,0,17
cdb7b38b1b357f26,Louie Sutherland,1994-02-08,190.5,193.0,Orthodox,Heavyweight,2025-10-25,2026-08-08,1,3,0,0,1446.7,,,,,
afe8d5b39ff7fca2,Louis Cosce,1995-08-27,175.3,180.3,Orthodox,Welterweight,2020-11-21,2022-09-17,0,2,0,0,1425.9,,,,,
b72a60a0cadff408,Louis Gaudinot,1984-08-28,160.0,160.0,Orthodox,Flyweight,2011-12-03,2015-01-03,1,3,0,1,1438.4,Louis Gaudinot,8,5,0,6
d2bc285ead803db0,Louis Smolka,1991-07-16,175.3,172.7,Orthodox,Bantamweight,2014-01-15,2022-05-14,8,9,0,0,1444.2,Louis Smolka,17,9,0,6
1ffc38f67785797b,Lowell Anderson,,167.6,,Orthodox,Middleweight,1999-09-24,1999-09-24,0,1,0,0,1460.0,,,,,
9ccf8371fd80d45d,Luan Chagas,1993-06-17,182.9,190.5,Orthodox,Welterweight,2016-05-14,2018-04-21,1,2,1,0,1478.2,Luan Chagas,15,3,1,15
6fc506e1099afe20,Luan Lacerda,1993-01-07,170.2,180.3,Orthodox,Bantamweight,2023-01-21,2026-03-14,1,3,0,0,1426.5,,,,,
528b071cf3da7c56,Luana Carolina,1993-06-11,167.6,175.3,Orthodox,Women's Bantamweight,2019-05-11,2025-09-27,6,4,0,0,1532.0,Luana Carolina,11,5,0,6
a3a542074109b347,Luana Pinheiro,1992-11-18,157.5,157.5,Orthodox,Women's Strawweight,2021-05-01,2025-05-17,3,4,0,0,1452.5,Luana Pinheiro,11,5,0,9
5078e1dacf9d25f4,Luana Santos,2000-04-16,167.6,170.2,Orthodox,Women's Bantamweight,2023-08-12,2026-06-20,6,1,0,0,1662.4,Luana Santos,11,2,0,6
11583163f45c7b31,Lucas Alexander,1995-07-28,180.3,185.4,Orthodox,Featherweight,2022-10-15,2025-02-01,1,3,0,0,1423.3,,,,,
710f0f8c5d5c9d41,Lucas Almeida,1991-01-31,180.3,180.3,Orthodox,Featherweight,2022-06-04,2025-10-11,2,4,0,0,1445.7,,,,,
33a8708747b7f943,Lucas Brennan,2000-06-03,177.8,182.9,Southpaw,Lightweight,2026-04-25,2026-04-25,0,1,0,0,1461.0,Lucas Brennan,11,3,0,13
3df223aeaacecf3f,Lucas Fernando,1997-01-10,190.5,203.2,Orthodox,Light Heavyweight,2026-08-15,2026-08-15,1,0,0,0,1534.4,,,,,
7413b80dbb0f8f9f,Lucas Martins,1988-11-11,182.9,182.9,Southpaw,Featherweight,2013-01-19,2016-04-10,4,3,0,0,1544.5,Lucas Martins,22,7,0,12
e0d3d9b564f95635,Lucas Rocha,2000-08-12,160.0,162.6,Orthodox,Flyweight,2024-10-12,2025-10-11,1,1,0,0,1504.0,,,,,
3cf66c62d9069f43,Lucie Pudilova,1994-06-13,172.7,170.2,Orthodox,Women's Flyweight,2017-03-18,2024-07-20,3,8,0,0,1379.5,Lucie Pudilová,17,12,0,7
a780d16cf7eed44d,Lucio Linhares,1973-12-08,188.0,,Orthodox,Middleweight,2009-12-12,2010-03-31,0,2,0,0,1445.9,,,,,
5b86d491d63890c5,Ludovit Klein,1995-02-22,170.2,182.9,Southpaw,Lightweight,2020-09-26,2026-08-01,8,4,1,0,1595.6,Ľudovít Klein,24,6,1,18
9583662df31d943f,Luigi Fioravanti,1981-01-22,172.7,177.8,Orthodox,Welterweight,2006-04-06,2009-02-07,4,5,0,0,1493.3,Luigi Fioravanti,26,15,0,7
2f1a257d6777096d,Luigi Vendramini,1996-01-16,172.7,185.4,Orthodox,Lightweight,2018-09-22,2021-09-04,1,3,0,0,1453.7,Luigi Vendramini,13,3,0,8
33a86e839ad202d8,Luis Felipe Dias,1995-01-17,177.8,188.0,,Middleweight,2026-05-30,2026-09-05,1,1,0,0,1495.4,,,,,
29162be25ebef5f0,Luis Gurule,1993-11-16,165.1,162.6,Orthodox,Bantamweight,2025-04-05,2026-05-30,1,4,0,0,1407.7,,,,,
e5bda12faabfc850,Luis Henrique,1993-08-21,188.0,188.0,Orthodox,Light Heavyweight,2015-12-19,2018-09-22,2,4,0,0,1423.9,Luis Henrique (fighter),18,10,0,10
e530df53922f413e,Luis Pajuelo,1994-12-18,177.8,175.3,Orthodox,Featherweight,2024-03-23,2024-03-23,0,1,0,0,1459.5,,,,,
2844b047183a1adb,Luis Pena,1993-07-05,190.5,190.5,Southpaw,Lightweight,2018-07-06,2021-04-17,5,3,0,0,1577.4,,,,,
7bc475b0fc2020ab,Luis Ramos,1981-01-18,172.7,,Orthodox,Welterweight,2011-08-27,2012-06-22,0,2,0,0,1432.7,Luis Ramos (fighter),20,10,2,25
12e0fdc606f7e274,Luis Saldana,1991-01-27,180.3,185.4,Orthodox,Featherweight,2021-04-10,2022-08-20,2,1,1,0,1527.7,Luis Saldaña,18,7,1,20
24b033b3daf1c9df,Luiz Cane,1981-04-24,188.0,195.6,Southpaw,Middleweight,2007-12-29,2012-10-13,4,5,0,0,1464.1,Luiz Cané,17,7,0,9
2153a7f8396a46cc,Luiz Dutra,1982-05-06,180.3,,Orthodox,Welterweight,2014-01-04,2015-05-30,0,2,0,0,1424.6,,,,,
0c25d0a5e8cdbf19,Lukasz Brzeski,1992-05-17,190.5,198.1,Orthodox,Heavyweight,2022-08-13,2025-07-19,1,6,0,0,1391.4,,,,,
fb41432b622992a9,Lukasz Sajewski,1990-11-27,172.7,180.3,Orthodox,Lightweight,2015-06-20,2016-10-08,0,3,0,0,1399.9,,,,,
172c2135e70f87b7,Luke Barnatt,1988-04-13,198.1,195.6,Orthodox,Middleweight,2013-04-13,2015-05-16,3,3,0,0,1521.4,Luke Barnatt,15,10,0,5
68d76fd9ecf7431d,Luke Caudillo,1980-11-30,170.2,,Orthodox,Lightweight,2007-06-12,2007-11-17,0,2,0,0,1418.2,Luke Caudillo,17,17,0,24
93ce4ac89e3d7652,Luke Cummo,1980-04-27,182.9,188.0,Orthodox,Welterweight,2005-11-05,2008-08-09,3,4,0,0,1464.0,Luke Cummo,6,6,0,5
d62e280d0f7b6d6f,Luke Fernandez,1995-06-29,185.4,193.0,Orthodox,Light Heavyweight,2026-03-07,2026-03-07,0,1,0,0,1460.0,,,,,
4c288a2b250bb576,Luke Jumeau,1988-02-12,180.3,182.9,Orthodox,Welterweight,2017-06-10,2019-10-05,2,2,0,0,1511.3,Luke Jumeau,13,5,0,14
b1de86d835638319,Luke Riley,1999-06-30,175.3,175.3,Orthodox,Featherweight,2025-11-22,2026-07-11,3,0,0,0,1606.2,,,,,
00e11b5c8b7bfeeb,Luke Rockhold,1984-10-17,190.5,195.6,Southpaw,Middleweight,2013-05-18,2022-08-20,6,5,0,0,1606.7,Luke Rockhold,16,6,0,11
96428b9e9bd048ea,Luke Sanders,1985-12-12,167.6,170.2,Southpaw,Featherweight,2016-01-17,2021-05-01,3,5,0,0,1446.5,Luke Sanders,13,5,0,10
2284092f8b63273b,Luke Zachrich,1981-12-19,188.0,188.0,Orthodox,Middleweight,2014-04-19,2014-11-07,1,2,0,0,1468.3,Luke Zachrich,14,4,0,15
4e0692ad070976e4,Lyman Good,1985-05-26,182.9,188.0,Orthodox,Welterweight,2015-07-15,2020-06-20,3,3,0,0,1548.6,Lyman Good,21,6,0,22
f7a7f7118d4b01b6,Lyoto Machida,1978-05-30,185.4,188.0,Southpaw,Middleweight,2007-02-03,2018-05-12,16,8,0,0,1695.3,Lyoto Machida,26,11,0,8
86f582852a5b240a,Mac Danzig,1980-01-02,172.7,177.8,Orthodox,Lightweight,2007-12-08,2013-12-14,5,8,0,0,1443.0,Mac Danzig,22,12,1,21
6b5b9be990774f0e,Maciej Jewtuszko,1981-01-31,182.9,,Southpaw,Lightweight,2011-02-26,2011-02-26,0,1,0,0,1456.3,Maciej Jewtuszko,13,5,0,8
51b1e2fd9872005b,Mackens Semerzier,1980-11-03,175.3,182.9,Orthodox,Featherweight,2011-03-26,2012-03-02,1,1,0,1,1500.0,Mackens Semerzier,8,4,0,8
7447e9f28508106a,Mackenzie Dern,1993-03-24,162.6,160.0,Orthodox,Women's Strawweight,2018-03-03,2026-08-15,12,5,0,0,1741.2,Mackenzie Dern,17,5,0,5
9cdd2da1a9104a0b,Macy Chiasson,1991-07-27,180.3,182.9,Orthodox,Women's Bantamweight,2018-11-30,2026-02-28,8,6,0,0,1518.6,Macy Chiasson,10,6,0,2
69f01b25dfabaf6b,Mads Burnell,1994-03-06,172.7,175.3,Orthodox,Featherweight,2017-09-02,2018-05-27,1,2,0,0,1480.5,Mads Burnell,20,8,0,9
0e21976afc92e4d1,Magnus Cedenblad,1982-04-10,195.6,200.7,Orthodox,Middleweight,2012-04-14,2016-11-19,4,2,0,0,1558.9,Magnus Cedenblad,14,5,0,13
d802174b0c0c1f4e,Magomed Ankalaev,1992-06-02,190.5,190.5,Orthodox,Light Heavyweight,2018-03-17,2026-07-25,13,2,1,1,1851.1,Magomed Ankalaev,21,2,2,8
87f19d19f4cb73f8,Magomed Bibulatov,1988-08-22,165.1,165.1,Orthodox,Flyweight,2017-04-08,2019-02-02,1,2,0,0,1485.2,Magomed Bibulatov,21,4,0,11
6e344b71421103da,Magomed Gadzhiyasulov,1993-11-04,188.0,190.5,Orthodox,Light Heavyweight,2024-06-22,2025-01-11,1,1,0,0,1475.7,,,,,
31d7446b184e3305,Magomed Mustafaev,1988-08-02,172.7,180.3,Orthodox,Lightweight,2015-06-20,2020-02-22,3,2,0,0,1562.5,Magomed Mustafaev,14,3,0,9
bc5a51159ec2fdf2,Magomed Tuchalov,1999-12-30,190.5,198.1,Orthodox,Light Heavyweight,2026-07-25,2026-07-25,1,0,0,0,1530.8,,,,,
04ff3a711504d6b3,Magomed Zaynukov,1995-01-02,177.8,172.7,Orthodox,Lightweight,2026-07-25,2026-07-25,1,0,0,0,1540.0,Magomed Zaynukov,9,0,0,8
8c1ca54b5089d199,Maheshate,1999-12-01,182.9,180.3,Orthodox,Lightweight,2022-06-11,2025-08-23,2,4,0,0,1399.5,,,,,
2fee10d5cf86bfca,Maia Stevenson,1982-03-19,162.6,157.5,Orthodox,Women's Strawweight,2018-02-03,2018-02-03,0,1,0,0,1460.0,,,,,
d58478ded5534695,Maiquel Falcao,1981-03-08,180.3,,Orthodox,Middleweight,2010-11-20,2010-11-20,1,0,0,0,1551.9,Maiquel Falcão,40,20,0,29
8f5c8850b2484173,Mairbek Taisumov,1988-08-08,175.3,185.4,Orthodox,Lightweight,2014-01-04,2019-09-07,7,2,0,0,1651.0,Mairbek Taisumov,27,6,0,24
480779d7f9a424d3,Mairon Santos,2000-06-10,170.2,182.9,Orthodox,Featherweight,2024-08-24,2025-12-06,4,0,0,0,1645.4,,,,,
ea7e5bc78d9de658,Makhmud Muradov,1990-02-08,188.0,190.5,Orthodox,Middleweight,2019-09-28,2024-02-03,4,2,0,1,1572.1,Makhmud Muradov,30,8,0,28
c549573c0df4d676,Maki Pitolo,1990-11-24,177.8,190.5,Orthodox,Middleweight,2019-10-05,2021-12-04,1,5,0,0,1360.3,Maki Pitolo,16,12,0,16
87a1dc546b1c5caf,Makwan Amirkhani,1988-11-08,177.8,182.9,Southpaw,Featherweight,2015-01-24,2023-03-18,7,7,0,0,1476.2,Makwan Amirkhani,20,11,0,12
dee294e9717012c2,Malcolm Gordon,1990-05-19,170.2,180.3,Switch,Flyweight,2020-07-18,2024-01-20,2,5,0,0,1407.8,Malcolm Gordon (fighter),14,8,0,15
2e45d08b3f2f02c8,Malcolm Wellmaker,1994-06-04,177.8,180.3,Switch,Bantamweight,2025-04-26,2026-05-16,2,2,0,0,1478.0,,,,,
19b7738321cfae42,Mallory Martin,1994-01-29,162.6,160.0,Orthodox,Women's Strawweight,2019-12-07,2021-12-04,1,3,0,0,1414.2,Mallory Martin,11,6,0,8
c0386644627a7ee5,Mana Martinez,1996-03-25,177.8,177.8,Orthodox,Bantamweight,2021-08-28,2023-03-04,2,2,0,0,1478.2,,,,,
8f4528c10bd34fab,Mandel Nallo,1989-07-26,182.9,190.5,Orthodox,Lightweight,2026-04-18,2026-04-18,0,1,0,0,1459.2,,,,,
297a2b35444c245b,Mandy Bohm,1989-07-30,170.2,180.3,Orthodox,Women's Flyweight,2021-09-18,2023-05-13,1,2,0,0,1428.9,,,,,
5d1b7e3dd9e11074,Manel Kape,1993-11-14,165.1,172.7,Southpaw,Flyweight,2021-02-06,2026-06-20,8,3,0,0,1744.7,Manel Kape,23,7,0,19
2dc1bc1a02961656,Manny Bermudez,1994-07-16,177.8,180.3,Orthodox,Featherweight,2018-02-24,2019-10-18,3,2,0,0,1508.2,Manny Bermudez,15,2,0,11
5870c541798124ae,Manoel Sousa,1997-06-04,175.3,177.8,Orthodox,Lightweight,2026-03-14,2026-08-08,2,0,0,0,1573.5,,,,,
fd7ab338e4953644,Manolo Zecchini,1996-10-22,172.7,172.7,Orthodox,Featherweight,2023-09-02,2026-04-04,0,2,0,0,1424.6,,,,,
34ff304266360297,Manon Fiorot,1990-02-17,170.2,165.1,Orthodox,Women's Flyweight,2021-01-20,2026-09-12,8,2,0,0,1728.4,Manon Fiorot,13,3,0,6
841695e02c99a521,Mansur Abdul-Malik,1997-10-07,188.0,203.2,Orthodox,Middleweight,2024-11-09,2026-08-15,3,2,1,0,1492.5,,,,,
3cc506f115cbb9d5,Mantas Kondratavicius,1999-07-17,188.0,190.5,Orthodox,Middleweight,2026-03-21,2026-03-21,1,0,0,0,1528.9,,,,,
5a6e4d2f0c76a242,Manuel Rodriguez,1985-04-25,175.3,,Orthodox,Welterweight,2012-12-14,2012-12-14,0,1,0,0,1460.0,,,,,
2e7878927067fdca,Manuel Torres,1995-03-25,177.8,185.4,Switch,Lightweight,2022-05-14,2026-06-27,5,2,0,0,1622.0,Manuel Torres (fighter),17,4,0,13
cc6f9d1e89f3449a,Manvel Gamburyan,1981-05-08,165.1,170.2,Orthodox,Bantamweight,2007-06-23,2016-11-19,6,8,0,1,1470.7,Manny Gamburyan,15,10,0,7
e2be0c1a9b886d92,MarQuel Mederos,1996-11-30,177.8,175.3,Orthodox,Lightweight,2024-02-03,2026-08-22,4,0,1,0,1628.4,,,,,
82cbb809d5ee565c,Mara Romero Borella,1986-06-03,167.6,175.3,Orthodox,Women's Flyweight,2017-10-07,2020-09-19,2,5,0,0,1375.1,Mara Romero Borella,12,9,0,16
32c355b04fc57f3a,Marc Diakiese,1993-03-16,177.8,185.4,Orthodox,Lightweight,2016-10-08,2023-11-04,8,7,0,0,1505.7,Marc Diakiese,18,8,0,9
8e9eb3fc86db0f7d,Marc-Andre Barriault,1990-02-18,185.4,188.0,Orthodox,Middleweight,2019-05-04,2026-02-07,6,10,0,1,1443.7,Marc-André Barriault,17,11,0,12
d761b3766e38c5db,Marcel Fortuna,1985-10-22,185.4,188.0,Orthodox,Light Heavyweight,2017-02-04,2017-11-11,1,2,0,0,1452.1,Marcel Fortuna,10,4,0,9
44aa652b181bcf68,Marcelo Aguiar,1969-01-20,177.8,,Orthodox,Welterweight,2000-06-09,2000-06-09,0,1,0,0,1464.1,Marcelo Aguiar,2,3,1,5
ac29d508d78384c9,Marcelo Golm,1992-09-15,190.5,190.5,Orthodox,Heavyweight,2017-10-28,2019-04-20,1,3,0,0,1414.7,Marcelo Golm,10,6,0,5
0c9c0a43d3f3f49d,Marcelo Guimaraes,1983-06-25,182.9,185.4,Orthodox,Middleweight,2012-07-11,2016-03-05,2,2,0,0,1461.9,Marcelo Guimarães,9,2,1,8
672ef06fd9f41f7d,Marcelo Mello,,170.2,,Southpaw,Lightweight,1999-05-07,1999-05-07,1,0,0,0,1540.0,,,,,
2804ce8dadab5770,Marcelo Rojo,1988-07-02,172.7,180.3,Orthodox,Featherweight,2021-03-13,2022-12-03,0,3,0,0,1402.3,,,,,
5c2ce761399dc9c5,Marcin Bandel,1989-10-10,177.8,,Orthodox,Lightweight,2014-10-04,2015-04-11,0,2,0,0,1423.9,Marcin Bandel,22,11,1,14
bf43fed8f29e1671,Marcin Held,1992-01-18,175.3,180.3,Orthodox,Lightweight,2016-11-05,2017-10-21,1,3,0,0,1467.0,Marcin Held,31,11,0,24
6370c1c1e12723d5,Marcin Prachnio,1988-07-14,190.5,185.4,Orthodox,Light Heavyweight,2018-02-24,2025-07-19,4,7,0,0,1425.2,Marcin Prachnio,17,10,0,15
c9cf753cfdf77fc2,Marcin Tybura,1985-11-09,190.5,198.1,Orthodox,Heavyweight,2016-04-10,2026-08-01,14,11,0,0,1552.4,Marcin Tybura,27,12,0,13
aac6edb0d5e0b7e9,Marcin Wrzosek,1987-10-14,175.3,,,Lightweight,2015-12-11,2015-12-11,0,1,0,0,1480.0,,,,,
d53482bef23235ba,Marcio Alexandre Junior,1989-05-05,182.9,190.5,Southpaw,Welterweight,2014-05-31,2015-12-12,0,3,0,0,1412.6,,,,,
c85bad793cd14e28,Marcio Barbosa,1998-05-22,167.6,177.8,Orthodox,Featherweight,2026-04-18,2026-08-22,2,0,0,0,1571.0,,,,,
6aa1cbc1466e9a0b,Marcio Cruz,1978-04-24,193.0,,Orthodox,Heavyweight,2005-10-07,2006-12-30,2,2,0,0,1534.3,Márcio Cruz,8,3,0,0
ec71a892fada28c7,Marco Beltran,1986-05-18,172.7,175.3,Orthodox,Flyweight,2014-11-15,2017-10-07,3,3,0,0,1452.6,,,,,
edd02825c29028fe,Marco Polo Reyes,1984-11-07,180.3,180.3,Orthodox,Featherweight,2015-11-21,2019-09-21,4,4,0,0,1453.4,Polo Reyes,11,9,0,7
597db668b01c442c,Marco Ruas,1961-01-23,185.4,,Orthodox,Heavyweight,1995-09-08,1999-07-16,4,2,0,0,1555.4,Marco Ruas,9,4,2,2
9384e71bca6c409d,Marco Tulio,1994-06-13,182.9,188.0,Orthodox,Middleweight,2025-01-11,2026-05-09,2,2,0,0,1497.1,,,,,
72e5e5a6edfa8223,Marcos Mariano,1986-10-12,185.4,193.0,Switch,Lightweight,2019-02-09,2019-09-21,0,2,0,0,1421.7,,,,,
ab943cd2c3c17825,Marcos Rogerio de Lima,1985-06-25,185.4,190.5,Orthodox,Heavyweight,2014-05-31,2024-02-17,11,7,0,0,1627.1,Marcos Rogério de Lima,23,10,1,14
e363b21261814830,Marcos Vinicius,1979-12-05,175.3,,Orthodox,Flyweight,2012-06-23,2013-09-04,1,2,0,0,1460.0,Marcos Vinicius (fighter),24,11,1,23
04643fd03d9159cc,Marcus Aurelio,1973-08-18,177.8,188.0,Orthodox,Lightweight,2007-08-25,2009-08-29,2,4,0,0,1468.1,Marcus Aurélio,22,10,0,18
e8fb8e53bc2e29d6,Marcus Bossett,,185.4,,Orthodox,,1994-12-16,1996-12-07,1,2,0,0,1460.0,Marcus Bossett,1,3,0,0
81801f57bd0a7c41,Marcus Brimage,1985-04-06,162.6,180.3,Southpaw,Bantamweight,2011-12-03,2015-07-18,4,4,0,0,1468.0,Marcus Brimage,7,8,0,4
095854a135e6db55,Marcus Buchecha,1990-01-08,188.0,195.6,Orthodox,Heavyweight,2025-07-26,2026-04-25,0,2,1,0,1453.4,Marcus Buchecha,5,3,1,6
b7d524c77c27389b,Marcus Davis,1973-08-24,177.8,177.8,Southpaw,Lightweight,2005-11-05,2011-01-01,9,6,0,0,1545.8,Marcus Davis,23,11,0,5
8fa2b06572365321,Marcus Jones,1973-08-15,198.1,,Orthodox,Heavyweight,2009-12-05,2009-12-05,0,1,0,0,1460.0,Marcus Jones (athlete),4,2,0,5
182f2b78582de3d8,Marcus LeVesseur,1982-07-17,175.3,177.8,Southpaw,Lightweight,2012-05-15,2012-12-08,1,2,0,0,1440.7,Marcus LeVesseur,22,7,0,26
c0ac37a4a1133da9,Marcus McGhee,1990-05-07,172.7,175.3,Orthodox,Bantamweight,2023-04-29,2026-06-06,5,1,0,0,1650.0,Marcus McGhee,11,2,0,7
f717b6002486f73f,Marcus Silveira,1964-12-09,190.5,,Orthodox,Heavyweight,1997-12-21,1997-12-21,0,1,0,1,1460.0,,,,,
ac0874309da489b9,Marek Bujlo,1992-10-10,193.0,195.6,Orthodox,Heavyweight,2025-11-22,2025-11-22,0,1,0,0,1460.0,,,,,
37d752ec41ed84bb,Maria Oliveira,1996-12-12,167.6,175.3,Orthodox,Women's Strawweight,2021-10-23,2023-06-10,1,3,0,0,1399.4,,,,,
cd2c4d30c6e13b47,Marina Rodriguez,1987-04-29,167.6,165.1,Orthodox,Women's Strawweight,2018-09-22,2025-05-03,7,6,2,0,1559.5,Marina Rodriguez,17,6,2,10
5847c1a960bb23af,Marina Spasic,1994-07-11,162.6,162.6,Orthodox,Women's Strawweight,2026-08-01,2026-08-01,0,1,0,0,1466.0,,,,,
bc711b6dd95c1af6,Mario Bautista,1993-07-01,175.3,175.3,Switch,Bantamweight,2019-01-19,2026-07-11,12,3,0,0,1789.1,Mario Bautista,18,3,0,6
df2bf09c99594848,Mario Miranda,1979-07-12,190.5,188.0,Orthodox,Middleweight,2010-03-31,2011-03-26,1,3,0,0,1448.6,,,,,
1209b5134401ca53,Mario Neto,,182.9,,Orthodox,Heavyweight,2006-09-23,2006-09-23,0,1,0,0,1460.0,,,,,
39d309957c5c210d,Mario Pinto,1998-03-14,195.6,200.7,Orthodox,Heavyweight,2025-03-01,2026-09-05,4,0,0,0,1652.9,Mario Pinto,13,0,0,7
c7d297714d9ab1a4,Marion Reneau,1977-06-20,167.6,172.7,Orthodox,Women's Bantamweight,2015-01-03,2021-07-17,5,7,1,0,1424.1,Marion Reneau,9,8,1,5
a08ddd04eaffd81d,Mariya Agapova,1997-04-07,167.6,172.7,Southpaw,Women's Flyweight,2020-06-13,2024-07-13,2,4,0,0,1424.5,Mariya Agapova,10,5,0,9
cf9d24e4bd0cf2ce,Mark Bocek,1981-10-24,172.7,190.5,Orthodox,Lightweight,2007-07-07,2014-04-16,8,5,0,0,1593.3,Mark Bocek,12,5,0,4
001eb2ab0f30e7ea,Mark Choinski,1995-10-22,172.7,175.3,Orthodox,Lightweight,2025-06-07,2025-06-07,0,1,0,0,1466.0,,,,,
21b8a0f5c231096f,Mark Coleman,1964-12-20,185.4,190.5,Orthodox,Light Heavyweight,1996-07-12,2010-02-06,7,5,0,0,1542.1,Mark Coleman,16,10,0,0
f57dd0bfa8c17813,Mark De La Rosa,1994-08-31,167.6,165.1,Orthodox,Bantamweight,2017-12-30,2020-06-13,2,5,0,0,1377.3,Mark De La Rosa,11,5,0,9
40ff198adda94b9f,Mark Eddiva,1986-02-16,172.7,172.7,Orthodox,Featherweight,2014-03-01,2016-03-19,1,3,0,0,1440.2,Mark Eddiva,6,3,0,5
ad56b3f00ca38dfd,Mark Godbeer,1983-11-22,193.0,195.6,Orthodox,Heavyweight,2016-11-19,2018-03-17,2,2,0,0,1502.1,Mark Godbeer,13,5,0,13
18524b46c570730b,Mark Hall,1961-01-26,182.9,,Orthodox,,1995-09-08,1996-12-07,4,3,0,0,1542.9,Mark Hall (fighter),4,6,0,0
c11f50e9c1513ce9,Mark Holst,1985-08-14,182.9,,Orthodox,Lightweight,2010-06-19,2010-10-16,0,2,0,0,1420.1,,,,,
0a97691039c4bbfb,Mark Hominick,1982-07-22,172.7,172.7,Orthodox,Featherweight,2006-03-04,2012-11-17,3,4,0,0,1455.8,Mark Hominick,20,12,0,13
d62bb4d84a7267ba,Mark Hughes,1973-10-13,175.3,,Southpaw,Middleweight,2000-11-17,2000-11-17,1,0,0,0,1540.0,Mark Hughes (fighter),6,2,0,5
eef9b891edbd4604,Mark Hunt,1974-03-23,177.8,182.9,Orthodox,Heavyweight,2010-09-25,2018-12-01,8,8,1,1,1543.1,Mark Hunt,13,14,1,11
a7b48e18ca27795d,Mark Kerr,1968-12-21,190.5,,Switch,Heavyweight,1997-07-27,1997-10-17,4,0,0,0,1632.3,Mark Kerr (fighter),15,11,0,1
da0995f19b749cfa,Mark Madsen,1984-09-23,172.7,182.9,Orthodox,Lightweight,2019-09-28,2023-11-11,4,2,0,0,1566.0,Mark Madsen (fighter),12,2,0,8
179f1948dc234f1f,Mark Munoz,1978-02-09,182.9,180.3,Orthodox,Middleweight,2009-03-07,2015-05-16,9,6,0,0,1597.5,Mark Muñoz,14,6,0,5
4604ab1de9058474,Mark Robinson,,182.9,,Orthodox,Heavyweight,2001-02-23,2001-02-23,0,0,0,1,1500.0,,,,,
771b60ff889661c8,Mark Scanlon,,175.3,,Orthodox,Welterweight,2010-11-13,2010-11-13,0,1,0,0,1460.0,,,,,
c1684f00c626f4c0,Mark Schultz,1960-10-26,175.3,,Orthodox,,1996-05-17,1996-05-17,1,0,0,0,1545.1,,,,,
ef1182eb28c17d4e,Mark Striegl,1988-06-23,172.7,177.8,Southpaw,Featherweight,2020-10-17,2022-02-19,0,2,0,0,1441.3,Mark Striegl,18,5,0,21
0e6b611451a9a7d8,Mark Vologdin,2000-04-18,160.0,165.1,Orthodox,Bantamweight,2026-04-18,2026-08-01,0,1,1,0,1462.0,,,,,
9ccdd2ce45903f34,Mark Weir,1967-09-19,188.0,,Southpaw,Middleweight,2002-07-13,2003-04-25,1,2,0,0,1459.2,Mark Weir,21,18,1,9
2ac4628c08ec5125,Markus Perez,1988-06-22,185.4,185.4,Orthodox,Middleweight,2017-12-09,2021-01-20,2,5,0,0,1396.2,Markus Perez,15,7,0,10
fea79f9bc8c68769,Marlon Moraes,1988-04-26,167.6,170.2,Orthodox,Bantamweight,2017-06-03,2022-03-12,5,6,0,0,1542.3,Marlon Moraes,24,13,1,23
7c7332319c14094c,Marlon Vera,1992-12-02,172.7,177.8,Switch,Bantamweight,2014-11-15,2026-09-19,16,11,0,0,1683.4,Marlon Vera,23,12,1,10
b6203e0492a9336c,Marnic Mann,1993-03-05,152.4,162.6,Southpaw,Women's Strawweight,2023-09-16,2024-04-27,0,2,0,0,1420.5,,,,,
9c44f290f5726d95,Martin Bravo,1993-09-21,172.7,180.3,Southpaw,Featherweight,2016-11-05,2019-09-21,1,3,0,0,1428.2,Martin Bravo,13,4,0,10
8eb046f83e82bf26,Martin Buday,1991-11-11,193.0,195.6,Orthodox,Heavyweight,2022-04-16,2025-07-26,7,1,0,0,1634.0,Martin Buday,16,4,0,10
ea3dcc417c322064,Martin Day,1988-11-10,177.8,185.4,Orthodox,Featherweight,2018-11-24,2021-02-06,0,4,0,0,1368.9,Martin Day (fighter),8,7,0,10
8b69839f3555a67b,Martin Kampmann,1982-04-17,182.9,182.9,Orthodox,Welterweight,2006-08-17,2013-08-28,11,6,0,0,1626.2,Martin Kampmann,20,7,0,10
16a64f93f6678b7b,Martin Sano,1991-05-30,180.3,190.5,Orthodox,Welterweight,2021-09-25,2021-09-25,0,1,0,0,1463.7,,,,,
bcad7223af3c19da,Martin Svensson,1985-04-25,185.4,,,Lightweight,2016-02-27,2016-02-27,0,1,0,0,1460.0,,,,,
05866d8c3a321856,Marvin Eastman,1971-06-08,175.3,185.4,Orthodox,Middleweight,2003-06-06,2008-06-21,1,4,0,0,1416.8,Marvin Eastman,18,15,1,7
7acbb0972e75281a,Marvin Vettori,1993-09-20,182.9,188.0,Southpaw,Middleweight,2016-08-20,2025-12-06,9,8,1,0,1582.4,Marvin Vettori,19,10,1,12
6eedb757f13b9978,Marwan Rahiki,2002-05-10,172.7,182.9,Orthodox,Featherweight,2026-03-14,2026-09-12,2,1,0,0,1532.3,,,,,
b4192a975027aab6,Maryna Moroz,1991-09-08,170.2,170.2,Orthodox,Women's Flyweight,2015-04-11,2024-03-09,6,6,0,0,1486.0,Maryna Moroz,11,6,0,5
f3a078277b3b8ff4,Masanori Kanehara,1982-11-19,170.2,170.2,Orthodox,Bantamweight,2014-09-20,2016-01-02,1,2,0,0,1493.9,Masanori Kanehara,29,14,5,35
4638cc6479cc0afe,Masio Fullen,1986-10-06,177.8,177.8,Orthodox,Featherweight,2015-02-28,2016-01-30,1,2,0,0,1438.1,,,,,
f6ad6a1e4d600e0d,Mason Jones,1995-04-26,177.8,188.0,Orthodox,Lightweight,2021-01-20,2026-08-22,4,3,0,1,1547.6,Mason Jones (fighter),18,3,0,10
d56caaa5e123f518,Masutatsu Yano,1975-07-11,175.3,,Orthodox,,1999-11-19,1999-11-19,0,1,0,0,1455.4,Masutatsu Yano,2,4,1,0
48812daf291a4e23,Mateus Mendonca,1999-01-17,167.6,180.3,Orthodox,Flyweight,2023-01-14,2024-02-24,0,3,0,0,1419.5,,,,,
72db2a14ffa73ece,Mateusz Gamrot,1990-12-11,177.8,177.8,Southpaw,Lightweight,2020-10-17,2026-08-08,9,5,0,0,1711.5,Mateusz Gamrot,26,5,0,18
849c5d9979df5357,Mateusz Rebecki,1992-10-03,170.2,167.6,Southpaw,Lightweight,2023-01-14,2026-08-01,5,4,0,0,1547.3,,,,,
72f890c5d421e705,Matheus Camilo,2001-01-02,177.8,175.3,Orthodox,Lightweight,2025-05-17,2026-06-27,2,1,0,0,1545.9,,,,,
1a31ef98efce7a79,Matheus Nicolau,1993-01-06,167.6,167.6,Orthodox,Flyweight,2015-11-07,2024-10-19,7,4,0,0,1540.7,Matheus Nicolau,19,5,1,12
a9bcf8717dd12532,Mats Nilsson,1983-12-05,185.4,,Orthodox,Welterweight,2014-03-08,2015-01-03,0,2,0,0,1433.7,Mats Nilsson,11,4,1,14
8738eacd62e82a32,Matt Andersen,1971-05-29,188.0,,Southpaw,,1996-05-17,1996-05-17,0,1,0,0,1460.0,,,,,
de62052b2ede65ba,Matt Arroyo,1982-09-01,177.8,182.9,Orthodox,Welterweight,2007-12-08,2009-01-31,1,2,0,0,1475.7,Matt Arroyo,3,3,0,3
0b8d512c79b4baf3,Matt Bessette,1984-12-28,177.8,177.8,Orthodox,Featherweight,2018-01-20,2018-07-06,0,2,0,0,1449.3,Matt Bessette,25,10,0,30
31123249b0bbf52e,Matt Brown,1981-01-10,182.9,190.5,Orthodox,Welterweight,2008-06-21,2023-05-13,17,13,0,0,1599.2,Matt Brown (fighter),24,19,0,13
8f0d576beba1cfcd,Matt Dwyer,1989-12-17,193.0,193.0,Orthodox,Welterweight,2014-10-04,2016-01-30,1,3,0,0,1431.6,Matt Dwyer,11,9,0,8
dccb63727f2f5f74,Matt Frevola,1990-06-11,175.3,180.3,Orthodox,Lightweight,2018-01-14,2025-10-18,5,6,1,0,1494.9,Matt Frevola,11,6,1,6
bfc2fc38a0e20211,Matt Grice,1981-07-29,172.7,177.8,Orthodox,Featherweight,2007-04-21,2013-02-23,2,5,0,0,1410.5,Matt Grice,15,5,0,9
98b80a717b9bda17,Matt Hamill,1976-10-05,185.4,193.0,Orthodox,Light Heavyweight,2006-06-24,2013-10-09,10,5,0,0,1609.8,Matt Hamill,13,8,0,1
b57edace7b647f07,Matt Hobar,1987-01-07,177.8,177.8,Southpaw,Bantamweight,2014-05-31,2014-12-06,1,2,0,0,1461.1,Matt Hobar,9,3,0,9
049d698d773eb3e1,Matt Horwich,1978-10-02,185.4,,Orthodox,Middleweight,2008-10-25,2009-04-01,0,2,0,0,1428.1,Matt Horwich,30,25,1,35
621a6c59f88a44fe,Matt Hughes,1973-10-13,175.3,185.4,Switch,Welterweight,1999-09-24,2011-09-24,18,7,0,0,1673.8,Matt Hughes (fighter),45,9,0,9
0e041d43a47d2e4b,Matt Lindland,1970-05-17,182.9,188.0,Southpaw,Middleweight,2000-12-16,2005-08-20,9,3,0,0,1643.4,Matt Lindland,22,9,0,3
668222c99c5c311d,Matt Lucas,1973-12-27,185.4,,,Light Heavyweight,2011-11-12,2011-11-12,0,1,0,0,1477.6,,,,,
ba280572acfba13f,Matt Mitrione,1978-07-15,190.5,208.3,Switch,Heavyweight,2009-12-05,2016-01-17,9,5,0,0,1585.7,Matt Mitrione,13,9,0,0
5b8ba8f5512893b1,Matt Sayles,1994-02-21,170.2,172.7,Orthodox,Lightweight,2018-08-04,2021-12-18,1,3,0,0,1429.1,,,,,
67c1d46f4ed16f9e,Matt Schnell,1990-01-15,172.7,177.8,Orthodox,Flyweight,2016-12-03,2026-06-06,7,9,0,1,1429.0,Matt Schnell,17,11,0,12
86dfed7cc24a9fa7,Matt Serra,1974-06-02,167.6,172.7,Orthodox,Welterweight,2001-05-04,2010-09-25,7,7,0,0,1543.3,Matt Serra,11,7,0,4
7b39035fae7268b8,Matt Van Buren,1986-06-12,195.6,,,Light Heavyweight,2014-07-06,2015-01-18,0,2,0,0,1418.0,Matt Van Buren,7,6,0,8
5731cc327790b731,Matt Veach,1981-05-31,180.3,,Orthodox,Lightweight,2009-02-07,2010-04-10,1,2,0,0,1475.6,Matt Veach,17,5,0,10
eb29176b03dfa888,Matt Wiman,1983-09-19,177.8,172.7,Orthodox,Lightweight,2006-05-27,2020-12-05,10,8,0,0,1498.4,Matt Wiman,16,9,0,8
2fc7e9701642ca38,Matthew Lopez,1987-01-21,170.2,175.3,Southpaw,Bantamweight,2016-07-13,2018-12-08,2,4,0,0,1472.9,Matthew Lopez (fighter),10,4,0,8
d023ae89a2a4a41e,Matthew Riddle,1986-01-14,185.4,193.0,Southpaw,Welterweight,2008-06-21,2013-02-16,7,3,0,2,1585.2,Matt Riddle,8,3,0,0
4aa58269d0664b5b,Matthew Semelsberger,1992-11-23,185.4,190.5,Switch,Welterweight,2020-08-22,2024-11-09,5,6,0,0,1469.3,Matthew Semelsberger,11,8,0,8
ec322adbabbfa6e7,Matthieu Duclos,1995-04-04,190.5,193.0,Orthodox,Middleweight,2026-09-05,2026-09-05,1,0,0,0,1544.6,,,,,
068f8a189a47fea6,Maurice Greene,1986-07-05,200.7,203.2,Orthodox,Heavyweight,2018-11-30,2021-05-08,4,4,0,0,1460.9,Maurice Greene (fighter),12,9,0,7
33e33d51f289d2a1,Maurice Smith,1961-12-13,188.0,,Orthodox,Heavyweight,1997-07-27,2000-11-17,4,3,0,0,1570.6,Maurice Smith (fighter),13,14,0,10
140745cbbcb023ac,Mauricio Rua,1981-11-25,185.4,193.0,Orthodox,Light Heavyweight,2007-09-22,2023-01-21,11,12,1,0,1516.2,Maurício Rua,27,14,1,16
9c393e836a852f30,Mauricio Ruffy,1996-06-17,180.3,190.5,Orthodox,Lightweight,2024-05-04,2026-09-19,5,2,0,0,1638.0,Maurício Ruffy,14,3,0,9
6a311920edd73c85,Max Gimenis,1993-04-14,188.0,190.5,Orthodox,Heavyweight,2025-11-08,2025-11-08,0,1,0,0,1460.0,,,,,
b0d6a1d8ac3d563d,Max Griffin,1985-11-29,180.3,193.0,Orthodox,Welterweight,2016-08-20,2026-04-25,8,11,0,0,1494.1,Max Griffin,20,13,0,14
150ff4cc642270b9,Max Holloway,1991-12-04,180.3,175.3,Orthodox,Welterweight,2012-02-04,2026-07-11,24,9,0,0,1889.2,Max Holloway,28,9,0,4
59a27d2e6d0802ac,Max Rohskopf,1994-09-27,185.4,180.3,Orthodox,Lightweight,2020-06-20,2020-06-20,0,1,0,0,1457.0,,,,,
950d0ef5c17157c5,Maxim Grishin,1984-05-02,190.5,198.1,Orthodox,Light Heavyweight,2020-07-11,2023-06-03,2,3,0,0,1475.2,Maxim Grishin,35,12,2,38
4a1329cc8eb0928a,Maximo Blanco,1983-10-16,172.7,180.3,Orthodox,Featherweight,2012-04-21,2016-09-17,4,5,0,0,1494.1,Maximo Blanco,12,8,1,13
6a740daf1b279661,Maycee Barber,1998-05-18,165.1,165.1,Switch,Women's Flyweight,2018-11-10,2026-03-28,10,3,0,0,1694.8,Maycee Barber,15,2,0,5
cc8c623cca88f54f,Mayra Bueno Silva,1991-08-22,167.6,167.6,Orthodox,Women's Bantamweight,2018-09-22,2026-04-25,5,7,1,1,1447.1,Mayra Bueno Silva,10,7,1,5
a0e75f4a13eb73f1,Megan Anderson,1990-02-11,182.9,182.9,Orthodox,Women's Featherweight,2018-06-09,2021-03-06,3,3,0,0,1539.0,Megan Anderson (fighter),11,5,0,10
e4d2564ea0e34e2b,Mehdi Baghdad,1985-04-13,185.4,,Orthodox,Lightweight,2016-01-17,2016-07-07,0,2,0,0,1457.3,Mehdi Baghdad,13,7,0,14
8c020156779f7888,Melinda Fabian,1987-06-25,167.6,167.6,Orthodox,Women's Flyweight,2017-12-01,2018-06-23,0,1,1,0,1478.8,Melinda Fábián,4,4,2,8
51e2f44a8dbf6984,Melissa Croden,1991-04-12,175.3,172.7,Orthodox,Women's Bantamweight,2025-10-18,2026-04-18,2,1,0,0,1553.7,,,,,
a4a80dd7336ffd59,Melissa Gatto,1996-05-02,165.1,175.3,Orthodox,Women's Flyweight,2021-08-07,2026-04-04,3,3,0,0,1530.9,Melissa Gatto,9,3,2,8
3f4c3bc822bea45d,Melissa Martinez,1997-08-18,157.5,167.6,Southpaw,Women's Strawweight,2022-09-10,2025-07-12,1,2,0,0,1458.0,,,,,
bd532e9a2b93870c,Melissa Mullins,1991-07-23,170.2,172.7,Orthodox,Women's Bantamweight,2023-10-14,2026-06-20,2,3,0,0,1468.0,,,,,
20bccc9bb4ceb23e,Melquizael Costa,1996-09-14,177.8,180.3,Southpaw,Featherweight,2023-01-21,2026-05-16,7,3,0,0,1669.5,Melquizael Costa,26,8,0,24
a52bc1e62cf0b7c6,Melsik Baghdasaryan,1992-01-28,175.3,177.8,Southpaw,Featherweight,2021-07-31,2026-06-20,3,3,0,0,1485.7,Melsik Baghdasaryan,8,4,0,6
81ca2c245b19b3c5,Melton Bowen,1969-07-16,182.9,,Orthodox,,1994-12-16,1994-12-16,0,1,0,0,1464.6,,,,,
ccd1299e0345e0ce,Melvin Guillard,1983-03-30,175.3,180.3,Orthodox,Lightweight,2005-11-05,2014-03-08,12,9,0,1,1560.2,Melvin Guillard,33,24,2,25
c03520b5c88ed6b4,Merab Dvalishvili,1991-01-10,167.6,172.7,Orthodox,Bantamweight,2017-12-09,2025-12-06,14,3,0,0,1898.6,Merab Dvalishvili,21,5,0,9
22e3458965d5d08a,Michael Aljarouj,1997-08-21,165.1,167.6,Orthodox,Flyweight,2026-09-05,2026-09-05,0,1,0,0,1460.0,,,,,
01c9e4013afce141,Michael Aswell Jr.,2000-09-27,172.7,175.3,Orthodox,Featherweight,2025-05-31,2026-09-19,2,3,0,0,1451.8,,,,,
2b93ebd9f5417ad2,Michael Bisping,1979-02-28,185.4,190.5,Orthodox,Middleweight,2006-06-24,2017-11-25,20,9,0,0,1734.5,Michael Bisping,30,9,0,10
4b93a88f3b1de35b,Michael Chandler,1986-04-24,172.7,180.3,Orthodox,Lightweight,2021-01-23,2026-06-14,2,6,0,0,1512.0,Michael Chandler,23,11,0,26
c58f51dedb310998,Michael Chiesa,1987-12-07,185.4,190.5,Southpaw,Welterweight,2012-06-01,2026-03-28,15,7,0,0,1741.7,,,,,
3f1d23b01c552a13,Michael Graves,1991-01-08,177.8,180.3,Orthodox,Welterweight,2015-07-12,2016-07-30,2,0,1,0,1577.3,Michael Graves (fighter),11,2,2,4
511e82663651438d,Michael Johnson,1986-06-04,177.8,185.4,Southpaw,Lightweight,2010-12-04,2026-03-07,16,16,0,0,1572.0,Michael Johnson (fighter),24,19,0,12
b7f38813485745da,Michael Kuiper,1989-06-07,182.9,185.4,Orthodox,Middleweight,2012-02-04,2013-10-26,1,3,0,0,1424.3,Michael Kuiper,15,7,0,11
443f60bec7c3c3d5,Michael McBride,1986-03-09,185.4,,Orthodox,Lightweight,2016-09-10,2017-04-22,0,2,0,0,1434.5,Michael McBride (fighter),8,3,0,9
d0314416a7f26527,Michael McDonald,1991-01-15,175.3,177.8,Orthodox,Bantamweight,2011-03-26,2016-07-13,6,3,0,0,1586.3,Michael McDonald (fighter),19,4,0,12
c32aeb1a59e6272d,Michael Morales,1999-06-24,182.9,200.7,Orthodox,Welterweight,2022-01-22,2025-11-15,7,0,0,0,1800.9,Michael Morales (fighter),19,0,0,12
037cfd34a27d59e9,Michael Oliveira,1998-01-21,185.4,198.1,Orthodox,Welterweight,2026-08-01,2026-08-01,1,0,0,0,1542.0,,,,,
a67d071163962af8,Michael Page,1987-04-07,190.5,200.7,Switch,Middleweight,2024-03-09,2026-09-05,5,1,0,0,1716.6,Michael Page,26,3,0,23
83d0de122f2f9664,Michael Patt,,182.9,,Orthodox,Light Heavyweight,2008-09-06,2009-03-07,0,2,0,0,1432.7,,,,,
5bf31a46becc1204,Michael Trizano,1991-12-31,180.3,180.3,Orthodox,Featherweight,2018-07-06,2022-11-12,4,3,0,0,1510.7,Michael Trizano,10,3,0,6
b4c57a8c2b773e82,Michal Figlak,1996-08-15,177.8,177.8,Orthodox,Lightweight,2022-09-03,2024-04-27,0,2,0,0,1416.8,,,,,
0d65c432720accb9,Michal Oleksiejczuk,1995-02-22,182.9,188.0,Southpaw,Middleweight,2017-12-30,2026-06-27,10,8,0,1,1563.9,Michał Oleksiejczuk,21,10,0,13
ce175eaafe867d1f,Micheal Gillmore,1987-03-28,180.3,182.9,Orthodox,Welterweight,2021-08-28,2022-02-26,0,2,0,0,1419.9,,,,,
34218661c44ed55d,Michel Batista,1984-04-20,190.5,,Orthodox,Heavyweight,2018-11-30,2018-11-30,0,1,0,0,1460.0,,,,,
595db60957de51d3,Michel Pereira,1993-10-06,185.4,185.4,Orthodox,Middleweight,2019-05-18,2026-06-27,10,6,0,0,1559.6,Michel Pereira,32,15,0,33
e51fcd9cd84c0b93,Michel Prazeres,1981-07-25,167.6,170.2,Orthodox,Welterweight,2013-05-18,2021-06-26,10,4,0,0,1603.8,Michel Prazeres,27,7,0,16
5e84a859c6a82288,Michel Quinones,1984-12-22,177.8,185.4,Orthodox,Lightweight,2017-06-25,2017-11-11,0,2,0,0,1427.2,,,,,
ca80d72da81d7224,Michelle Montague,1993-11-25,175.3,172.7,Southpaw,Women's Bantamweight,2025-09-27,2026-04-25,2,0,0,0,1581.2,,,,,
eb04b9d31e938edb,Michelle Waterson-Gomez,1986-01-06,160.0,157.5,Orthodox,Women's Strawweight,2015-07-12,2024-06-29,6,9,0,0,1440.1,Michelle Waterson-Gomez,1,7,0,0
9f842be1a5337be6,Michihiro Omigawa,1975-12-19,167.6,172.7,Orthodox,Featherweight,2007-09-22,2012-08-04,1,6,0,0,1352.9,Michihiro Omigawa,19,15,1,8
64788ee44b062ded,Michinori Tanaka,1990-10-04,165.1,170.2,Orthodox,Bantamweight,2014-06-14,2017-02-04,2,3,0,0,1471.3,Michinori Tanaka,16,4,0,9
0d5cc0170c1a7e71,Mick Parkin,1995-10-02,193.0,200.7,Orthodox,Heavyweight,2023-07-22,2025-03-22,4,1,0,0,1607.7,Mick Parkin,10,1,0,6
c575ab451e3c5b1d,Mickael Lebout,1987-08-16,180.3,185.4,Orthodox,Lightweight,2015-04-11,2015-10-24,1,2,0,0,1476.3,Mickaël Lebout,24,13,2,16
9e50097a89442158,Mickey Gall,1992-01-22,188.0,188.0,Switch,Welterweight,2016-02-06,2024-11-16,6,7,0,0,1413.4,Mickey Gall,7,7,0,1
b96619b3acd7d9da,Miesha Tate,1986-08-18,167.6,165.1,Orthodox,Women's Bantamweight,2013-04-13,2025-05-03,7,7,0,0,1506.6,Miesha Tate,20,10,0,14
82d4c957649faf9b,Miguel Baeza,1992-08-23,188.0,188.0,Orthodox,Welterweight,2019-10-12,2024-06-08,3,4,0,0,1457.4,Miguel Baeza,10,4,0,7
33b2f68ef95252e0,Miguel Torres,1981-01-18,175.3,193.0,Orthodox,Bantamweight,2011-02-05,2012-04-21,2,2,0,0,1505.7,Miguel Torres (fighter),44,9,0,41
d80ee110748171ac,Mike Breeden,1989-04-21,177.8,177.8,Orthodox,Lightweight,2021-10-02,2023-10-21,1,3,0,0,1449.9,,,,,
e0b74df14f52cd15,Mike Brown,1975-09-08,167.6,177.8,Orthodox,Featherweight,2004-04-02,2013-08-17,2,4,0,0,1481.1,Mike Brown (fighter),26,9,0,10
51b0bb73a1da34bc,Mike Ciesnolevicz,1979-10-28,182.9,,Orthodox,Light Heavyweight,2009-02-21,2009-06-20,1,1,0,0,1496.4,,,,,
fb3e61720be4690c,Mike Davis,1992-10-07,182.9,182.9,Orthodox,Lightweight,2019-04-27,2026-07-25,5,3,0,0,1565.7,Mike Davis (fighter),12,4,0,8
bc7230f231701d66,Mike Easton,1984-01-25,167.6,177.8,Southpaw,Bantamweight,2011-10-01,2014-06-14,3,4,0,0,1458.6,Mike Easton,13,6,0,11
56fcb2c4d99f9d1b,Mike Grundy,1987-01-03,170.2,182.9,Orthodox,Featherweight,2019-03-16,2022-03-19,1,3,0,0,1452.6,Mike Grundy,12,4,0,12
eaea0fc7b76525a8,Mike Guymon,1974-09-17,182.9,188.0,Orthodox,Welterweight,2010-01-11,2011-01-22,1,3,0,0,1429.8,Mike Guymon,15,6,1,14
0641c21bec209472,Mike Jackson,1985-03-22,188.0,188.0,Orthodox,Welterweight,2016-02-06,2022-10-15,1,2,0,1,1459.5,Mike Jackson (fighter),2,2,0,0
564c2f5f9eb45d67,Mike King,1983-08-04,190.5,,,Middleweight,2014-07-19,2014-07-19,0,1,0,0,1460.0,,,,,
56b8b24f65f9f057,Mike Kyle,1980-03-31,193.0,195.6,Orthodox,Heavyweight,2004-04-02,2005-02-05,2,1,0,0,1530.8,Mike Kyle,23,19,1,9
e26882820f9e8df5,Mike Lullo,1979-07-24,172.7,,Orthodox,Featherweight,2010-11-20,2011-09-17,0,2,0,0,1424.6,,,,,
dd6103dd7127db1d,Mike Malott,1991-11-07,185.4,185.4,Orthodox,Welterweight,2022-04-09,2026-04-18,7,1,0,0,1720.5,Mike Malott,14,2,1,9
5b2d7906aa894274,Mike Massenzio,1982-11-01,188.0,185.4,Southpaw,Middleweight,2008-09-17,2012-05-05,2,5,0,0,1411.2,Mike Massenzio,13,8,0,12
330ec26453c44a59,Mike Nickels,1971-12-13,193.0,,Orthodox,Light Heavyweight,2006-06-24,2007-07-07,1,1,0,0,1498.9,,,,,
f2b6fdb20675b11c,Mike Perry,1991-09-15,177.8,180.3,Orthodox,Welterweight,2016-08-20,2021-04-10,7,8,0,0,1515.4,Mike Perry (fighter),15,9,0,7
236a37d96d476164,Mike Pierce,1980-09-01,172.7,180.3,Orthodox,Welterweight,2009-09-16,2015-12-11,9,5,0,0,1621.4,Mike Pierce,17,7,0,10
f5990c11974d8e9c,Mike Pyle,1975-09-18,182.9,188.0,Orthodox,Welterweight,2009-05-23,2018-03-03,10,9,0,0,1469.4,Mike Pyle (fighter),27,14,1,23
b7ad576b8ae115e6,Mike Rhodes,1989-12-04,185.4,188.0,Orthodox,Welterweight,2014-01-25,2014-12-20,0,3,0,0,1400.0,Mike Rhodes (fighter),13,6,0,7
3c921b1a30fdcbdd,Mike Ricci,1986-03-18,182.9,193.0,Southpaw,Lightweight,2012-12-15,2013-09-21,1,2,0,0,1487.0,Mike Ricci (fighter),11,5,0,9
af90b10c785ced3e,Mike Rio,1981-07-06,177.8,177.8,Orthodox,Lightweight,2012-12-15,2014-01-25,1,3,0,0,1428.9,Mike Rio,10,5,0,9
18b602842a24f7c5,Mike Rodriguez,1988-11-28,193.0,208.3,Southpaw,Light Heavyweight,2018-04-07,2021-09-18,2,5,0,1,1408.6,Mike Rodríguez (fighter),12,7,0,11
353de740bb6c7e75,Mike Russow,1976-09-11,185.4,185.4,Orthodox,Heavyweight,2009-08-29,2013-01-26,4,2,0,0,1551.1,Mike Russow,15,3,0,13
bc656db347f31e19,Mike Santiago,1989-07-28,177.8,175.3,Orthodox,Featherweight,2017-09-02,2018-06-09,0,3,0,0,1385.9,Mike Santiago (fighter),21,14,0,29
c0c36a5b3d5bbdd5,Mike Stumpf,1986-08-01,177.8,,,Welterweight,2011-09-17,2013-01-26,0,2,0,0,1426.0,,,,,
9fe85152f351e737,Mike Swick,1979-06-19,185.4,195.6,Orthodox,Welterweight,2005-04-09,2015-07-11,10,5,0,0,1561.6,Mike Swick,15,6,0,6
b51841e7c594090d,Mike Wessel,1977-12-02,182.9,,Orthodox,Heavyweight,2008-12-27,2008-12-27,0,1,0,0,1466.1,Mike Wessel,15,8,0,9
22d1e00e1aabb7c9,Mike Whitehead,1981-06-29,185.4,,Orthodox,Light Heavyweight,2006-02-04,2006-02-04,0,1,0,0,1464.6,Mike Whitehead,27,8,0,13
cfaf010d5b389c09,Mike Wilkinson,1987-09-15,170.2,167.6,Orthodox,Featherweight,2012-12-14,2016-02-27,2,2,0,0,1511.1,Mike Wilkinson (fighter),9,5,0,7
1971869b7e054261,Mike de la Torre,1986-09-22,180.3,180.3,Orthodox,Featherweight,2014-04-16,2017-04-08,2,4,0,1,1448.8,Mike De La Torre,14,9,0,15
2ee09ec2a0695eb9,Mike van Arsdale,1965-06-20,188.0,,Switch,Light Heavyweight,1998-05-15,2006-02-04,2,2,0,0,1511.6,Mike van Arsdale,8,5,0,1
4c805f5f58a75df0,Mikey Burnett,1974-04-12,167.6,,Orthodox,Lightweight,1998-03-13,1999-01-08,2,1,0,0,1556.6,Mikey Burnett,5,2,0,4
072a10e85f7d4bff,Milana Dudieva,1989-08-04,160.0,,Orthodox,Women's Bantamweight,2014-08-23,2016-11-19,1,2,0,0,1444.3,Milana Dudieva,14,9,0,13
46e0d677f91bacc0,Miles Johns,1994-03-30,170.2,172.7,Orthodox,Featherweight,2019-09-14,2026-08-08,7,5,0,1,1547.2,Miles Johns,16,5,0,9
dfcadfcbd3a3f097,Milos Janicic,1997-05-03,180.3,180.3,Orthodox,Lightweight,2026-08-01,2026-08-01,0,1,0,0,1460.0,Miloš Janičić,19,4,0,22
7cf20446453f852b,Milton Vieira,1978-10-04,182.9,,Orthodox,Featherweight,2012-06-23,2013-01-19,0,1,1,0,1478.0,Milton Vieira,13,8,2,21
4565d435005319c0,Minoki Ichihara,1968-06-30,170.2,,Orthodox,,1994-03-11,1994-03-11,0,1,0,0,1480.2,,,,,
7559395ad833c074,Miranda Granger,1992-04-13,170.2,172.7,Orthodox,Women's Strawweight,2019-08-03,2022-08-06,1,3,0,0,1411.4,Miranda Granger,7,3,0,6
f29a6350c69f4a33,Miranda Maverick,1997-07-01,160.0,165.1,Southpaw,Women's Flyweight,2020-10-24,2025-06-14,8,4,0,0,1632.5,Miranda Maverick,15,6,0,9
c32fb8c0f6471a4d,Mirko Filipovic,1974-09-10,188.0,185.4,Southpaw,Heavyweight,2007-02-03,2015-04-11,5,6,0,0,1508.3,Mirko Cro Cop,38,11,2,26
cbd3e590a85b18c5,Mirsad Bektic,1991-02-16,172.7,177.8,Orthodox,Featherweight,2014-04-19,2020-09-19,6,4,0,0,1529.6,Mirsad Bektić,13,3,0,7
67f272324a030d00,Misha Cirkunov,1987-02-27,190.5,195.6,Orthodox,Light Heavyweight,2015-08-23,2022-10-15,6,7,0,0,1466.0,Misha Cirkunov,15,8,0,11
c76ec2bc3a57666a,Mitch Clarke,1985-11-24,177.8,185.4,Orthodox,Lightweight,2011-12-10,2017-09-09,2,5,0,0,1424.5,Mitch Clarke,11,5,0,9
b8592b4a383696cd,Mitch Gagnon,1984-10-10,165.1,165.1,Southpaw,Bantamweight,2012-07-21,2019-05-04,4,4,0,0,1487.2,Mitch Gagnon,12,4,0,9
e99eb0ef25885de5,Mitch Ramirez,1992-11-03,180.3,177.8,Orthodox,Lightweight,2024-03-16,2026-07-18,0,3,0,0,1414.1,,,,,
0be6776db31d98ec,Mitch Raposo,1998-10-16,165.1,162.6,Switch,Flyweight,2024-06-01,2026-06-20,2,2,0,0,1526.2,,,,,
43a59ce3bb40449e,Mizuki,1994-08-19,160.0,165.1,Orthodox,Women's Strawweight,2019-08-31,2025-10-25,3,1,0,0,1565.1,,,,,
35faad160d346839,Mizuto Hirota,1981-05-05,170.2,170.2,Orthodox,Lightweight,2013-03-02,2018-12-01,1,5,1,0,1383.0,Mizuto Hirota,18,11,2,20
476fe566d2df676e,Modestas Bukauskas,1994-02-10,190.5,193.0,Switch,Light Heavyweight,2020-07-15,2026-09-05,9,5,0,0,1628.0,Modestas Bukauskas,21,7,0,12
3753714927f18437,Mohammad Yahya,1994-05-23,175.3,185.4,Switch,Featherweight,2023-10-21,2025-07-26,0,3,0,0,1384.7,,,,,
da7f113b5ea39c43,Mohammed Usman,1989-04-01,188.0,200.7,Orthodox,Heavyweight,2022-08-06,2025-06-21,4,2,0,0,1547.5,,,,,
51018a31ddf31eb2,Molly McCann,1990-05-04,162.6,157.5,Orthodox,Women's Strawweight,2018-05-27,2025-03-22,7,7,0,0,1445.4,Molly McCann,14,8,0,8
80d8aed0ca9b00f3,Montana De La Rosa,1995-02-14,170.2,172.7,Orthodox,Women's Flyweight,2017-12-01,2024-06-08,6,5,1,0,1498.5,Montana De La Rosa,13,10,1,11
cc1a8b4b38b92c6d,Montel Jackson,1992-04-24,177.8,190.5,Southpaw,Bantamweight,2018-08-04,2026-04-25,9,4,0,0,1698.9,Montel Jackson,15,4,0,6
60193e707634e560,Montse Rendon,1989-03-16,172.7,172.7,Orthodox,Women's Bantamweight,2023-09-23,2026-03-14,2,2,0,0,1464.4,,,,,
1235b31de15d0c6e,Montserrat Conejo Ruiz,1993-02-03,152.4,154.9,Southpaw,Women's Strawweight,2021-03-20,2025-11-01,1,4,0,0,1390.4,,,,,
5b03b61f9d90125e,Morgan Charriere,1995-10-26,172.7,175.3,Orthodox,Featherweight,2023-09-02,2026-09-05,3,4,0,0,1500.3,,,,,
1cf1310684a841f5,Mostapha Al-Turk,1973-07-14,188.0,195.6,Orthodox,Heavyweight,2008-12-27,2010-04-10,0,3,0,0,1401.9,,,,,
baf942f4bcb09894,Moti Horenstein,1964-03-23,193.0,,Orthodox,Heavyweight,1996-07-12,1997-07-27,0,2,0,0,1438.0,,,,,
d34636a85f0f4c90,Motonobu Tezuka,1987-08-29,170.2,,Southpaw,Bantamweight,2012-11-10,2013-02-16,0,2,0,0,1438.4,,,,,
49ee5024966efc0d,Mounir Lazzez,1987-11-16,185.4,193.0,Orthodox,Welterweight,2020-07-15,2023-01-21,2,2,0,0,1509.5,Mounir Lazzez,11,3,0,10
76e2870ffafbe38f,Movsar Evloev,1994-02-11,170.2,182.9,Orthodox,Featherweight,2019-04-20,2026-03-21,10,0,0,0,1839.8,Movsar Evloev,20,0,0,10
75353550928a7921,Muhammad Mokaev,2000-07-30,170.2,177.8,Orthodox,Flyweight,2022-03-19,2024-07-27,7,0,0,0,1731.9,Muhammad Mokaev,17,0,0,7
8d11d9c13e2ccdf7,Muhammad Naimov,1994-08-07,175.3,177.8,Orthodox,Featherweight,2023-06-03,2026-09-05,5,3,0,0,1535.9,Muhammad Naimov,13,5,0,10
b01a5e0dcd9f231d,Muhammad Saidov,1996-01-10,188.0,185.4,Orthodox,Light Heavyweight,2026-07-25,2026-07-25,1,0,0,0,1557.1,,,,,
a54660deb6a8489c,Muin Gafurov,1996-05-17,170.2,172.7,Orthodox,Bantamweight,2023-06-03,2026-02-07,2,3,0,0,1504.2,,,,,
85d905f7c4f5a1af,Murilo Bustamante,1966-07-30,188.0,,Orthodox,Middleweight,2000-04-14,2002-05-10,3,1,0,0,1601.7,Murilo Bustamante,15,8,1,6
d436f5d55156a521,Murtazali Magomedov,1999-08-26,175.3,177.8,Orthodox,Featherweight,2026-06-20,2026-06-20,1,0,0,0,1543.3,,,,,
447f9858ae78f921,Muslim Salikhov,1984-06-09,180.3,177.8,Orthodox,Welterweight,2017-11-25,2026-09-12,9,6,0,0,1571.3,Muslim Salikhov,22,7,0,14
bf2c8e01b07d3eb1,Myktybek Orolbai,1998-02-10,177.8,188.0,Orthodox,Welterweight,2023-11-18,2026-08-15,5,2,0,0,1634.9,Myktybek Orolbai,16,3,1,12
08e908ed6d18d6a0,Myles Jury,1988-10-31,177.8,185.4,Orthodox,Featherweight,2012-06-01,2019-02-17,8,4,0,0,1588.2,Myles Jury,19,6,0,9
776a58a67665a171,Nad Narimani,1987-04-14,172.7,177.8,Orthodox,Featherweight,2018-07-22,2020-07-18,2,2,0,0,1495.8,Nad Narimani,12,4,0,12
6e7506127408aa9e,Nadia Kassem,1995-11-15,165.1,167.6,Southpaw,Women's Flyweight,2017-11-18,2019-10-05,1,2,0,0,1456.7,Nadia Kassem,5,2,0,4
2c64c035485906aa,Nah-Shon Burrell,1990-02-05,180.3,,Orthodox,Welterweight,2013-02-23,2013-05-25,1,1,0,0,1495.3,Nah-Shon Burrell,19,13,0,10
80dbeb1dd5b53e64,Nam Phan,1983-03-13,167.6,177.8,Orthodox,Bantamweight,2010-12-04,2014-03-01,2,6,0,0,1389.3,Nam Phan,21,17,0,23
e1f8beeb6d2d871a,Namsrai Batbayar,2000-12-29,162.6,172.7,Orthodox,Flyweight,2026-08-29,2026-08-29,0,1,0,0,1466.6,,,,,
1abfb658cd4f8533,Nandor Guelmino,1975-12-20,190.5,,,Heavyweight,2013-09-21,2013-09-21,0,1,0,0,1460.0,,,,,
199eb7cf6ae90294,Naoki Inoue,1997-06-14,175.3,180.3,Orthodox,Flyweight,2017-06-17,2018-06-23,1,1,0,0,1516.5,Naoki Inoue,21,5,0,8
bc8f6b42767e28df,Naoyuki Kotani,1981-12-08,172.7,167.6,Southpaw,Lightweight,2007-04-05,2015-09-26,0,5,0,0,1345.2,Naoyuki Kotani,37,18,7,27
b7b84ccd221be298,Nasrat Haqparast,1995-08-22,177.8,182.9,Southpaw,Lightweight,2017-10-21,2026-08-22,10,6,0,0,1586.8,Nasrat Haqparast,18,7,0,9
881bf86d4cba8578,Nassourdine Imavov,1996-03-01,190.5,190.5,Orthodox,Middleweight,2020-10-03,2025-09-06,9,2,0,1,1818.6,Nassourdine Imavov,17,4,0,10
262d32ebda89efc4,Natalia Silva,1997-02-03,162.6,165.1,Southpaw,Women's Flyweight,2022-06-18,2026-01-24,8,0,0,0,1791.2,,,,,
a29db9cd4f9ccea5,Natan Levy,1991-09-30,175.3,180.3,Southpaw,Lightweight,2021-11-20,2024-03-16,2,2,0,0,1495.9,Natan Levy,9,2,0,6
8355922d564b152c,Nate Diaz,1985-04-16,182.9,193.0,Southpaw,Welterweight,2007-06-23,2022-09-10,16,11,0,0,1724.0,Nate Diaz,22,14,0,8
583ee11abddfc581,Nate Landwehr,1988-06-06,175.3,182.9,Orthodox,Featherweight,2020-01-25,2026-04-11,5,6,0,0,1471.6,Nate Landwehr,18,7,0,15
cbf94e4c4af4ff6d,Nate Loughran,1980-07-28,188.0,,Orthodox,Middleweight,2008-07-19,2008-12-10,1,1,0,0,1500.0,Nate Loughran,11,2,0,8
6e9f40c706f91f32,Nate Maness,1991-06-27,177.8,182.9,Orthodox,Flyweight,2020-08-01,2024-06-15,5,2,0,0,1588.8,Nate Maness,16,3,0,12
a8e6a69796280f17,Nate Marquardt,1979-04-20,182.9,188.0,Orthodox,Middleweight,2005-08-06,2017-11-11,13,12,0,0,1513.2,Nate Marquardt,36,20,2,29
04c15b52c3cc1cab,Nate Mohr,1983-03-03,175.3,182.9,Orthodox,Lightweight,2007-04-05,2009-01-17,1,3,0,0,1416.2,Nate Mohr,9,7,0,10
52cae54377b433b7,Nate Quarry,1972-03-18,182.9,182.9,Open Stance,Middleweight,2005-04-09,2010-03-31,7,3,0,0,1615.0,Nate Quarry,12,4,0,6
040426baba8a45e8,Nate Schroeder,1973-06-02,185.4,,,Heavyweight,2000-06-09,2000-06-09,0,1,0,0,1455.4,,,,,
15ec018d144710db,Nathan Coy,1978-07-24,177.8,175.3,Southpaw,Welterweight,2015-12-10,2017-04-15,1,2,0,0,1473.5,Nathan Coy,15,7,0,19
a2d342ffc83913ed,Nathan Fletcher,1998-01-03,170.2,177.8,Orthodox,Bantamweight,2024-09-07,2025-08-02,1,2,0,0,1479.4,,,,,
329e403448756217,Nathaniel Wood,1993-05-08,167.6,175.3,Orthodox,Featherweight,2018-06-01,2026-09-05,11,4,0,0,1644.1,Nathaniel Wood (fighter),23,7,0,15
b4b496ec2197ee3e,Navajo Stirling,1997-11-07,193.0,200.7,Orthodox,Light Heavyweight,2024-12-14,2026-08-01,6,0,0,0,1713.6,Navajo Stirling,11,0,0,5
d38e8c6ae2dfc051,Nazareno Malegarie,1986-05-16,172.7,,,Lightweight,2015-09-05,2015-09-05,0,1,0,0,1480.0,Nazareno Malegarie,34,6,1,31
ff62013d2fce6d13,Nazim Sadykhov,1994-05-16,177.8,175.3,Southpaw,Lightweight,2023-02-18,2026-06-27,4,2,1,0,1552.3,Nazim Sadykhov,11,3,1,8
36a432f22144843e,Neil Grove,1971-01-18,198.1,,Orthodox,Heavyweight,2009-02-21,2009-02-21,0,1,0,0,1460.0,Neil Grove,12,8,1,8
84b3e7d38f2d2ec5,Neil Magny,1987-08-03,190.5,203.2,Orthodox,Welterweight,2013-02-23,2026-08-15,25,13,0,0,1681.5,Neil Magny,31,15,0,9
49a74b9fb2e45fdf,Neil Seery,1979-08-30,162.6,162.6,Orthodox,Flyweight,2014-03-08,2017-07-16,3,4,0,0,1476.6,Neil Seery,16,13,0,22
6b7bc7eaf2465387,Neil Wain,,177.8,,Orthodox,Heavyweight,2008-10-18,2008-10-18,0,1,0,0,1465.2,,,,,
1de9ad94de18eeaf,Nicco Montano,1988-12-16,165.1,165.1,Southpaw,Women's Bantamweight,2017-12-01,2019-07-13,1,1,0,0,1501.6,,,,,
8b5f9ea38184ded3,Nicholas Musoke,1986-04-05,182.9,190.5,Orthodox,Welterweight,2013-10-26,2017-05-28,3,3,0,0,1486.7,Nico Musoke,16,5,0,13
ebc5af72ad5a28cb,Nick Agallar,1979-01-13,172.7,,Orthodox,Lightweight,2003-11-21,2003-11-21,0,1,0,0,1467.4,,,,,
0978385b2bd9ef9b,Nick Aguirre,1996-01-15,175.3,188.0,Southpaw,Bantamweight,2023-01-14,2023-11-18,0,2,0,0,1421.2,,,,,
f8fe2053d73d7bcf,Nick Catone,1981-09-01,182.9,182.9,Southpaw,Middleweight,2009-02-07,2014-02-01,4,4,0,0,1485.9,Nick Catone,10,4,0,6
e4aaaa34535e32b6,Nick Denis,1983-10-11,170.2,,Orthodox,Bantamweight,2012-01-20,2012-05-05,1,1,0,0,1495.9,Nick Denis,11,3,0,12
f57a8a52ca401ed9,Nick Diaz,1983-08-02,185.4,193.0,Southpaw,Middleweight,2003-09-26,2021-09-25,7,7,0,1,1547.4,Nick Diaz,26,10,0,7
036e96c1c12b8a59,Nick Fiore,1997-12-10,177.8,182.9,Orthodox,Lightweight,2023-01-14,2023-05-20,0,2,0,0,1421.7,,,,,
2816ced060a21be3,Nick Hein,1984-04-24,167.6,167.6,Southpaw,Lightweight,2014-05-31,2019-06-01,4,4,0,0,1479.0,Nick Hein,14,4,0,12
7eaa5e31c2dd86aa,Nick Klein,1995-09-08,185.4,195.6,Orthodox,Middleweight,2025-02-22,2025-08-02,0,2,0,0,1423.9,,,,,
12585614e0ed2626,Nick Maximov,1997-12-23,182.9,193.0,Southpaw,Middleweight,2021-09-25,2022-10-15,2,2,0,0,1480.2,Nick Maximov,14,2,0,6
5b407acfe0ef9b76,Nick Osipczak,1984-12-30,188.0,193.0,Orthodox,Welterweight,2009-06-20,2010-11-13,2,3,0,0,1492.9,Nick Osipczak,5,3,0,3
8cb76103cd8a1562,Nick Pace,1987-04-17,170.2,172.7,Orthodox,Bantamweight,2010-12-04,2011-11-19,1,2,0,0,1456.6,Nick Pace,8,3,0,6
879b8df81523d91b,Nick Penner,1980-03-26,193.0,,Southpaw,Light Heavyweight,2012-03-02,2012-12-14,0,2,0,0,1423.9,,,,,
b13da0b1a3aed3e7,Nick Ring,1979-02-10,182.9,188.0,Southpaw,Middleweight,2011-02-26,2013-12-06,3,3,0,0,1509.9,Nick Ring,14,4,0,10
7195e2a932686f82,Nick Roehrick,1987-07-06,188.0,,Orthodox,Light Heavyweight,2017-07-07,2017-07-07,0,1,0,0,1463.2,,,,,
1d147d4163a6989b,Nick Sanzo,1963-01-16,175.3,,,Lightweight,1997-02-07,1997-02-07,1,1,0,0,1511.8,,,,,
1975c2272ba40e71,Nick Serra,1978-03-27,175.3,,Orthodox,Welterweight,2002-06-22,2002-06-22,0,1,0,0,1460.0,,,,,
7d3caf0f96f1b33d,Nick Thompson,1981-06-23,185.4,188.0,Orthodox,Welterweight,2005-11-19,2006-04-15,1,1,0,0,1507.1,Nick Thompson (fighter),38,14,1,30
8c57c7b8c3bab0eb,Nicolae Negumereanu,1994-09-04,182.9,198.1,Orthodox,Light Heavyweight,2019-03-16,2022-11-12,4,2,0,0,1522.8,Nicolae Negumereanu,13,1,0,9
9d19d9e4aa2662e8,Nicolas Dalby,1984-11-16,180.3,188.0,Orthodox,Welterweight,2015-05-30,2025-11-22,8,5,1,1,1632.3,Nicolas Dalby,24,6,1,13
fc0a4053eb8a3a59,Nicolle Caliari,1996-11-04,160.0,157.5,Orthodox,Women's Strawweight,2025-01-11,2026-05-16,1,2,0,0,1486.6,,,,,
6fb1ba67bef41b37,Nik Lentz,1984-08-13,172.7,172.7,Orthodox,Featherweight,2009-09-19,2021-01-23,14,9,1,1,1577.7,Nik Lentz,30,12,2,20
1091d4d957141094,Nikita Krylov,1992-03-07,190.5,195.6,Orthodox,Light Heavyweight,2013-08-31,2026-07-11,12,10,0,0,1621.9,Nikita Krylov,31,12,0,17
39cc64bf0a269db9,Niklas Backstrom,1989-08-22,185.4,,Orthodox,Featherweight,2014-05-31,2015-06-20,1,2,0,0,1478.6,Niklas Bäckström (fighter),11,4,0,8
62f7097c04311193,Niklas Stolze,1992-12-28,185.4,188.0,Switch,Lightweight,2020-07-25,2022-06-04,0,3,0,0,1391.8,Niklas Stolze,14,10,0,15
d8da10db80131bec,Niko Price,1989-09-29,182.9,193.0,Orthodox,Welterweight,2016-12-30,2026-03-28,8,11,0,2,1428.2,Niko Price,16,11,0,8
37f560436d745c18,Nikolas Motta,1993-02-08,175.3,177.8,Orthodox,Lightweight,2022-02-19,2025-06-21,3,3,0,1,1515.9,,,,,
0f1efce7d2571d10,Nikolay Veretennikov,1989-12-22,185.4,188.0,Orthodox,Welterweight,2024-08-10,2026-05-16,2,4,0,0,1449.6,,,,,
bf60dd3256801649,Nilson Rojas,1999-04-21,167.6,160.0,Orthodox,Flyweight,2026-08-29,2026-08-29,0,1,0,0,1460.0,,,,,
eabece0edc2d62ca,Nina Milosevic,1996-08-08,165.1,170.2,Orthodox,Women's Bantamweight,2026-08-01,2026-08-01,1,0,0,0,1528.5,,,,,
d343df8ba11f4c4e,Nina Nunes,1985-12-03,165.1,162.6,Orthodox,Women's Flyweight,2014-11-08,2022-08-13,5,4,0,0,1545.0,Nina Nunes,11,7,0,9
d632d156c0549e07,Nissen Osterneck,1981-05-01,188.0,,Orthodox,Middleweight,2009-04-01,2009-04-01,0,1,0,0,1479.1,,,,,
9f755fb04cc21499,Noad Lahat,1984-06-08,175.3,175.3,Orthodox,Featherweight,2014-03-23,2016-02-06,2,2,0,0,1482.6,Noad Lahat,13,5,0,7
6266abf6e4245c72,Noah Gugnon,2000-10-18,180.3,180.3,Orthodox,Lightweight,2026-08-01,2026-08-01,1,0,0,0,1540.0,,,,,
df2cf66d8c0123db,Noe Hernandez,,,,Orthodox,Middleweight,1998-05-15,1998-05-15,0,1,0,0,1460.0,,,,,
f97c5433c77522d3,Nohelin Hernandez,1994-03-01,177.8,180.3,Orthodox,Bantamweight,2019-07-06,2019-09-28,0,2,0,0,1435.9,,,,,
9eb069062a0cfc13,Nolan Ticman,1988-05-17,167.6,,Orthodox,Flyweight,2014-08-16,2015-05-16,0,2,0,0,1441.3,,,,,
f2b3f4ef3f780168,Nora Cornolle,1989-12-06,170.2,170.2,Orthodox,Women's Bantamweight,2023-09-02,2026-09-05,4,3,0,0,1550.7,Nora Cornolle,10,4,0,7
49858bf46dabf6fb,Nordine Taleb,1981-06-10,185.4,188.0,Orthodox,Welterweight,2014-04-16,2019-09-07,7,5,0,0,1529.3,Nordine Taleb,15,7,0,10
4834ff149dc9542a,Norifumi Yamamoto,1977-03-15,162.6,167.6,Southpaw,Bantamweight,2011-02-05,2015-02-28,0,3,0,1,1391.0,Norifumi Yamamoto,18,6,0,21
d3f5d33d61cd00c9,Norma Dumont,1990-10-01,170.2,170.2,Orthodox,Women's Bantamweight,2020-02-29,2026-04-25,9,3,0,0,1693.8,Norma Dumont,13,3,0,4
14ff46596ad80609,Norman Parke,1986-12-22,180.3,177.8,Southpaw,Lightweight,2012-12-14,2016-02-27,5,3,1,0,1562.4,Norman Parke,34,7,2,18
49d2a08964c5eb11,Nursulton Ruziboev,1993-11-19,195.6,193.0,Orthodox,Middleweight,2023-07-01,2026-09-05,5,2,0,0,1605.4,Nursulton Ruziboev,37,10,2,42
ca28cdf526d6b6e9,Nurullo Aliev,2000-12-08,177.8,182.9,Orthodox,Lightweight,2023-02-25,2026-07-25,4,0,0,0,1639.4,Nurullo Aliev,12,0,0,7
17cb6d8e8187f304,Nyamjargal Tumendemberel,1998-03-22,170.2,180.3,Orthodox,Flyweight,2024-11-23,2026-03-07,1,1,0,0,1514.1,,,,,
6b56e94a59b7b134,Oban Elliott,1997-12-19,182.9,182.9,Orthodox,Welterweight,2024-02-17,2026-08-01,3,3,0,0,1475.3,,,,,
6d68c1afe954f121,Ode Osbourne,1992-01-09,170.2,185.4,Southpaw,Flyweight,2020-01-18,2026-02-21,5,7,0,1,1426.0,Ode' Osbourne,13,9,0,11
1dc56b59cb28425d,Oleg Taktarov,1967-08-26,182.9,,Orthodox,,1995-04-07,1995-12-16,6,2,1,0,1662.8,,,,,
dcdd511ff757f15c,Oli Thompson,1980-01-02,185.4,190.5,Orthodox,Heavyweight,2012-03-02,2012-08-04,0,2,0,0,1424.7,Oli Thompson,23,19,0,9
330bafba312face4,Oliver Enkamp,1991-08-10,182.9,195.6,Switch,Welterweight,2017-05-28,2018-03-17,0,2,0,0,1433.9,Oliver Enkamp,11,4,0,7
55ee431411ccf07a,Olivier Aubin-Mercier,1989-02-23,175.3,177.8,Southpaw,Lightweight,2014-04-16,2019-07-27,7,5,0,0,1524.2,Olivier Aubin-Mercier,21,5,0,4
b701f095e6ccb149,Ollie Schmid,2000-12-28,182.9,180.3,Orthodox,Featherweight,2026-05-02,2026-05-02,0,1,0,0,1464.1,,,,,
04b39f4e8eb59d7c,Oluwale Bamgbose,1987-08-04,180.3,198.1,Switch,Middleweight,2015-08-08,2017-12-16,1,4,0,0,1399.6,Oluwale Bamgbose,6,4,0,5
a0e6753c42698f13,Omar Morales,1985-10-17,180.3,185.4,Orthodox,Lightweight,2019-12-21,2023-03-18,3,4,0,0,1463.7,Omar Morales (fighter),11,4,0,8
16690d100f995f8f,Omari Akhmedov,1987-10-12,182.9,185.4,Orthodox,Middleweight,2013-11-09,2021-07-10,9,5,1,0,1657.0,Omari Akhmedov,26,8,1,10
96d173b7f92aa520,Onassis Parungao,,180.3,,,,1995-09-08,1995-09-08,1,0,0,0,1540.0,,,,,
2c010b26a3306969,Orion Cosce,1994-07-15,180.3,180.3,Switch,Welterweight,2021-07-31,2023-05-20,1,2,0,0,1452.1,,,,,
a6c2f5381d575920,Orlando Wiet,1965-10-24,177.8,,Southpaw,,1994-03-11,1994-03-11,1,1,0,0,1497.0,Orlando Wiet,0,5,0,0
1cf7ccf64a5bf24e,Oskar Piechota,1990-01-24,182.9,193.0,Southpaw,Middleweight,2017-10-21,2020-06-20,2,3,0,1,1448.8,,,,,
b9124c308671e303,Otari Tanzilovi,1998-04-09,175.3,177.8,Orthodox,Featherweight,2026-06-20,2026-06-20,0,1,0,0,1460.0,,,,,
ee18ff42063174df,Ottman Azaitar,1990-02-20,172.7,180.3,Switch,Lightweight,2019-09-07,2024-12-14,2,3,0,0,1453.2,Ottman Azaitar,13,3,0,11
46e2011d92463b7e,Oumar Sy,1995-11-21,193.0,210.8,Orthodox,Light Heavyweight,2024-05-18,2026-09-05,3,3,0,0,1495.7,,,,,
50db8711c70196cd,Ovince Saint Preux,1983-04-08,190.5,203.2,Southpaw,Light Heavyweight,2013-04-27,2024-10-05,15,13,0,0,1493.0,Ovince Saint Preux,27,18,0,17
6967153c7edb4d87,Ozzy Diaz,1990-11-22,193.0,200.7,Orthodox,Middleweight,2024-11-23,2026-09-19,1,3,0,0,1451.5,,,,,
8e5bfd4e82352340,Pablo Garza,1983-09-16,185.4,185.4,Orthodox,Featherweight,2010-12-04,2013-04-06,3,3,0,0,1489.4,Pablo Garza (fighter),12,4,0,10
6e7c758f5cdec01a,Paddy Holohan,1988-05-03,177.8,175.3,Orthodox,Flyweight,2014-07-19,2015-10-24,3,2,0,0,1529.2,Paddy Holohan,12,2,1,10
7826923b47f8d72a,Paddy Pimblett,1995-01-03,177.8,185.4,Orthodox,Lightweight,2021-09-04,2026-07-11,8,1,0,0,1758.5,Paddy Pimblett,24,4,0,19
4d5197f331c47290,Paige VanZant,1994-03-26,162.6,165.1,Orthodox,Women's Flyweight,2014-11-22,2020-07-11,5,4,0,0,1513.6,Paige VanZant,8,5,0,4
91dac5e69e28d5b5,Pannie Kianzad,1991-12-08,170.2,167.6,Orthodox,Women's Bantamweight,2018-11-30,2024-08-10,5,6,0,0,1473.6,Pannie Kianzad,16,10,0,13
c9f6385af6df66d7,Papy Abedi,1978-06-30,180.3,,Southpaw,Middleweight,2011-11-05,2013-08-28,1,3,0,0,1427.7,Papy Abedi,10,3,0,8
ac40f7e3cbecdda4,Parker Porter,1985-04-22,182.9,190.5,Orthodox,Heavyweight,2020-08-15,2023-08-26,4,4,0,0,1475.4,Parker Porter,14,9,0,15
a01e84abefd85ec0,Pascal Krauss,1987-04-19,185.4,,Orthodox,Welterweight,2010-11-13,2013-08-31,2,2,0,0,1502.6,Pascal Krauss,11,2,0,9
196ed28337adc630,Pat Audinwood,1986-04-16,182.9,,Orthodox,Lightweight,2010-09-25,2010-12-11,0,2,0,0,1427.2,,,,,
658c3465581ae46b,Pat Barry,1979-07-07,180.3,188.0,Orthodox,Heavyweight,2008-12-27,2013-12-06,5,7,0,0,1444.7,Pat Barry (fighter),8,7,0,3
50d2f0018bcf9eef,Pat Healy,1983-07-20,182.9,182.9,Orthodox,Lightweight,2006-08-17,2014-07-16,0,5,0,1,1373.7,Pat Healy (fighter),34,24,0,26
cedfdf8d423d500c,Pat Miletich,1968-03-09,177.8,,Orthodox,Middleweight,1998-03-13,2002-03-22,8,2,0,0,1620.4,Pat Miletich,29,8,2,14
b8bbdeff718dbb7d,Pat Sabatini,1990-11-09,172.7,177.8,Orthodox,Featherweight,2021-04-24,2026-05-09,9,2,0,0,1730.8,Pat Sabatini,22,5,0,16
de12bd65e2f46478,Pat Schilling,1988-08-28,172.7,,Orthodox,Featherweight,2012-01-20,2012-06-01,0,2,0,0,1421.5,,,,,
2cfba6c837c03ed0,Patchy Mix,1993-08-16,180.3,177.8,Southpaw,Bantamweight,2025-06-07,2025-10-04,0,2,0,0,1464.9,Patchy Mix,20,5,0,21
98a58c26c5b1ed17,Patricio Pitbull,1987-07-07,167.6,170.2,Orthodox,Featherweight,2025-04-12,2026-09-19,2,2,0,0,1547.1,Patrício Pitbull,38,9,0,43
9fa3bd637edd9aa2,Patrick Cote,1980-02-29,180.3,190.5,Orthodox,Welterweight,2004-10-22,2017-04-08,10,11,0,0,1577.9,Patrick Côté (fighter),23,11,0,5
e51e5cb722bd47a8,Patrick Cummins,1980-11-16,188.0,193.0,Orthodox,Light Heavyweight,2014-02-22,2019-05-18,6,7,0,0,1456.4,Patrick Cummins (fighter),10,6,0,4
46c8ec317aff28ac,Patrick Smith,1963-08-28,188.0,,Orthodox,,1993-11-12,1995-07-14,4,2,0,0,1599.3,Patrick Smith (fighter),20,16,0,0
b4c96c3d9139bf0e,Patrick Walsh,1988-11-28,180.3,,,Middleweight,2014-07-06,2015-02-14,1,1,0,0,1500.1,,,,,
39330403ad27c2bb,Patrick Williams,1981-09-07,172.7,185.4,Orthodox,Bantamweight,2014-04-26,2018-04-14,1,3,0,0,1428.0,Patrick Williams (fighter),8,5,0,11
c7011de4765d2497,Paul Bradley,1983-06-13,175.3,,Orthodox,Welterweight,2011-08-06,2011-11-12,0,2,0,0,1444.3,Paul Bradley (fighter),23,10,0,21
f0abbb6f3444dae7,Paul Buentello,1974-01-16,188.0,195.6,Orthodox,Heavyweight,2005-02-05,2010-03-21,3,3,0,0,1524.1,Paul Buentello,35,17,0,27
eabf206b162b3b83,Paul Craig,1987-11-27,190.5,193.0,Orthodox,Light Heavyweight,2016-12-17,2025-09-06,9,10,1,1,1500.2,Paul Craig,20,10,1,11
ed73c85164a5f5a4,Paul Creighton,1970-06-04,167.6,,Southpaw,Lightweight,2002-05-10,2002-05-10,0,1,0,0,1470.4,Paul Creighton,3,1,0,3
23725c826c481e7f,Paul Daley,1983-02-21,175.3,193.0,Orthodox,Welterweight,2009-09-19,2010-05-08,2,1,0,0,1573.5,Paul Daley,43,18,2,30
e5010b1b94ca5755,Paul Felder,1984-04-25,180.3,177.8,Orthodox,Lightweight,2014-10-04,2020-11-14,9,6,0,0,1671.3,Paul Felder,17,6,0,8
2f1700b3a4a09bc7,Paul Georgieff,1982-09-22,188.0,,Orthodox,Welterweight,2007-12-08,2007-12-08,0,1,0,0,1454.7,,,,,
440c9dbab63528fb,Paul Herrera,1964-02-21,177.8,,Orthodox,,1996-02-16,1996-02-16,0,1,0,0,1460.0,,,,,
f341f9551ba744e2,Paul Jones,1963-06-16,175.3,,Orthodox,Middleweight,1999-07-16,1999-09-24,1,1,0,0,1494.1,,,,,
aac5ac38148f0528,Paul Kelly,1984-09-12,175.3,177.8,Orthodox,Lightweight,2008-01-19,2011-02-05,5,4,0,0,1516.8,Paul Kelly (fighter),15,5,0,7
3f56b99447f00607,Paul Redmond,1986-10-20,177.8,,Orthodox,Featherweight,2015-01-24,2015-07-18,0,2,0,0,1427.3,,,,,
26eddcda9d6b2ffe,Paul Rodriguez,1975-05-18,170.2,,Orthodox,Welterweight,2001-06-29,2001-06-29,0,1,0,0,1464.6,,,,,
7b143a54451263d9,Paul Sass,1988-08-04,182.9,185.4,Orthodox,Lightweight,2010-10-16,2013-02-16,3,2,0,0,1534.6,Paul Sass,14,2,0,10
9b74de674c355425,Paul Taylor,1979-12-15,182.9,182.9,Orthodox,Lightweight,2007-04-21,2011-02-05,4,5,0,0,1486.5,Paul Taylor (fighter),11,6,1,10
07a18ae55dfc3cd9,Paul Varelans,1969-09-17,203.2,,Orthodox,,1995-07-14,1996-12-07,4,4,0,0,1501.9,Paul Varelans,9,9,0,0
2e5c2aa8e4ab9d82,Paulo Costa,1991-04-21,185.4,182.9,Orthodox,Light Heavyweight,2017-03-11,2026-04-11,8,4,0,0,1726.5,Paulo Costa,15,4,0,8
7ca4c3f8aa8bacae,Paulo Santos,,,,,Lightweight,1998-10-16,1998-10-16,0,1,0,0,1460.0,,,,,
30a09e43f15f1d75,Paulo Thiago,1981-01-25,180.3,188.0,Orthodox,Welterweight,2009-02-21,2014-09-13,5,8,0,0,1421.5,Paulo Thiago,19,11,0,8
93f9c19ae41d2a97,Pavel Andrusca,2002-05-08,170.2,167.6,Orthodox,Featherweight,2026-09-05,2026-09-05,1,0,0,0,1561.2,,,,,
9310418684bc896f,Pawel Pawlak,1989-02-08,182.9,185.4,Orthodox,Welterweight,2014-05-31,2015-07-18,1,2,0,0,1453.3,Paweł Pawlak,26,4,1,10
6e743a33d56bdaa4,Payton Talbott,1998-09-09,177.8,177.8,Switch,Bantamweight,2023-11-18,2025-12-06,5,1,0,0,1658.0,Payton Talbott,11,1,0,6
1ebdcb7488d0ebee,Pearl Gonzalez,1986-08-12,162.6,,Orthodox,Women's Strawweight,2017-04-08,2017-10-07,0,2,0,0,1428.7,Pearl Gonzalez,11,6,0,7
f7be1db194e03d7e,Pedro Falcao,1992-07-30,167.6,167.6,Orthodox,Bantamweight,2024-04-06,2025-04-05,0,2,0,0,1429.3,,,,,
6bd02119599741a4,Pedro Munhoz,1986-09-07,167.6,165.1,Orthodox,Bantamweight,2014-02-22,2024-11-02,10,10,0,2,1572.8,Pedro Munhoz,20,10,0,10
e983c62faf677ab2,Pedro Nobre,1986-02-13,165.1,,,Bantamweight,2013-01-19,2013-01-19,0,0,0,1,1500.0,,,,,
b44f39a5c6596953,Pedro Rizzo,1974-05-03,185.4,,Orthodox,Heavyweight,1998-10-16,2003-11-21,9,5,0,0,1610.9,Pedro Rizzo,20,11,0,5
92b36014314b028b,Peggy Morgan,1979-12-16,185.4,,,Women's Bantamweight,2013-11-30,2013-11-30,0,1,0,0,1460.0,,,,,
58bc81376286b3d3,Per Eklund,1980-11-12,177.8,182.9,Orthodox,Lightweight,2008-01-19,2009-02-21,1,2,0,0,1455.8,Per Eklund (fighter),14,5,1,16
776d4262c4da38bf,Pete Rodriguez,1996-11-13,175.3,180.3,Switch,Welterweight,2022-01-22,2024-02-03,1,2,0,0,1463.6,,,,,
0359313549d230a1,Pete Sell,1982-08-05,180.3,190.5,Orthodox,Welterweight,2005-02-05,2009-03-07,2,5,0,0,1424.3,Pete Sell,10,7,0,5
c3ea8deeba00462b,Pete Spratt,1971-01-09,175.3,,Orthodox,Welterweight,2002-06-22,2007-06-12,3,4,0,0,1461.6,Pete Spratt,25,24,0,15
6291ac0a3726732f,Pete Williams,1975-07-10,190.5,,Orthodox,Heavyweight,1998-05-15,2002-03-22,3,5,0,0,1431.0,Pete Williams (fighter),12,6,0,8
d21113c9ff3788ae,Peter Barrett,1986-08-10,177.8,185.4,Southpaw,Featherweight,2020-08-08,2020-12-12,0,2,0,0,1431.1,,,,,
1fcfc3709fe58151,Peter Sobotta,1987-01-11,182.9,190.5,Southpaw,Welterweight,2009-06-13,2020-07-25,4,6,0,0,1492.5,Peter Sobotta,17,7,1,9
d661ce4da776fc20,Petr Yan,1993-02-11,170.2,170.2,Switch,Bantamweight,2018-06-23,2025-12-06,12,4,0,0,1871.3,Petr Yan,20,5,0,9
1652f3213655b935,Phil Baroni,1976-04-16,175.3,182.9,Orthodox,Middleweight,2001-02-23,2011-01-01,3,7,0,0,1393.2,Phil Baroni,16,19,0,1
902ab9197b83d0db,Phil Davis,1984-09-25,188.0,200.7,Orthodox,Light Heavyweight,2010-02-06,2015-01-24,9,3,0,1,1703.1,Phil Davis (fighter),25,8,0,4
ba043b03eb799063,Phil Harris,1983-09-04,162.6,165.1,Orthodox,Flyweight,2012-10-05,2014-07-19,1,3,0,1,1430.0,Phil Harris (fighter),22,12,1,31
547afe1017e72dbe,Phil Hawes,1989-01-08,182.9,195.6,Orthodox,Middleweight,2020-10-24,2024-01-13,4,4,0,0,1458.2,Phil Hawes,12,6,0,10
a8fa0c4e95512806,Phil Johns,1968-10-22,157.5,,Southpaw,Welterweight,2001-02-23,2001-02-23,0,1,0,0,1462.8,,,,,
8e382b585a92affe,Phil Rowe,1990-07-18,190.5,203.2,Orthodox,Welterweight,2021-02-13,2026-02-21,4,5,0,0,1508.2,Philip Rowe,12,7,0,9
6ef65b6a152e49d5,Philip De Fries,1986-04-21,195.6,200.7,Orthodox,Heavyweight,2011-11-05,2013-04-06,2,3,0,0,1462.1,Phil De Fries,29,6,0,8
53c943c873cffe90,Philipe Lins,1985-08-17,188.0,198.1,Orthodox,Light Heavyweight,2020-05-13,2024-03-09,4,2,0,0,1595.0,Philipe Lins,18,6,0,16
18aecaf50f52e4c3,Phillip Miller,1979-02-20,180.3,,Orthodox,Middleweight,2002-07-13,2002-11-22,2,0,0,0,1579.9,Phillip Miller,16,0,0,10
64360e618823a8e4,Phillipe Nover,1984-02-03,175.3,182.9,Orthodox,Featherweight,2008-12-13,2017-02-11,1,6,0,0,1367.1,Phillipe Nover,11,8,1,6
e375cb5caf4717b6,Piera Rodriguez,1992-11-11,160.0,160.0,Orthodox,Women's Strawweight,2022-04-09,2026-03-14,5,2,0,0,1592.5,,,,,
31bbd39c0a075d4e,Pingyuan Liu,1993-02-13,167.6,182.9,Orthodox,Bantamweight,2018-07-22,2019-12-21,2,2,0,0,1491.7,Liu Pingyuan,15,6,0,17
a3be148af5c7b088,Piotr Hallmann,1987-08-25,175.3,180.3,Orthodox,Lightweight,2013-09-04,2015-11-07,2,4,0,0,1456.5,Piotr Hallmann,19,6,0,14
5c126c6aac3ef364,Poliana Botelho,1988-12-15,172.7,170.2,Orthodox,Women's Flyweight,2017-10-07,2022-06-04,3,4,0,0,1466.7,Poliana Botelho,9,5,0,6
9673a497a9da119a,Polyana Viana,1992-06-14,165.1,170.2,Orthodox,Women's Strawweight,2018-02-03,2026-05-16,4,8,0,0,1392.0,Polyana Viana,13,9,0,10
9fe7af8b3fbe00a0,Preston Parsons,1995-07-15,180.3,180.3,Orthodox,Welterweight,2021-07-17,2025-01-11,2,4,0,0,1462.2,,,,,
b1e5bcaad32a3cac,Priscila Cachoeira,1988-08-19,170.2,165.1,Orthodox,Women's Bantamweight,2018-02-03,2026-06-06,5,9,0,0,1395.8,Priscila Cachoeira,13,9,0,8
19f8a2f6eecd92ac,Puja Tomar,1993-12-05,154.9,149.9,Southpaw,Women's Strawweight,2024-06-08,2025-03-22,1,1,0,0,1474.1,Puja Tomar,9,6,0,12
64facb6cc564262d,Punahele Soriano,1992-11-22,180.3,182.9,Southpaw,Welterweight,2019-12-14,2026-09-05,7,5,0,0,1578.5,Punahele Soriano,13,5,0,6
32feae6d9a1e5047,Quang Le,1991-10-18,170.2,177.8,Orthodox,Bantamweight,2024-08-10,2025-09-13,1,3,0,0,1448.1,,,,,
17734443a833cdf7,Quillan Salkilld,1999-12-28,182.9,190.5,Orthodox,Lightweight,2025-02-08,2026-08-08,6,0,0,0,1752.0,Quillan Salkilld,13,1,0,8
16af2d5a6f28bee2,Quinn Mulhern,1984-09-20,190.5,,Orthodox,Lightweight,2013-03-16,2014-01-04,0,2,0,0,1434.7,Quinn Mulhern,18,4,0,20
ffc088e64fab57e9,Quinton Jackson,1978-06-20,185.4,185.4,Orthodox,Light Heavyweight,2007-02-03,2015-04-25,8,5,0,0,1614.8,,,,,
e03187ec8b5b6abc,RJ Harris,1998-10-01,190.5,198.1,Orthodox,Heavyweight,2026-07-18,2026-07-18,1,0,0,0,1536.1,,,,,
01784fbc27c68b14,Rachael Ostovich,1991-02-25,160.0,157.5,Orthodox,Women's Flyweight,2017-12-01,2020-11-28,1,3,0,0,1414.4,Rachael Ostovich,4,6,0,6
e132d47bd9efbbe0,Rafa Garcia,1994-08-05,170.2,177.8,Orthodox,Lightweight,2021-03-13,2026-09-12,7,5,0,0,1627.8,,,,,
029afd138865d20a,Rafael Alves,1990-11-14,172.7,172.7,Orthodox,Lightweight,2021-05-22,2023-02-25,1,3,0,0,1471.4,Rafael Alves (fighter),22,13,0,28
08a7080ff5904661,Rafael Carino,,203.2,,Orthodox,,1996-05-17,1996-05-17,1,0,0,0,1540.0,,,,,
5c1ca0c72b599a3c,Rafael Cavalcante,1980-04-14,185.4,188.0,Orthodox,Light Heavyweight,2013-06-08,2016-02-06,1,4,0,0,1431.7,Rafael Cavalcante,13,7,0,15
09a4447655fd4b7b,Rafael Cerqueira,1990-03-15,190.5,193.0,Southpaw,Light Heavyweight,2024-10-26,2025-11-22,0,4,0,0,1369.4,,,,,
6a2f7c151031653d,Rafael Dos Anjos,1984-10-26,172.7,177.8,Southpaw,Welterweight,2008-11-15,2024-10-26,21,15,0,0,1615.1,Rafael dos Anjos,32,17,0,12
83455a9d17f57dae,Rafael Estevam,1996-08-10,172.7,175.3,Orthodox,Bantamweight,2023-11-18,2026-04-04,3,1,0,0,1563.9,,,,,
c814b4c899793af6,Rafael Fiziev,1993-03-05,172.7,180.3,Switch,Lightweight,2019-04-20,2026-06-27,8,5,0,0,1672.0,Rafael Fiziev,14,5,0,6
0dba4df5f34d5ff0,Rafael Natal,1982-12-25,182.9,195.6,Orthodox,Middleweight,2010-09-15,2017-07-22,9,7,1,0,1507.7,Rafael Natal,21,9,1,14
d6a8edb7410223a0,Rafael Tobias,2003-03-20,188.0,188.0,Orthodox,Light Heavyweight,2026-03-07,2026-08-15,0,2,0,0,1416.3,,,,,
15b1b21cd743d652,Rafaello Oliveira,1982-01-26,172.7,180.3,Orthodox,Lightweight,2009-09-19,2014-02-22,2,6,0,0,1404.7,Rafaello Oliveira,17,8,0,13
577ec7e108b94be3,Rainy Martinez,,182.9,,Orthodox,Lightweight,1997-02-07,1997-02-07,0,1,0,0,1464.1,,,,,
abd5fb12437eda21,Ramazan Emeev,1987-05-23,177.8,193.0,Southpaw,Welterweight,2017-10-21,2022-06-11,5,3,0,0,1565.2,Ramazan Emeev,23,6,0,17
7d0a1968b38ca439,Ramazan Temirov,1997-01-31,162.6,160.0,Orthodox,Flyweight,2024-10-12,2026-07-25,3,0,0,0,1627.4,,,,,
d1152823307d7e7c,Rameau Thierry Sokoudjou,1984-04-18,177.8,198.1,Orthodox,Light Heavyweight,2007-12-29,2008-10-18,1,2,0,0,1471.7,Sokoudjou,18,18,0,5
915c8d39d4a0e7d1,Ramiro Hernandez,1986-07-22,175.3,,Orthodox,Bantamweight,2013-09-04,2014-01-25,0,2,0,0,1428.0,,,,,
3d074044a33825e7,Ramiz Brahimaj,1992-11-17,177.8,182.9,Orthodox,Welterweight,2020-11-07,2026-08-15,5,5,0,0,1513.2,Ramiz Brahimaj,13,6,0,10
c5ccd878231c5407,Ramon Taveras,1994-01-09,172.7,177.8,Southpaw,Featherweight,2024-01-20,2025-09-27,1,2,0,0,1447.2,,,,,
3eb4dc9a7d4ac906,Ramona Pascual,1988-09-23,170.2,167.6,Southpaw,Women's Bantamweight,2022-02-26,2022-11-05,0,3,0,0,1393.4,,,,,
22aa91e402d0fe1f,Ramsey Nijem,1988-04-01,180.3,190.5,Orthodox,Lightweight,2011-06-04,2015-07-25,5,5,0,0,1509.3,Ramsey Nijem,10,9,0,5
4a57ebb14315b251,Randa Markos,1985-08-10,162.6,160.0,Orthodox,Women's Strawweight,2014-12-12,2021-10-23,7,10,1,0,1430.6,Randa Markos,11,11,1,5
c6aee362c7a7d482,Randy Brown,1990-07-08,190.5,198.1,Orthodox,Welterweight,2016-01-30,2026-04-11,14,8,0,0,1658.8,Randy Brown (fighter),20,8,0,6
325ad0dd9126d3df,Randy Costa,1994-07-06,175.3,185.4,Switch,Bantamweight,2019-04-13,2022-10-01,2,4,0,0,1418.0,Randy Costa,8,4,0,4
0aa92558424ced9e,Randy Couture,1963-06-22,185.4,190.5,Orthodox,Light Heavyweight,1997-05-30,2011-04-30,16,8,0,0,1684.6,Randy Couture,19,11,0,0
94527830000ab715,Rani Yahya,1984-09-12,167.6,170.2,Orthodox,Bantamweight,2011-01-22,2024-04-27,13,6,1,1,1588.1,Rani Yahya,26,12,1,19
b9f28e7045fdfce7,Raoni Barcelos,1987-05-01,170.2,170.2,Orthodox,Bantamweight,2018-07-14,2026-04-25,11,4,0,0,1717.3,Raoni Barcelos,22,5,0,12
2f13e4020cea5b38,Raphael Assuncao,1982-07-19,165.1,167.6,Orthodox,Bantamweight,2011-03-19,2023-03-11,12,7,0,0,1562.8,Raphael Assunção,28,10,0,19
41f90012b86a11bf,Raphael Pessoa,1989-03-09,190.5,198.1,Orthodox,Heavyweight,2019-08-10,2020-07-25,1,2,0,0,1466.3,Raphael Pessoa,10,7,0,9
fc169c387b4b465d,Raquel Pennington,1988-09-05,170.2,170.2,Orthodox,Women's Bantamweight,2013-11-30,2024-10-05,13,6,0,0,1714.7,Raquel Pennington,16,9,0,6
d1528ac5675558b1,Rashad Coulter,1981-11-27,180.3,193.0,Orthodox,Light Heavyweight,2017-05-13,2018-11-24,1,3,0,0,1425.5,Rashad Coulter,9,5,0,9
ee779c43a8926d52,Rashad Evans,1979-09-25,182.9,190.5,Orthodox,Light Heavyweight,2005-11-05,2018-06-09,14,8,1,0,1593.3,Rashad Evans,20,8,1,3
7ea1f74cef32f906,Rashid Magomedov,1984-11-29,175.3,177.8,Orthodox,Lightweight,2014-02-01,2017-04-15,5,1,0,0,1644.0,Rashid Magomedov,26,6,1,16
fe2babf95de24fb1,Raul Rosas Jr.,2004-10-08,175.3,170.2,Switch,Bantamweight,2022-12-10,2026-03-07,6,1,0,0,1658.7,Raul Rosas Jr.,12,1,0,6
82b4e942781b1046,Raulian Paiva,1995-10-17,172.7,175.3,Orthodox,Bantamweight,2019-02-09,2022-06-25,3,4,0,0,1478.9,Raulian Paiva,23,6,2,19
4948e412fa6ab67d,Ravena Oliveira,1997-02-20,165.1,165.1,Orthodox,Women's Flyweight,2023-10-14,2026-08-08,0,4,0,0,1364.8,,,,,
a4de54ea806fb525,Ray Borg,1993-08-04,162.6,160.0,Orthodox,Bantamweight,2014-04-19,2020-05-13,7,5,0,0,1612.0,Ray Borg,16,5,0,6
90e0985df05e51bc,Ray Rodriguez,1987-12-10,170.2,177.8,Orthodox,Bantamweight,2020-09-05,2021-03-13,0,2,0,0,1443.7,,,,,
ea0ad155451ed1f5,Ray Wizard,,,,,,1994-03-11,1994-03-11,0,1,0,0,1452.8,,,,,
02bb48869eb7ac8f,Rayanne dos Santos,1995-06-08,157.5,157.5,Orthodox,Women's Strawweight,2023-12-09,2025-05-31,0,3,0,0,1418.1,Rayanne dos Santos,14,9,0,20
38b50fd1e1b5b656,Razak Al-Hassan,1982-05-14,188.0,,Orthodox,Light Heavyweight,2008-12-10,2009-10-24,0,2,0,0,1440.0,,,,,
46e2ca71fd5089cb,Reese Andy,1973-03-31,182.9,,Orthodox,Light Heavyweight,2008-07-19,2008-12-27,0,2,0,0,1440.9,Reese Andy,7,3,0,8
9f5609dba6584ab2,Regina Tarin,2004-10-19,170.2,167.6,Southpaw,Women's Flyweight,2026-02-28,2026-09-12,2,0,0,0,1586.5,,,,,
f9081770e28ea2e1,Reginaldo Vieira,1982-11-26,170.2,165.1,Orthodox,Bantamweight,2015-08-01,2017-02-19,1,2,0,0,1462.3,,,,,
2f43a3e82661fa99,Rei Tsuruya,2002-06-22,167.6,172.7,Orthodox,Flyweight,2024-06-29,2026-08-29,3,1,0,0,1571.5,,,,,
d549cefc7c54ab78,Reinier de Ridder,1990-09-07,193.0,198.1,Southpaw,Light Heavyweight,2024-11-09,2026-08-22,5,2,0,0,1655.1,Reinier de Ridder,22,4,0,19
749685d24e2cac50,Remco Pardoel,1969-05-23,190.5,,Southpaw,,1994-03-11,1995-09-08,3,2,0,0,1549.3,,,,,
2c99576fefe53c7c,Renan Barao,1987-01-31,167.6,177.8,Orthodox,Featherweight,2011-05-28,2019-11-16,9,8,0,0,1452.3,Renan Barão,34,10,1,27
b6452706b373eea1,Renato Moicano,1989-05-21,180.3,182.9,Orthodox,Lightweight,2014-12-20,2026-04-04,13,7,0,0,1735.7,Renato Moicano,20,7,1,9
d468288756ae3982,Renato Sobral,1975-09-07,185.4,190.5,Orthodox,Light Heavyweight,2000-11-17,2007-08-25,6,4,0,0,1587.3,Renato Sobral,37,12,0,18
c24b1db4b809d41b,Renato Verissimo,1973-08-03,185.4,,Orthodox,Welterweight,2004-01-31,2004-10-22,1,2,0,0,1479.4,Renato Verissimo,7,5,0,4
44bc27bfa76dcd9e,Renee Forte,1987-03-27,170.2,180.3,Orthodox,Lightweight,2012-10-13,2014-03-15,1,3,0,0,1437.6,Renée Forte,8,4,0,8
aae0897825336b1a,Renzo Gracie,1967-03-11,177.8,,Orthodox,Welterweight,2010-04-10,2010-04-10,0,1,0,0,1482.1,Renzo Gracie,14,7,1,18
4417980b3e798abf,Reuben Duran,1983-07-02,170.2,180.3,Orthodox,Bantamweight,2011-03-03,2013-03-16,1,3,0,0,1435.5,Reuben Duran,11,7,1,10
b5ea750025697880,Rex Holman,,190.5,,Southpaw,Light Heavyweight,2007-03-03,2007-03-03,0,1,0,0,1468.5,,,,,
e25bcbcdaf6537a1,Reza Madadi,1978-06-20,180.3,185.4,Orthodox,Lightweight,2012-04-14,2017-05-28,3,4,0,0,1502.9,Reza Madadi,14,6,0,13
d41937647eae9a34,Reza Nasri,,180.3,,Orthodox,,1996-09-20,1996-09-20,0,1,0,0,1461.5,,,,,
f748267c4ab6c127,Rhys McKee,1995-09-10,188.0,198.1,Orthodox,Welterweight,2020-07-25,2025-09-06,1,5,0,0,1407.1,Rhys McKee,15,7,1,13
aa6e591c2a2cdecd,Ricardo Abreu,1984-04-27,180.3,,Orthodox,Middleweight,2014-05-31,2015-06-06,1,1,0,0,1515.2,,,,,
91186547a7f3f758,Ricardo Almeida,1976-11-29,182.9,188.0,Orthodox,Welterweight,2001-05-04,2011-03-19,6,5,0,0,1578.7,Ricardo Almeida,13,5,0,1
e9e1acc96536bb4f,Ricardo Funch,1980-08-14,177.8,188.0,Southpaw,Welterweight,2009-12-12,2012-06-22,0,4,0,0,1374.2,Ricardo Funch,9,6,0,7
3974fa35c917af1d,Ricardo Lamas,1982-05-21,172.7,180.3,Orthodox,Featherweight,2011-06-26,2020-08-29,11,6,0,0,1664.8,Ricardo Lamas,20,8,0,11
1ae8f3c723aacff4,Ricardo Ramos,1995-08-01,175.3,182.9,Orthodox,Featherweight,2017-02-04,2025-10-11,8,7,0,0,1447.1,Ricardo Ramos (fighter),17,8,0,10
744e098e065cfdbe,Ricardo Romero,1978-04-15,182.9,193.0,Orthodox,Light Heavyweight,2010-07-03,2011-09-24,1,2,0,0,1451.6,Ricardo Romero (fighter),11,3,0,11
50cc91ce2982785d,Ricco Rodriguez,1977-08-19,193.0,,Orthodox,Heavyweight,2001-06-29,2003-11-21,5,2,0,0,1583.1,Ricco Rodriguez,54,27,0,10
210935fd21670f6d,Rich Attonito,1977-06-16,177.8,182.9,Orthodox,Welterweight,2010-06-19,2011-12-10,3,2,0,0,1521.1,Rich Attonito,10,5,0,10
7d21de9c6d7c98b2,Rich Clementi,1976-03-31,175.3,182.9,Southpaw,Lightweight,2003-02-28,2009-02-07,5,5,0,0,1501.4,Rich Clementi,45,23,1,19
d897897060f10a3a,Rich Franklin,1974-10-05,185.4,193.0,Southpaw,Middleweight,2003-04-25,2012-11-10,14,6,0,0,1643.6,Rich Franklin,29,7,0,12
22ee260735da0d58,Richard Crunkilton,1979-11-25,170.2,,Orthodox,Lightweight,2003-04-25,2003-04-25,0,1,0,0,1460.0,Richard Crunkilton,19,4,0,11
303a05a7aa3ff761,Richard Walsh,1988-12-01,182.9,185.4,Orthodox,Welterweight,2014-04-16,2016-11-26,2,4,0,0,1437.7,Richard Walsh (fighter),9,4,0,8
9147679e1a4ad4a3,Richardson Moreira,1984-03-31,188.0,,Orthodox,Middleweight,2014-05-31,2015-01-31,0,2,0,0,1442.3,,,,,
318e629d1eb7aa49,Richie Hightower,1974-11-26,172.7,,Orthodox,Welterweight,2007-12-08,2007-12-08,0,1,0,0,1460.0,,,,,
abde3388a589103c,Richie Miranda,1994-08-12,172.7,190.5,Southpaw,Lightweight,2026-08-08,2026-08-08,0,1,0,0,1464.3,,,,,
f75c5ca0d91b9115,Richie Smullen,1991-08-17,175.3,172.7,Orthodox,Lightweight,2018-07-06,2018-07-06,0,1,0,0,1460.0,,,,,
54578e5927adea53,Richie Vaculik,1983-06-19,167.6,175.3,Orthodox,Flyweight,2013-12-06,2015-11-14,1,3,0,0,1417.8,Richie Vaculik,10,4,0,10
2549d63da9c456cb,Rick Davis,,175.3,,Orthodox,Lightweight,2006-05-27,2006-05-27,0,1,0,0,1458.9,,,,,
5b5307450405abf0,Rick Story,1984-08-28,175.3,180.3,Southpaw,Welterweight,2009-06-13,2016-08-20,12,7,0,0,1676.0,Rick Story,21,10,0,9
814ff3018127e8fc,Ricky Glenn,1989-04-12,182.9,177.8,Southpaw,Welterweight,2016-09-17,2024-08-17,4,6,1,0,1436.0,Ricky Glenn,22,9,2,22
9b1e3fb4f8cbd5b7,Ricky Rainey,1983-06-29,185.4,195.6,Switch,Welterweight,2018-04-14,2018-11-30,0,2,0,0,1430.0,Ricky Rainey,13,6,0,17
5987b2458f4b5290,Ricky Simon,1992-08-31,167.6,175.3,Orthodox,Bantamweight,2018-04-21,2026-03-28,10,6,1,0,1607.2,Ricky Simón,22,7,1,13
cd3d7e37ff2d679c,Ricky Turcios,1993-06-05,175.3,180.3,Orthodox,Featherweight,2021-08-28,2026-03-07,2,4,0,0,1387.8,,,,,
7c35f869033901ae,Riki Fukuda,1981-01-06,182.9,185.4,Southpaw,Middleweight,2011-02-26,2013-03-02,2,3,0,0,1471.5,Riki Fukuda,24,9,0,21
f9ae6914f604aa9f,Rin Nakai,1986-10-22,154.9,,Orthodox,Women's Bantamweight,2014-09-20,2016-03-19,0,2,0,0,1417.5,Rin Nakai,29,2,1,17
8f765fd5775a8873,Rinat Fakhretdinov,1991-09-28,182.9,188.0,Orthodox,Welterweight,2022-06-04,2025-09-06,6,0,1,0,1705.5,Rinat Fakhretdinov,24,1,1,18
d8c811df0386d5e8,Rinya Nakamura,1995-03-23,170.2,172.7,Southpaw,Bantamweight,2023-02-04,2025-08-02,4,1,0,0,1583.6,Rinya Nakamura,10,1,0,6
739fd4fbb5d862f4,Rizvan Kuniev,1992-03-10,193.0,193.0,Orthodox,Heavyweight,2025-06-21,2026-07-25,2,1,0,0,1597.1,Rizvan Kuniev,14,3,1,16
1c86754617d9813a,Roan Carneiro,1978-06-02,180.3,193.0,Orthodox,Welterweight,2007-04-05,2017-02-11,4,5,0,0,1509.5,Roan Carneiro,22,13,0,13
a7d687e6ecb30981,Rob Broughton,1983-03-03,188.0,188.0,Orthodox,Heavyweight,2010-10-16,2011-11-05,1,2,0,0,1465.9,Rob Broughton,16,7,1,20
dc0f07928009a127,Rob Emerson,1981-07-30,175.3,177.8,Orthodox,Lightweight,2007-06-23,2010-03-31,3,3,0,1,1467.1,Rob Emerson,21,15,0,13
05339613bf8e9808,Rob Font,1987-06-25,172.7,180.3,Orthodox,Bantamweight,2014-07-05,2026-03-07,12,9,0,0,1596.7,Rob Font,22,10,0,11
054defd5420a551f,Rob Kimmons,1981-01-30,177.8,185.4,Orthodox,Middleweight,2008-06-21,2011-03-03,3,4,0,0,1442.7,Rob Kimmons,25,9,0,23
f3388d2cf7ab3f64,Rob MacDonald,1978-09-05,190.5,198.1,Orthodox,Light Heavyweight,2006-03-04,2006-08-26,1,2,0,0,1464.1,Rob MacDonald,5,4,0,3
826475cc758e60e6,Rob Wilkinson,1992-02-22,190.5,203.2,Orthodox,Middleweight,2017-09-02,2018-02-10,0,2,0,0,1426.9,Rob Wilkinson,20,5,0,11
42078a86d3dd037b,Rob Yundt,1980-05-05,185.4,,Orthodox,Middleweight,2008-02-02,2008-06-21,0,2,0,0,1421.1,,,,,
f2925e6db404bf1d,Robbie Lawler,1982-03-20,180.3,188.0,Southpaw,Welterweight,2002-05-10,2023-07-08,15,10,0,0,1647.2,Robbie Lawler,30,16,0,4
140567899d98978a,Robelis Despaigne,1988-08-09,200.7,213.4,Orthodox,Heavyweight,2024-03-09,2026-09-19,2,2,0,0,1469.4,Robelis Despaigne,7,2,0,4
f96856f9d69fd7e4,Robert Bryczek,1990-07-04,182.9,190.5,Orthodox,Middleweight,2024-02-10,2026-05-02,1,2,0,0,1478.6,Robert Bryczek,18,7,0,22
d2a9be6bf2de624c,Robert Drysdale,1981-10-05,190.5,,Orthodox,Light Heavyweight,2014-07-06,2014-07-06,0,0,0,1,1500.0,Robert Drysdale,7,0,0,6
96087e90d900f0ef,Robert Lucarelli,,188.0,,,,1994-03-11,1994-03-11,0,1,0,0,1460.0,,,,,
5cafbc97dba2e797,Robert McDaniel,1983-05-03,190.5,190.5,Southpaw,Middleweight,2013-04-13,2014-03-15,1,2,0,0,1466.9,Bubba McDaniel,31,10,0,26
960d6cae8879ba2b,Robert Peralta,1986-03-14,172.7,180.3,Orthodox,Featherweight,2011-09-17,2015-04-04,4,3,0,1,1505.8,Robbie Peralta,19,9,0,17
92aed9d16794f42b,Robert Ruchala,1998-05-15,172.7,182.9,Switch,Featherweight,2025-09-06,2026-04-04,0,2,0,0,1432.6,,,,,
546f8599a63c29da,Robert Sanchez,1986-03-05,167.6,167.6,Orthodox,Flyweight,2017-08-05,2018-09-08,1,2,0,0,1475.7,,,,,
0cd0456d6029cec2,Robert Valentin,1995-03-31,188.0,195.6,Orthodox,Middleweight,2024-08-24,2026-08-01,2,3,0,0,1498.9,,,,,
1dafccb62a0f98ec,Robert Whiteford,1983-04-12,175.3,175.3,Southpaw,Featherweight,2013-10-26,2016-04-10,2,3,0,0,1485.4,Rob Whiteford,17,5,0,11
e1147d3d2dabe1ce,Robert Whittaker,1990-12-20,182.9,185.4,Orthodox,Light Heavyweight,2012-12-14,2026-07-11,18,7,0,0,1798.6,Robert Whittaker (fighter),27,9,0,11
15ea371202eb25e1,Roberto Romero,2000-01-30,172.7,177.8,Orthodox,Featherweight,2024-11-16,2025-04-26,0,2,0,0,1427.8,,,,,
20ec0061400178ca,Roberto Traven,1968-09-16,190.5,,Orthodox,Heavyweight,1996-09-20,2001-11-02,1,1,0,0,1495.4,Roberto Traven,6,4,1,0
0d1c163b206e8c5f,Rocky Lee,1987-04-08,175.3,,Orthodox,Featherweight,2015-04-11,2015-04-11,0,1,0,0,1460.0,,,,,
b9415726dc3ec526,Rodney Wallace,1981-11-21,175.3,182.9,Switch,Light Heavyweight,2009-12-05,2010-08-07,0,3,0,0,1398.5,Rodney Wallace (fighter),26,16,1,9
69898645d600abdb,Rodolfo Bellato,1996-02-05,190.5,190.5,Orthodox,Light Heavyweight,2023-12-02,2026-03-07,2,1,1,1,1540.1,,,,,
c4731f43693b96b8,Rodolfo Rubio Perez,1987-01-29,165.1,,Orthodox,Featherweight,2014-11-08,2014-11-08,0,1,0,0,1460.0,,,,,
260e9e0d4954aea6,Rodolfo Vieira,1989-09-25,182.9,185.4,Orthodox,Middleweight,2019-08-10,2026-04-25,6,5,0,0,1501.0,Rodolfo Vieira,11,5,0,5
a20d7dfaba74c067,Rodrigo Damm,1980-02-03,170.2,180.3,Orthodox,Lightweight,2012-06-23,2015-01-03,3,4,0,0,1453.4,Rodrigo Damm,12,9,0,14
d31a5546c0e9b213,Rodrigo Nascimento,1992-11-26,188.0,203.2,Orthodox,Heavyweight,2020-05-16,2024-11-02,4,3,0,1,1514.1,Rodrigo Nascimento,12,5,0,7
94070f6544c4b2a5,Rodrigo Ruas,1977-10-06,177.8,,Orthodox,Middleweight,2002-06-22,2002-06-22,0,1,0,0,1459.5,,,,,
c06d6b18862f9a53,Rodrigo Sezinando,1997-12-11,175.3,180.3,Orthodox,Welterweight,2025-09-13,2025-09-13,0,1,0,0,1460.0,,,,,
2b266e623e20737a,Rodrigo Vera,1995-10-18,172.7,172.7,Orthodox,Featherweight,2026-05-30,2026-05-30,1,0,0,0,1540.0,,,,,
a4dc47001f202bcd,Rodrigo de Lima,1991-03-12,170.2,,Orthodox,Lightweight,2014-06-28,2015-02-14,0,2,0,0,1420.2,,,,,
3b9f723e2720a238,Roger Bowling,1982-12-05,175.3,172.7,Orthodox,Lightweight,2013-04-20,2013-12-14,0,2,0,1,1425.5,Roger Bowling (fighter),12,6,0,14
a6bbd3df469c6bea,Roger Gracie,1981-09-26,193.0,200.7,Orthodox,Middleweight,2013-07-06,2013-07-06,0,1,0,0,1460.0,Roger Gracie,8,2,0,7
27d65e9d0fba61ea,Roger Hollett,1978-10-08,180.3,,Orthodox,Light Heavyweight,2012-09-22,2013-05-18,0,2,0,0,1429.8,Roger Hollett,13,5,0,16
daf1b84aebd6602b,Roger Huerta,1983-05-20,175.3,177.8,Orthodox,Lightweight,2006-09-23,2009-09-16,6,2,0,0,1625.6,Roger Huerta,24,14,1,12
3a12a2f096a6d975,Roger Narvaez,1983-09-09,190.5,,Southpaw,Middleweight,2014-06-07,2015-03-14,1,2,0,0,1454.1,Roger Narvaez,8,4,0,6
fe5ca7ef93c3f6a7,Roger Zapata,1986-05-09,180.3,,Southpaw,Welterweight,2015-09-26,2015-09-26,0,1,0,0,1455.4,,,,,
07a2bdaa0afdd831,Rogerio Bontorin,1992-04-25,165.1,170.2,Orthodox,Flyweight,2019-02-02,2022-01-15,2,3,0,1,1463.4,,,,,
73e09f837f3b5ecc,Rogerio Nogueira,1976-06-02,188.0,190.5,Southpaw,Light Heavyweight,2009-11-21,2020-07-25,6,7,0,0,1547.6,,,,,
173acb3f920082b8,Roland Delorme,1983-12-18,175.3,180.3,Orthodox,Bantamweight,2011-12-03,2014-08-23,3,3,0,1,1488.8,Roland Delorme,10,6,0,9
2e04a3b4a2011b97,Roland Payne,,175.3,,Orthodox,,1994-09-09,1994-09-09,0,1,0,0,1455.4,,,,,
40a456a25d52ee65,Rolando Bedoya,1997-01-13,180.3,188.0,Orthodox,Lightweight,2023-05-06,2025-09-27,0,4,0,0,1378.9,,,,,
37b1696e6d115957,Rolando Delgado,1981-11-22,190.5,195.6,Orthodox,Lightweight,2008-12-13,2009-11-14,1,2,0,0,1457.0,Rolando Delgado,11,6,1,11
55ed59d541f8b90c,Rolando Dy,1990-08-11,172.7,175.3,Orthodox,Featherweight,2017-06-17,2018-06-23,1,3,0,0,1430.0,Rolando Dy,15,13,0,13
57887765f831e228,Roldan Sangcha'an,1990-12-04,162.6,,Orthodox,Flyweight,2014-06-28,2015-05-16,0,2,0,0,1412.7,,,,,
e4a9dbade7c7e1a7,Rolles Gracie,1978-07-14,193.0,,Orthodox,Heavyweight,2010-02-06,2010-02-06,0,1,0,0,1460.0,Rolles Gracie Jr.,8,4,0,3
d61316139d68dbe3,Roman Bogatov,1990-12-15,172.7,185.4,Orthodox,Lightweight,2020-07-11,2020-07-11,0,1,0,0,1480.0,,,,,
327d5f279895110d,Roman Dolidze,1988-07-15,188.0,193.0,Orthodox,Light Heavyweight,2020-07-18,2026-08-22,9,6,0,0,1612.1,Roman Dolidze,15,6,0,6
9d83f6da776ff7d6,Roman Kopylov,1992-05-04,182.9,190.5,Southpaw,Middleweight,2019-11-09,2026-05-09,7,5,0,0,1589.5,Roman Kopylov,15,5,0,8
2961be02cfb0d2c1,Roman Mitichyan,1978-09-04,177.8,,Orthodox,Welterweight,2007-12-08,2008-04-02,1,1,0,0,1500.0,Roman Mitichyan,8,3,0,5
72c4b253d2f5ebf2,Roman Salazar,1988-02-21,170.2,,Orthodox,Bantamweight,2014-10-04,2015-08-08,0,2,0,1,1428.4,Roman Salazar,14,10,0,11
73ef22f25d0f70e2,Romie Aram,1977-12-02,177.8,,Orthodox,Welterweight,2003-04-25,2003-04-25,0,1,0,0,1460.0,,,,,
453ee00c3e1ae9dd,Ron Faircloth,1979-08-16,175.3,,Orthodox,Light Heavyweight,2005-10-07,2005-10-07,0,0,0,1,1500.0,,,,,
6dd758d34da8d254,Ron Stallings,1983-01-25,188.0,190.5,Southpaw,Middleweight,2015-01-18,2015-09-05,1,2,0,0,1460.8,Ron Stallings,15,8,0,19
efaf544314bb5c2e,Ron Waterman,1965-11-23,188.0,,Orthodox,Heavyweight,1999-05-07,2000-04-14,2,1,1,0,1532.0,Ron Waterman,16,6,2,3
23ab42947c1990e3,Ron van Clief,1943-01-25,177.8,,Orthodox,,1994-12-16,1994-12-16,0,1,0,0,1483.3,Ron van Clief,0,1,0,0
b9e871af730f826c,Ronald Jhun,1970-09-21,180.3,,Orthodox,Welterweight,2004-08-21,2004-08-21,0,1,0,0,1456.1,Ronald Jhun,24,26,2,34
f2900678e98f6d6a,Ronaldo Rodriguez,1999-05-07,167.6,165.1,Orthodox,Flyweight,2024-02-24,2025-03-29,2,1,0,0,1505.4,,,,,
8bdac25ce0bb874d,Ronda Rousey,1987-02-01,170.2,167.6,Orthodox,Women's Bantamweight,2013-02-23,2016-12-30,6,2,0,0,1615.2,Ronda Rousey,13,2,0,6
a13d755965a4ec9f,Rongzhu,2000-03-07,175.3,180.3,Orthodox,Lightweight,2021-04-24,2026-09-12,4,3,0,0,1573.1,,,,,
e7e01e266a9d4342,Ronnie Lawrence,1992-06-13,172.7,172.7,Switch,Bantamweight,2021-02-27,2023-06-17,2,1,0,1,1529.8,,,,,
bd21a1e3d41c97ee,Ronny Markes,1988-04-21,185.4,190.5,Orthodox,Middleweight,2011-08-14,2014-03-23,3,2,0,0,1508.8,Ronny Markes,25,12,0,12
b71ce838b01f2cad,Rony Jason,1984-03-21,170.2,185.4,Orthodox,Featherweight,2012-06-23,2017-03-11,4,4,0,1,1511.1,Rony Jason,18,12,0,13
cce79e827569f26e,Ronys Torres,1975-08-13,170.2,,Orthodox,Lightweight,2010-02-06,2010-03-31,0,2,0,0,1439.8,,,,,
37c5366d18ed6c05,Roosevelt Roberts,1994-02-11,188.0,185.4,Orthodox,Lightweight,2018-11-30,2024-09-28,4,5,0,1,1459.9,Roosevelt Roberts,12,5,0,6
2c5a0b8317f8f27a,Roque Martinez,1986-03-04,177.8,182.9,Orthodox,Heavyweight,2020-09-12,2021-06-19,0,3,0,0,1398.6,Roque Martinez,19,11,2,22
cbd5d3cdd862e90e,Rory MacDonald,1989-07-22,182.9,193.0,Orthodox,Welterweight,2010-01-11,2016-06-18,9,4,0,0,1698.0,Rory MacDonald (fighter),23,10,1,9
23a16ebe733e3041,Rory Markham,1982-03-25,182.9,180.3,Orthodox,Welterweight,2008-07-19,2010-03-27,1,2,0,0,1469.9,Rory Markham,16,6,0,19
546015aa2ad945fd,Rory Singer,1976-05-28,188.0,195.6,Orthodox,Middleweight,2006-06-24,2007-06-16,2,2,0,0,1495.0,Rory Singer,11,9,0,13
47b63240018d5d86,Rose Namajunas,1992-06-29,165.1,165.1,Orthodox,Women's Flyweight,2014-12-12,2026-01-24,12,7,0,0,1703.8,Rose Namajunas,14,8,0,3
5dfe71ade71f3a4b,Rosi Sexton,1977-07-16,160.0,,Orthodox,Women's Bantamweight,2013-06-15,2013-10-26,0,2,0,0,1419.5,Rosi Sexton,13,5,0,15
4f732e58ed907eff,Ross Pearson,1984-09-26,172.7,175.3,Orthodox,Lightweight,2009-06-20,2019-03-30,12,13,0,1,1427.1,Ross Pearson,20,16,1,11
7215953cd5c6254d,Ross Pointon,1980-02-18,172.7,,Orthodox,Welterweight,2006-06-24,2007-01-25,0,2,0,0,1415.7,,,,,
1fc64507a0cb38cf,Rostem Akman,1991-12-19,177.8,182.9,Switch,Welterweight,2019-06-01,2019-10-05,0,2,0,0,1435.8,,,,,
8ddf9c51c5fdea75,Rousimar Palhares,1980-02-26,172.7,180.3,Orthodox,Welterweight,2008-05-24,2013-10-09,8,4,0,0,1629.3,Rousimar Palhares,19,13,1,9
4498b382c65a7faa,Roxanne Modafferi,1982-09-24,170.2,175.3,Orthodox,Women's Flyweight,2013-11-30,2022-02-12,4,8,0,0,1432.5,Roxanne Modafferi,25,20,0,25
3f7c14c7eca7195d,Roy Nelson,1976-06-20,182.9,185.4,Orthodox,Heavyweight,2009-12-05,2017-04-15,9,10,0,0,1525.8,Roy Nelson,24,20,0,16
669a3cb6e394f515,Royce Alger,1965-03-06,177.8,,Orthodox,Middleweight,1997-05-30,1999-07-16,0,2,0,0,1424.6,Royce Alger,3,2,0,0
429e7d3725852ce9,Royce Gracie,1966-12-12,185.4,,Southpaw,,1993-11-12,2006-05-27,11,1,1,0,1725.1,,,,,
b9c03e7a4557e542,Royston Wee,1986-11-15,170.2,170.2,Orthodox,Bantamweight,2014-01-04,2015-05-16,2,1,0,0,1515.7,Royston Wee,4,1,0,2
7e208569469c8bc8,Ruan Potts,1978-02-23,188.0,190.5,Orthodox,Heavyweight,2014-05-10,2015-02-28,0,3,0,0,1397.2,Ruan Potts,11,7,0,9
02d276b7d62b3472,Rudyard Moncayo,1973-05-17,177.8,,Orthodox,,1995-07-14,1995-07-14,0,1,0,0,1467.6,,,,,
369e1ce458ef50a6,Ruslan Magomedov,1986-11-26,190.5,198.1,Orthodox,Heavyweight,2014-05-31,2015-10-03,3,0,0,0,1620.7,Ruslan Magomedov,15,4,0,10
f50d95223751e6ca,Russell Doane,1986-08-13,170.2,177.8,Orthodox,Bantamweight,2014-01-04,2018-02-24,3,5,0,0,1439.3,Russell Doane,17,9,0,16
9b7694d064a8a0ad,Rustam Khabilov,1986-11-04,172.7,185.4,Orthodox,Welterweight,2012-12-15,2019-11-09,10,3,0,0,1712.8,Rustam Khabilov,24,4,0,15
c0ab242c40decc55,Ryan Bader,1983-06-07,188.0,188.0,Orthodox,Light Heavyweight,2008-12-13,2016-11-19,15,5,0,0,1781.9,Ryan Bader,31,8,0,7
20999e27ddd94bda,Ryan Benoit,1989-08-25,165.1,172.7,Orthodox,Flyweight,2013-11-30,2021-07-31,3,6,0,0,1408.3,Ryan Benoit,10,7,0,9
46fd223e3ced39b3,Ryan Couture,1982-08-27,177.8,185.4,Orthodox,Lightweight,2013-04-06,2013-08-31,0,2,0,0,1431.4,Ryan Couture,11,6,0,7
e463ce0a2ca474f4,Ryan Gandra,1995-05-08,185.4,188.0,Orthodox,Middleweight,2026-02-28,2026-09-19,3,0,0,0,1598.6,,,,,
8866c6f509c19089,Ryan Hall,1985-02-22,177.8,177.8,Southpaw,Featherweight,2015-12-11,2021-12-11,5,1,0,0,1645.3,Ryan Hall (fighter),9,2,0,5
b59037262c8fe060,Ryan Janes,1981-08-22,190.5,193.0,Orthodox,Middleweight,2016-12-09,2017-12-01,2,2,0,0,1509.2,Ryan Janes,9,3,0,9
aae99701b21554e4,Ryan Jensen,1977-09-20,185.4,193.0,Orthodox,Middleweight,2007-08-25,2011-04-30,2,6,0,0,1394.1,Ryan Jensen (fighter),21,8,0,12
bc3ec52ef70fc155,Ryan Jimmo,1981-11-27,185.4,185.4,Orthodox,Light Heavyweight,2012-07-21,2015-05-30,3,4,0,0,1477.1,Ryan Jimmo,19,5,0,17
d958ed9e5a08c849,Ryan Kuse,1994-06-24,172.7,180.3,Orthodox,Featherweight,2026-08-22,2026-08-22,0,1,0,0,1464.0,,,,,
4c7781da8c6cae93,Ryan LaFlare,1983-10-01,185.4,188.0,Southpaw,Welterweight,2013-04-06,2018-10-06,7,3,0,0,1628.3,Ryan LaFlare,14,2,0,7
d5bab53a1a603aac,Ryan Loder,1991-06-05,188.0,193.0,Southpaw,Middleweight,2024-08-24,2025-11-22,1,2,0,0,1463.1,,,,,
35e1f9984ed64206,Ryan MacDonald,1993-03-18,180.3,180.3,Switch,Bantamweight,2019-03-23,2019-09-14,0,2,0,0,1418.3,,,,,
a8d521d913df4e31,Ryan Madigan,,182.9,,Orthodox,Welterweight,2009-03-07,2009-03-07,0,1,0,0,1460.3,,,,,
1f9c371c93dfd3a9,Ryan McGillivray,1986-09-27,180.3,,,Welterweight,2011-06-04,2011-06-04,0,1,0,0,1460.0,,,,,
6a0b80a24f22e152,Ryan Parker,,190.5,,Southpaw,,1995-09-08,1995-09-08,0,1,0,0,1461.2,,,,,
35dc6220b113b7ec,Ryan Roberts,1978-07-16,167.6,,Orthodox,Lightweight,2008-04-02,2008-04-02,0,1,0,0,1461.9,Ryan Roberts (fighter),21,12,1,13
a67f5afa8d6a1b80,Ryan Spann,1991-08-24,195.6,200.7,Orthodox,Heavyweight,2018-09-22,2026-09-05,10,7,0,0,1570.9,Ryan Spann,24,12,0,19
b732b326c362fb62,Ryan Thomas,1984-11-05,182.9,,Orthodox,Welterweight,2008-08-09,2008-11-15,0,2,0,0,1431.4,Ryan Thomas (fighter),20,8,0,10
55a7b2d4e54ffac9,Ryo Chonan,1976-10-08,175.3,177.8,Orthodox,Welterweight,2007-11-17,2009-04-18,1,3,0,0,1446.4,Ryo Chonan,22,13,0,21
71f048adbfed5b49,Sabah Homasi,1988-10-19,182.9,182.9,Orthodox,Welterweight,2016-08-20,2018-01-20,0,3,0,0,1409.6,Sabah Homasi,18,12,0,16
70d2329a92864fdb,Sabina Mazo,1997-03-25,170.2,177.8,Orthodox,Women's Flyweight,2019-03-30,2022-03-12,3,4,0,0,1436.2,Sabina Mazo,9,4,0,6
21f2974fd08085e3,Saeed Hosseini,,,,,Lightweight,1997-05-30,1997-05-30,0,1,0,0,1454.9,,,,,
ed9d8ee3a4239b1c,Sage Northcutt,1996-03-01,182.9,180.3,Orthodox,Welterweight,2015-10-03,2018-07-14,6,2,0,0,1618.5,Sage Northcutt,12,3,0,5
efb9a43415a56d34,Sai Wang,1986-01-14,182.9,,Southpaw,Welterweight,2014-03-01,2014-08-23,1,1,0,0,1518.3,,,,,
0fd5f4b838e890cc,Said Nurmagomedov,1992-04-05,172.7,177.8,Orthodox,Bantamweight,2018-07-14,2025-07-26,7,4,0,0,1575.7,Said Nurmagomedov,18,5,0,12
50a28b9f8314e008,Saidyokub Kakhramonov,1995-11-14,172.7,175.3,Orthodox,Bantamweight,2021-08-21,2022-12-17,2,1,0,0,1555.0,,,,,
72ea1984c52019b5,Saimon Oliveira,1991-04-21,162.6,182.9,Orthodox,Bantamweight,2022-01-22,2025-10-11,0,4,0,0,1356.1,,,,,
9f7787e56a6bc0f4,Sako Chivitchian,1984-03-11,180.3,,Orthodox,Lightweight,2010-12-04,2010-12-04,0,1,0,0,1460.0,Sako Chivitchian,8,1,0,5
b3cb9dfccff3be76,Salahdine Parnasse,1997-12-04,177.8,180.3,Southpaw,Lightweight,2026-09-05,2026-09-05,1,0,0,0,1555.2,Salahdine Parnasse,24,2,0,23
cbf1c7ba5408a66f,Salim Touahri,1989-09-28,177.8,182.9,Orthodox,Welterweight,2017-10-21,2019-08-03,0,3,0,0,1418.6,Salim Touahri,11,4,0,11
0e9869d712e81f8f,Sam Adkins,1965-04-26,190.5,,Orthodox,,1996-02-16,1996-09-20,2,2,0,0,1501.8,Sam Adkins (fighter),7,20,2,0
d156513a19acf856,Sam Alvey,1986-05-06,188.0,190.5,Southpaw,Middleweight,2014-08-16,2022-08-06,10,13,1,0,1379.3,Sam Alvey,34,18,1,29
1f5f75658551f2d3,Sam Fulton,,,,,Heavyweight,1996-09-20,1997-07-27,0,2,0,0,1426.1,,,,,
84a067c46306a737,Sam Hoger,1980-06-28,188.0,,Orthodox,Light Heavyweight,2005-04-09,2007-02-03,2,3,0,0,1470.0,Sam Hoger,10,4,0,4
e94085e821bd81de,Sam Hughes,1992-06-28,165.1,162.6,Orthodox,Women's Strawweight,2020-12-12,2026-03-14,6,6,0,0,1503.8,Sam Hughes (fighter),11,7,0,6
8b6e5dc2ba1edbe7,Sam Patterson,1996-04-30,190.5,198.1,Orthodox,Welterweight,2023-03-18,2026-07-25,5,2,0,0,1627.5,,,,,
b8aef0faf4ce9b31,Sam Sicilia,1986-02-01,172.7,170.2,Orthodox,Featherweight,2012-06-01,2017-02-19,5,7,0,0,1436.2,Sam Sicilia,19,12,0,13
501b07aec9b8fc2d,Sam Stout,1984-04-23,175.3,177.8,Orthodox,Lightweight,2006-03-04,2015-08-23,9,11,0,0,1433.7,Sam Stout,20,12,1,10
2067a177a2842fbf,Sammy Morgan,1981-09-28,177.8,,Orthodox,Welterweight,2005-11-05,2006-08-17,0,2,0,0,1424.6,Sammy Morgan (fighter),19,12,0,22
1208ffc5be6e31ad,Samy Schiavo,1975-12-24,172.7,,Orthodox,Lightweight,2008-04-02,2008-10-18,0,2,0,0,1417.1,,,,,
e4bde462b043d3e1,Sanae Kikuta,1971-09-10,175.3,,Orthodox,Middleweight,2000-04-14,2000-04-14,1,0,0,0,1548.1,Sanae Kikuta,31,9,3,17
a264d4e9a4d6bfe4,Sangwook Kim,1993-10-17,182.9,180.3,Orthodox,Lightweight,2026-01-31,2026-01-31,0,1,0,0,1460.0,,,,,
faf317c665546a36,Santiago Luna,2004-08-06,175.3,188.0,Orthodox,Bantamweight,2025-09-13,2026-06-06,2,1,0,0,1540.5,Santiago Luna (fighter),8,1,0,6
6d1bffff14897645,Santiago Ponzinibbio,1986-09-26,182.9,185.4,Orthodox,Welterweight,2013-11-09,2026-07-25,12,9,0,0,1594.7,Santiago Ponzinibbio,29,10,0,17
88d7b6d8230e1f3f,Saparbeg Safarov,1986-10-14,185.4,198.1,Orthodox,Middleweight,2016-12-09,2020-03-07,1,3,0,0,1445.3,,,,,
7be74a12d7352df2,Sara McMann,1980-09-24,167.6,167.6,Orthodox,Women's Bantamweight,2013-04-27,2022-03-26,7,6,0,0,1570.4,Sara McMann,14,7,0,6
49b130de1da2e1bf,Sarah Alpar,1991-06-01,162.6,160.0,Southpaw,Women's Flyweight,2020-09-19,2021-09-18,0,2,0,0,1420.3,,,,,
1641ef250e9de19b,Sarah Frota,1987-04-14,167.6,175.3,Southpaw,Women's Flyweight,2019-02-02,2019-07-27,0,2,0,0,1450.2,,,,,
36df8e119aec6175,Sarah Kaufman,1985-09-20,165.1,167.6,Orthodox,Women's Bantamweight,2013-10-19,2015-12-19,1,2,0,1,1481.5,Sarah Kaufman,22,5,0,18
539ed332b3078821,Sarah Moras,1988-04-30,170.2,170.2,Orthodox,Women's Bantamweight,2014-07-06,2021-01-16,3,6,0,0,1385.4,Sarah Moras,6,7,0,4
a6c20202c701e5ca,Sasha Palatnikov,1989-03-15,185.4,182.9,Switch,Welterweight,2020-11-21,2021-08-21,1,2,0,0,1449.5,,,,,
d2b1c1317a39f6c6,Satoshi Honma,1968-05-19,185.4,,Orthodox,Heavyweight,2000-04-14,2000-04-14,0,1,0,0,1459.0,Satoshi Honma,4,6,3,11
de26d906f2874dd4,Saygid Izagakhmaev,1994-09-03,182.9,188.0,Orthodox,Welterweight,2025-11-22,2026-07-25,0,2,0,0,1448.1,,,,,
2620f3eb21c79614,Scott Adams,,182.9,,Southpaw,Heavyweight,2000-03-10,2000-03-10,1,0,0,0,1540.0,,,,,
06827d70c53ff0d9,Scott Askham,1988-05-20,190.5,190.5,Southpaw,Middleweight,2014-10-04,2017-03-18,2,4,0,0,1458.0,Scott Askham,20,7,0,12
7d5b12de1625984e,Scott Baker,,182.9,,,,1994-03-11,1994-03-11,0,1,0,0,1461.3,,,,,
3f24c96753dbd9f9,Scott Bessac,1965-10-05,193.0,,,,1995-09-08,1995-12-16,1,1,0,0,1495.6,,,,,
977081bc01197656,Scott Ferrozzo,1965-04-26,180.3,,Orthodox,Heavyweight,1996-02-16,1997-02-07,3,2,0,0,1541.8,Scott Ferrozzo,4,2,0,0
0ec821423baa26bd,Scott Fiedler,,193.0,,Orthodox,,1996-07-12,1996-07-12,0,1,0,0,1456.5,,,,,
df1eb4354d18a906,Scott Holtzman,1983-09-30,175.3,175.3,Orthodox,Lightweight,2015-08-08,2022-12-03,7,6,0,0,1538.7,Scott Holtzman,14,6,0,7
0b64d0fed453ef7f,Scott Jorgensen,1982-09-17,165.1,167.6,Orthodox,Bantamweight,2011-06-04,2015-11-21,4,8,0,0,1367.6,Scott Jorgensen,15,12,0,15
ac70a4f1db1b8c40,Scott Junk,1978-12-17,185.4,,Orthodox,Heavyweight,2007-09-22,2007-09-22,0,1,0,0,1460.5,,,,,
be9d259be012e8a4,Scott Morris,,177.8,,Orthodox,,1994-03-11,1994-03-11,1,1,0,0,1493.6,,,,,
3410cf010558dc8b,Scott Smith,1979-05-21,182.9,177.8,Orthodox,Middleweight,2006-04-15,2007-06-16,1,3,0,0,1416.4,Scott Smith (fighter),18,11,0,11
e741536153227386,Sean Alvarez,1971-07-14,182.9,,Orthodox,Heavyweight,2003-04-25,2003-04-25,0,1,0,0,1455.4,Sean Alvarez,4,3,0,6
45f7cb591c3ab00b,Sean Brady,1992-11-23,177.8,182.9,Orthodox,Welterweight,2019-10-18,2026-05-09,9,2,0,0,1812.6,Sean Brady (fighter),19,2,0,10
a683f9ddb70aa4bd,Sean Daugherty,1975-12-04,182.9,,,,1994-03-11,1994-03-11,0,1,0,0,1460.0,,,,,
6d7886b094b471ac,Sean Gannon,,190.5,,Southpaw,Heavyweight,2005-10-07,2005-10-07,0,1,0,0,1460.0,,,,,
41523699f37d400c,Sean King III,2003-10-17,180.3,182.9,Orthodox,Featherweight,2026-09-12,2026-09-12,1,0,0,0,1540.0,,,,,
008dc37cca279def,Sean McCorkle,1976-07-17,200.7,205.7,Orthodox,Heavyweight,2010-09-25,2011-03-26,1,2,0,0,1457.9,Sean McCorkle,20,7,0,12
cb52f9490c2dc069,Sean O'Connell,1983-09-02,185.4,188.0,Orthodox,Light Heavyweight,2014-04-16,2016-12-09,2,5,0,0,1430.5,Sean O'Connell (fighter),21,10,0,19
b50a426a33da0012,Sean O'Malley,1994-10-24,180.3,182.9,Switch,Bantamweight,2017-12-01,2026-06-14,12,3,0,1,1824.4,Sean O'Malley (fighter),20,3,0,8
0d506315895efffc,Sean Pierson,1976-03-10,182.9,193.0,Southpaw,Welterweight,2010-12-11,2013-06-15,4,2,0,0,1587.2,Sean Pierson,14,6,0,14
7c0847d3854a95f2,Sean Salmon,1977-09-11,177.8,,Southpaw,Light Heavyweight,2007-01-25,2007-05-26,0,2,0,0,1432.1,Sean Salmon,18,21,0,10
0f3a990526c5e706,Sean Sharaf,1993-07-11,190.5,195.6,Orthodox,Heavyweight,2024-10-12,2026-09-19,1,2,0,0,1471.3,,,,,
029880cdbf5ca089,Sean Sherk,1973-08-05,167.6,170.2,Orthodox,Lightweight,2001-02-23,2010-09-25,8,4,0,0,1646.2,Sean Sherk,36,4,1,10
bd5403efbaa445c0,Sean Soriano,1989-10-06,175.3,177.8,Orthodox,Featherweight,2014-01-04,2021-11-20,0,5,0,0,1338.1,Sean Soriano,15,9,0,8
ab850a77a0fa487d,Sean Spencer,1987-06-25,177.8,188.0,Orthodox,Welterweight,2013-01-26,2016-09-10,3,5,0,0,1434.1,Sean Spencer (fighter),12,7,0,10
0d8011111be000b2,Sean Strickland,1991-02-27,185.4,193.0,Orthodox,Middleweight,2014-03-15,2026-05-09,18,7,0,0,1825.6,Sean Strickland,31,7,0,13
4682bc59d5f55145,Sean Woodson,1992-06-07,188.0,198.1,Orthodox,Featherweight,2019-10-18,2026-08-29,8,2,1,0,1630.7,Sean Woodson,14,2,1,6
f201f21cf2c79eb2,Sebastian Szalay,1994-02-03,167.6,167.6,Orthodox,Featherweight,2026-01-31,2026-01-31,0,1,0,0,1460.0,,,,,
4e6738062d469256,Sedriques Dumas,1995-08-06,188.0,200.7,Orthodox,Middleweight,2023-03-11,2026-04-25,3,5,0,1,1401.4,,,,,
d5ed14b2153c6ed2,Semmy Schilt,1973-10-27,208.3,,Orthodox,Heavyweight,2001-05-04,2001-06-29,1,1,0,0,1500.9,Semmy Schilt,26,14,1,28
165c244bcca3ed26,Seo Hee Ham,1987-03-08,157.5,157.5,Southpaw,Women's Strawweight,2014-12-12,2016-11-26,1,3,0,0,1441.2,Seo Hee Ham,26,9,0,20
4a07b1988477502c,Seokhyeon Ko,1993-09-24,177.8,180.3,Southpaw,Welterweight,2025-06-21,2026-07-18,2,1,0,0,1546.4,,,,,
f14cf73e51b29254,Sergei Pavlovich,1992-05-13,190.5,213.4,Southpaw,Heavyweight,2018-11-24,2026-05-30,9,3,0,0,1770.1,Sergei Pavlovich,21,3,0,12
90da09db03e41748,Sergey Khandozhko,1992-05-19,185.4,188.0,Orthodox,Welterweight,2019-06-01,2022-04-23,2,1,0,0,1556.3,Sergey Khandozhko,27,6,1,31
2f6a993c7f547c13,Sergey Morozov,1989-06-14,167.6,170.2,Orthodox,Bantamweight,2021-01-20,2022-12-17,3,2,0,0,1549.7,Sergey Morozov (fighter),19,5,0,19
e2f6b2769aaedd6c,Serghei Spivac,1995-01-24,190.5,198.1,Orthodox,Heavyweight,2019-05-04,2026-08-22,9,7,0,0,1597.1,Serghei Spivac,18,7,0,9
1bcaac2d99b90fce,Sergio Moraes,1982-07-23,182.9,182.9,Orthodox,Welterweight,2012-06-23,2019-11-16,8,5,1,0,1557.5,Sérgio Moraes,14,7,1,7
de75d1c45a39e221,Sergio Pettis,1993-08-18,167.6,175.3,Orthodox,Flyweight,2013-11-16,2019-09-21,9,5,0,0,1601.7,Sergio Pettis,25,8,0,9
1a2bf44edb8055b6,Serhiy Sidey,1996-07-04,180.3,182.9,Switch,Bantamweight,2024-01-20,2025-05-03,2,1,0,0,1545.9,,,,,
fd5b6598a3b70c0a,Seth Baczynski,1981-10-26,190.5,190.5,Orthodox,Welterweight,2010-06-19,2015-04-11,5,6,0,0,1447.8,Seth Baczynski,22,18,0,19
93b9496275bbbf80,Seth Petruzelli,1979-12-03,182.9,193.0,Orthodox,Light Heavyweight,2006-10-10,2010-11-13,0,4,0,0,1364.9,Seth Petruzelli,14,8,0,9
adccbc19b22e19af,SeungGuk Choi,1996-12-26,167.6,162.6,Orthodox,Flyweight,2023-02-04,2023-02-04,0,1,0,0,1460.0,,,,,
a68575214ecad140,SeungWoo Choi,1992-11-03,182.9,188.0,Orthodox,Featherweight,2019-04-20,2025-03-15,4,7,0,0,1433.7,,,,,
e2b8186b618b00c4,Shamar Bailey,1982-09-22,175.3,190.5,Southpaw,Lightweight,2011-06-04,2011-11-19,1,2,0,0,1463.1,Shamar Bailey,16,11,0,14
2f5cbecbbe18bac4,Shamil Abdurakhimov,1981-09-02,190.5,193.0,Orthodox,Heavyweight,2015-04-04,2023-01-21,5,6,0,0,1485.6,Shamil Abdurakhimov,20,8,0,17
0d980975001ae3d8,Shamil Gamzatov,1990-08-09,188.0,193.0,Orthodox,Light Heavyweight,2019-11-09,2021-10-30,1,1,0,0,1480.7,Shamil Gamzatov,15,4,0,13
6747ccd6d1acd266,Shamil Gaziev,1990-02-10,193.0,198.1,Orthodox,Heavyweight,2023-12-16,2026-08-22,4,3,0,0,1568.3,Shamil Gaziev,15,3,0,11
122ac9b816d8b71c,Shana Dobson,1989-03-30,167.6,175.3,Orthodox,Women's Flyweight,2017-12-01,2021-02-20,2,4,0,0,1423.5,Shana Dobson,4,4,0,3
98d961097baaf308,Shane Burgos,1991-03-19,180.3,190.5,Orthodox,Featherweight,2016-12-09,2022-07-16,8,3,0,0,1643.2,Shane Burgos,16,5,0,7
784285b7ae7dd85f,Shane Campbell,1987-01-21,182.9,180.3,Orthodox,Lightweight,2015-04-25,2016-08-27,1,4,0,0,1409.0,Shane Campbell,24,8,0,13
68dd7b3783c19f9c,Shane Carwin,1975-01-04,188.0,203.2,Orthodox,Heavyweight,2008-05-24,2011-06-11,4,2,0,0,1595.3,Shane Carwin,12,1,0,8
70fc8214822b5a85,Shane Collins,2000-03-08,175.3,180.3,Orthodox,Featherweight,2026-06-20,2026-06-20,1,0,0,0,1540.0,,,,,
a7de976620f2ed13,Shane Howell,1983-11-28,172.7,,Orthodox,Flyweight,2014-06-28,2015-01-18,0,2,0,0,1422.1,Shane Howell,13,10,0,20
2db7fa8db6bc9632,Shane Nelson,1984-11-29,175.3,177.8,Southpaw,Lightweight,2008-12-13,2009-12-12,2,2,0,0,1463.7,Shane Nelson (fighter),16,7,0,13
5114f1b5ad4cdf72,Shane Primm,1984-07-30,190.5,,Orthodox,Light Heavyweight,2008-12-13,2008-12-13,0,1,0,0,1460.0,,,,,
75e0d3cc2262b732,Shane Roller,1979-07-14,177.8,182.9,Orthodox,Lightweight,2011-03-03,2012-10-05,2,4,0,0,1441.5,Shane Roller,11,7,0,12
4cd8b03aee1d0138,Shane Young,1993-07-31,172.7,182.9,Orthodox,Featherweight,2017-11-18,2023-09-09,2,5,0,0,1391.5,Shane Young,13,8,0,14
85980f5da429c0a6,Shane del Rosario,1983-09-23,193.0,,Southpaw,Heavyweight,2012-05-26,2012-12-15,0,2,0,0,1430.3,Shane del Rosario,11,2,0,11
cfbb3edab781dfd2,Shanelle Dyer,2001-04-23,167.6,165.1,Orthodox,Women's Strawweight,2026-03-21,2026-08-22,2,0,0,0,1564.2,,,,,
568bbad0eaced57c,Shanna Young,1991-02-20,170.2,165.1,Orthodox,Women's Flyweight,2020-02-15,2022-11-05,1,3,0,0,1433.4,Shanna Young,11,9,0,9
9f1641c08cf8fbe2,Shannon Gugerty,1981-12-30,177.8,180.3,Orthodox,Lightweight,2008-07-19,2010-03-21,2,3,0,0,1469.9,Shannon Gugerty,15,7,0,12
51c655162e462ceb,Shannon Ross,1989-05-12,167.6,167.6,Switch,Flyweight,2023-02-11,2023-12-09,0,3,0,0,1392.1,,,,,
06734ca9d88dec3a,Shara Magomedov,1994-05-16,188.0,185.4,Orthodox,Middleweight,2023-10-21,2026-06-27,6,1,0,0,1659.6,Sharabutdin Magomedov,17,1,0,11
9c442aaf149ea982,Shauna Bannon,1993-10-23,165.1,165.1,Switch,Women's Strawweight,2023-07-22,2026-05-16,2,3,0,0,1435.4,,,,,
01afe0916a40c7c5,Shavkat Rakhmonov,1994-10-23,185.4,195.6,Orthodox,Welterweight,2020-10-24,2024-12-07,7,0,0,0,1815.4,Shavkat Rakhmonov,19,0,0,12
ca2efc9d7d523c43,Shawn Jordan,1984-10-21,182.9,190.5,Southpaw,Heavyweight,2012-03-02,2015-10-03,6,4,0,0,1576.0,Shawn Jordan,19,9,0,15
0a73acff6325c1e2,Shayilan Nuerdanbieke,1994-05-04,172.7,175.3,Orthodox,Featherweight,2021-05-22,2024-06-15,3,3,0,0,1471.6,Shayilan Nuerdanbieke,39,12,0,45
8ef4a91ac694b7ce,Shayna Baszler,1980-08-08,170.2,,Orthodox,Women's Bantamweight,2014-08-30,2015-03-21,0,2,0,0,1434.1,Shayna Baszler,15,11,0,23
837d30395faca41e,Sheila Gaff,1989-12-29,165.1,,Orthodox,Women's Bantamweight,2013-04-27,2013-08-03,0,2,0,0,1424.6,Sheila Gaff,10,7,0,12
ec2d13a87d3d9541,Sheldon Westcott,1984-08-20,185.4,180.3,Southpaw,Welterweight,2014-04-16,2016-01-02,1,2,0,0,1457.4,Sheldon Westcott,9,3,1,10
52b6bf4528130e86,Shem Rock,1993-11-05,180.3,185.4,Southpaw,Lightweight,2025-11-22,2026-03-21,0,2,0,0,1426.6,,,,,
e670f8cc2969a789,Sherman Pendergarst,1967-08-01,185.4,,Orthodox,Heavyweight,2006-11-18,2006-11-18,0,1,0,0,1460.0,,,,,
0d62719b1dcf7c40,Sheymon Moraes,1990-10-11,172.7,182.9,Orthodox,Featherweight,2017-11-25,2019-07-13,2,3,0,0,1465.0,Sheymon Moraes,17,7,0,10
d683f4870742b273,Shi Ming,1994-11-14,157.5,152.4,Orthodox,Women's Strawweight,2024-11-23,2024-11-23,1,0,0,0,1540.0,,,,,
4665f9f909cd7214,Shinsho Anzai,1985-12-01,170.2,177.8,Orthodox,Welterweight,2014-08-23,2018-06-23,2,2,0,0,1515.4,Shinsho Anzai,9,6,0,7
7b6e40a73b567072,Shonie Carter,1972-05-03,177.8,,Southpaw,Welterweight,2000-03-10,2006-12-13,3,3,0,0,1484.4,Shonie Carter,51,32,7,17
10657c60ce349e0f,Shunichi Shimizu,1985-01-31,165.1,,Orthodox,Bantamweight,2014-01-04,2014-01-04,0,1,0,0,1455.3,,,,,
4234f0097c83fa62,Sijara Eubanks,1985-04-27,162.6,170.2,Orthodox,Women's Flyweight,2018-06-01,2021-12-18,5,5,0,0,1488.0,Sijara Eubanks,7,7,0,4
b4880ef2f838d4e1,Silvana Gomez Juarez,1984-12-06,160.0,165.1,Orthodox,Women's Strawweight,2021-10-09,2022-11-12,1,3,0,0,1422.8,Silvana Gómez Juárez,12,6,0,12
fea8acf9bfcf09ec,Simeon Thoresen,1984-03-14,185.4,200.7,Orthodox,Welterweight,2012-04-14,2013-01-26,1,2,0,0,1455.2,Simeon Thoresen,17,6,1,19
5898357a45a73674,Sione Latu,,182.9,,,Heavyweight,1999-03-05,1999-03-05,1,0,0,0,1540.0,,,,,
2525a853486ee670,Sirwan Kakai,1989-10-03,165.1,,Orthodox,Bantamweight,2015-06-27,2015-08-08,1,1,0,0,1514.0,,,,,
aec185309b4843d0,Siyar Bahadurzada,1984-04-17,180.3,185.4,Orthodox,Welterweight,2012-04-14,2019-09-28,4,4,0,0,1510.5,Siyar Bahadurzada,24,8,1,24
60029bcf496bd707,Soa Palelei,1977-07-12,193.0,205.7,Orthodox,Heavyweight,2007-12-29,2015-08-01,4,3,0,0,1519.3,Soa Palelei,22,5,0,9
94426bb170c88115,Sodiq Yusuff,1993-05-19,175.3,180.3,Orthodox,Lightweight,2018-12-01,2025-05-17,6,4,0,0,1555.9,Sodiq Yusuff,13,5,0,8
8b1b051038354655,Sofia Montenegro,1999-06-18,167.6,170.2,Orthodox,Women's Strawweight,2026-09-05,2026-09-05,0,1,0,0,1460.0,,,,,
155bfc7ed36622df,Solomon Hutcherson,1972-08-31,180.3,,Southpaw,Middleweight,2006-06-24,2006-06-24,0,1,0,0,1456.9,Solomon Hutcherson,11,7,0,10
32490e80ddab1e5a,Song Kenan,1990-03-10,182.9,180.3,Orthodox,Welterweight,2017-11-25,2024-11-23,6,5,0,0,1508.7,Song Kenan,22,9,0,20
efb96bf3e9ada36f,Song Yadong,1997-12-02,172.7,170.2,Orthodox,Bantamweight,2017-11-25,2026-08-29,13,4,1,0,1798.7,Song Yadong,24,9,1,17
f34312c2ccfa0e00,Spencer Fisher,1976-05-09,170.2,172.7,Southpaw,Lightweight,2005-10-03,2012-06-22,9,8,0,0,1475.4,Spencer Fisher,24,9,0,15
be68b375707dcb85,Spike Carlyle,1993-05-06,172.7,180.3,Switch,Featherweight,2020-02-29,2020-11-28,1,2,0,0,1457.2,Spike Carlyle,16,7,0,9
5be51426ff3c1929,Stan Dorsainvil,2000-05-12,175.3,193.0,Orthodox,Lightweight,2026-08-22,2026-08-22,1,0,0,0,1542.4,,,,,
1d4bbaabd8b60173,Stanislav Nedkov,1981-12-09,180.3,180.3,Orthodox,Light Heavyweight,2011-08-27,2015-01-24,1,2,0,1,1458.3,Stanislav Nedkov,12,2,0,11
348dff4e03bd18c6,Stefan Sekulic,1992-02-12,182.9,190.5,Southpaw,Welterweight,2018-09-15,2021-04-24,0,2,0,0,1453.5,,,,,
ebc1f40e00e0c481,Stefan Struve,1988-02-18,210.8,213.4,Orthodox,Heavyweight,2009-02-21,2020-10-24,13,11,0,0,1475.8,Stefan Struve,29,13,0,17
c6a33ff198aaaeeb,Stephan Bonnar,1977-04-04,193.0,200.7,Orthodox,Light Heavyweight,2005-04-09,2012-10-13,8,7,0,0,1598.9,Stephan Bonnar,15,9,0,8
5e6294b37bbef029,Stephanie Egger,1988-08-12,167.6,172.7,Orthodox,Women's Bantamweight,2020-10-10,2023-12-09,3,4,0,0,1465.1,Stephanie Egger,8,6,0,6
1b35af4d1529adf6,Stephanie Luciano,1999-12-16,167.6,165.1,Orthodox,Women's Strawweight,2024-08-10,2026-08-01,3,1,0,0,1586.3,,,,,
1cecc8fe6748a532,Stephen Bass,1982-11-14,175.3,,Orthodox,Featherweight,2011-12-03,2011-12-03,0,1,0,0,1460.0,,,,,
4a28cb716c19157a,Stephen Thompson,1983-02-11,182.9,190.5,Orthodox,Welterweight,2012-02-04,2025-07-12,12,9,1,0,1629.6,Stephen Thompson (fighter),17,9,1,5
21b1132949f2a9b0,Steve Berger,1973-05-20,180.3,,Orthodox,Welterweight,2001-05-04,2002-06-22,0,2,0,1,1429.1,Steve Berger,20,23,2,17
e023fa2e648ea0f1,Steve Bosse,1981-07-29,180.3,182.9,Orthodox,Light Heavyweight,2015-06-27,2016-06-18,2,1,0,0,1545.5,,,,,
2f3f12002564bb55,Steve Bruno,1981-11-03,177.8,,Orthodox,Welterweight,2008-08-09,2009-02-07,1,2,0,0,1463.0,Steve Bruno,15,6,0,14
43612456979e5d5e,Steve Byrnes,1979-08-26,182.9,,Orthodox,Middleweight,2006-12-13,2006-12-13,0,1,0,0,1460.0,,,,,
f1f9e48a0d150757,Steve Cantwell,1986-12-08,188.0,190.5,Orthodox,Middleweight,2008-12-10,2012-02-25,1,5,0,0,1351.6,Steve Cantwell,7,6,0,7
32ab52e5de93092d,Steve Erceg,1995-07-27,172.7,172.7,Orthodox,Flyweight,2023-06-10,2026-07-25,5,4,0,0,1563.9,Steve Erceg,14,4,0,10
97cf1a2c7c5e7889,Steve Garcia,1992-05-22,182.9,190.5,Southpaw,Featherweight,2020-02-29,2026-06-14,8,3,0,0,1686.4,Steve Garcia,19,6,0,14
ad047e3073a775f3,Steve Jennum,1963-09-23,177.8,,Orthodox,,1994-09-09,1995-12-16,2,1,0,0,1528.2,Steve Jennum,2,3,0,0
6ece1d2ab1bed31d,Steve Judson,,180.3,,Orthodox,Heavyweight,1999-09-24,2000-03-10,0,2,0,0,1420.1,,,,,
185fb0200a4605e6,Steve Kennedy,1983-03-07,180.3,,Orthodox,Welterweight,2015-06-20,2015-11-14,0,2,0,0,1416.7,,,,,
6085ceb59087514b,Steve Lopez,1984-07-30,180.3,,Orthodox,Lightweight,2009-09-19,2010-09-25,0,2,0,0,1449.7,,,,,
6e92eb1242b46636,Steve Montgomery,1990-12-19,193.0,,Southpaw,Middleweight,2015-06-27,2015-11-14,0,2,0,0,1428.8,,,,,
13e62d766b709aa6,Steve Nelmark,,182.9,,Orthodox,,1996-05-17,1996-12-07,2,1,0,0,1540.2,Steve Nelmark,2,1,0,0
0b5b6876c2a4723f,Steve Steinbeiss,1981-05-05,190.5,190.5,Orthodox,Middleweight,2009-09-16,2010-08-01,0,2,0,0,1413.2,Steve Steinbeiss,9,4,0,6
6888e31ce88f5b17,Steve Vigneault,1978-02-14,177.8,,Orthodox,Middleweight,2006-03-04,2006-03-04,0,1,0,0,1468.1,,,,,
e56cee1ad697db04,Steven Asplund,1998-07-16,195.6,198.1,Orthodox,Heavyweight,2025-12-13,2026-08-08,2,1,0,0,1544.8,,,,,
3e514f437c51ce0a,Steven Graham,,185.4,,Orthodox,Heavyweight,1997-05-30,1997-05-30,1,1,0,0,1504.6,,,,,
84512339473dd300,Steven Koslow,1997-01-22,170.2,175.3,Switch,Bantamweight,2022-12-10,2022-12-10,0,1,0,0,1460.0,,,,,
69037fc7730e4225,Steven Nguyen,1993-05-19,180.3,185.4,Switch,Featherweight,2024-03-23,2025-07-26,1,1,0,0,1489.2,,,,,
b93c06d09d1c4ac0,Steven Peterson,1990-05-29,177.8,177.8,Orthodox,Featherweight,2018-02-18,2023-03-25,3,5,0,0,1439.8,Steven Peterson,19,11,0,22
d188a3b817860ec6,Steven Siler,1987-02-15,180.3,177.8,Orthodox,Featherweight,2011-12-03,2014-07-26,5,4,0,0,1496.6,Steven Siler,33,26,1,27
710d93f1508f7104,Stevie Lynch,,177.8,,Orthodox,Welterweight,2007-06-16,2007-06-16,0,1,0,0,1460.8,,,,,
31a13532e724ca2b,Stevie Ray,1990-03-25,177.8,177.8,Southpaw,Lightweight,2015-04-11,2019-10-26,7,4,0,0,1564.6,Stevie Ray (fighter),26,13,0,18
2bd98ab77a8daa75,Stewart Nicoll,1994-11-04,165.1,165.1,Orthodox,Flyweight,2024-08-17,2026-07-18,0,4,0,0,1367.7,,,,,
d28dee5c705991df,Stipe Miocic,1982-08-19,193.0,203.2,Orthodox,Heavyweight,2011-10-08,2024-11-16,14,5,0,0,1848.5,Stipe Miocic,20,5,0,6
a474aade8eb3a8f0,SuYoung You,1995-12-11,167.6,165.1,Orthodox,Bantamweight,2024-11-23,2026-03-14,3,1,0,0,1561.1,,,,,
1dd1a3aacde66f72,Sulangrangbo,2005-07-17,175.3,167.6,Southpaw,Bantamweight,2026-01-31,2026-01-31,0,1,0,0,1480.0,,,,,
e70de1859b7ee78e,Sultan Aliev,1984-09-17,180.3,188.0,Orthodox,Welterweight,2015-01-24,2019-04-20,2,2,0,0,1503.9,Sultan Aliev,15,3,0,14
192520689012c7e4,Suman Mokhtarian,1992-06-13,172.7,182.9,Orthodox,Featherweight,2018-12-01,2019-12-21,0,2,0,0,1415.8,,,,,
3cf18e01cb6cbde3,Sumudaerji,1996-01-20,172.7,182.9,Southpaw,Flyweight,2018-11-24,2026-08-29,7,4,0,1,1602.7,Su Mudaerji,20,7,0,16
6e0e977beb909837,Sung Bin Jo,1992-07-17,182.9,182.9,Orthodox,Featherweight,2019-06-01,2019-06-01,0,1,0,0,1448.1,,,,,
a851c35f58199231,Syuri Kondo,1989-02-08,162.6,167.6,Orthodox,Women's Strawweight,2017-09-22,2019-06-22,1,3,0,0,1406.8,Syuri,6,2,0,5
d31cbcdd7d69536d,TJ Brown,1990-05-22,175.3,182.9,Switch,Featherweight,2020-02-29,2023-10-14,3,5,0,0,1429.7,T.J. Brown,21,12,0,20
c849740a3ff51931,TJ Dillashaw,1986-02-07,167.6,170.2,Orthodox,Bantamweight,2011-12-03,2022-10-22,13,5,0,0,1780.7,T.J. Dillashaw,17,5,0,4
a26198ba5093147e,TJ Grant,1984-02-26,177.8,182.9,Orthodox,Lightweight,2009-04-18,2013-05-25,8,3,0,0,1725.0,TJ Grant,21,5,0,15
cd2e5a390821fb48,TJ Laramie,1997-10-15,167.6,167.6,Orthodox,Featherweight,2020-09-19,2022-04-16,0,2,0,0,1433.7,,,,,
d25b93992f285953,TJ O'Brien,1987-01-01,188.0,,Orthodox,Lightweight,2010-11-20,2011-08-14,0,2,0,0,1436.6,,,,,
8f2939f5fd9cca1e,TJ Waldburger,1988-04-25,180.3,190.5,Orthodox,Welterweight,2010-09-15,2014-02-22,4,4,0,0,1508.8,TJ Waldburger,16,9,0,17
d25240135aee03e5,Tabatha Ricci,1995-02-21,154.9,154.9,Orthodox,Women's Strawweight,2021-06-05,2026-07-18,7,5,0,0,1574.0,Tabatha Ricci,12,5,0,5
9a2d3567abc02e34,Tae Hyun Bang,1983-04-15,175.3,180.3,Switch,Lightweight,2014-01-04,2016-09-03,2,3,0,0,1453.6,Tae Hyun Bang,18,10,0,23
6aae253467e8f9ce,Tafon Nchukwi,1994-10-14,182.9,195.6,Orthodox,Middleweight,2020-12-19,2023-08-12,2,4,0,0,1418.9,Tafon Nchukwi,9,4,0,4
f00ac08ab056af5d,Tagir Ulanbekov,1991-08-07,170.2,177.8,Southpaw,Flyweight,2020-10-10,2025-11-22,6,2,0,0,1621.0,Tagir Ulanbekov,17,3,0,12
e047d3b541afd4a7,Tahir Abdullayev,1997-02-02,172.7,185.4,Orthodox,Welterweight,2026-06-27,2026-06-27,1,0,0,0,1540.0,,,,,
2efbc83a6b9b7f86,Tai Bowden,,180.3,,,,1996-05-17,1996-12-07,1,1,0,0,1504.6,,,,,
c62fbc117d57b943,Tai Tuivasa,1993-03-16,188.0,190.5,Southpaw,Heavyweight,2017-11-18,2026-09-19,8,11,0,0,1436.8,Tai Tuivasa,14,11,0,6
f7467152fd9f18a2,Taila Santos,1993-06-22,167.6,172.7,Orthodox,Women's Flyweight,2019-02-02,2023-08-26,4,3,0,0,1598.7,Taila Santos,23,5,0,15
2c5f5749569eef66,Tainara Lisboa,1991-03-02,170.2,170.2,Orthodox,Women's Bantamweight,2023-05-13,2025-10-18,2,2,0,0,1484.6,,,,,
7498b3ac79a3b948,Taiyilake Nueraji,2001-01-12,188.0,190.5,Southpaw,Welterweight,2025-08-23,2025-08-23,1,0,0,0,1531.4,,,,,
3be081c29bf734d9,Takanori Gomi,1978-09-22,170.2,177.8,Southpaw,Lightweight,2010-03-31,2017-09-22,4,9,0,0,1396.9,Takanori Gomi,36,15,0,37
8abac218746e04ca,Takashi Sato,1990-06-09,177.8,185.4,Southpaw,Welterweight,2019-04-27,2023-05-20,2,5,0,0,1416.1,Takashi Sato,16,9,0,16
276c60b14b571dd4,Takenori Sato,1985-06-08,177.8,,Southpaw,Welterweight,2014-02-15,2014-09-20,0,2,0,0,1431.6,Takenori Sato,20,12,7,32
48e093ea1f43a053,Takeya Mizugaki,1983-12-16,170.2,175.3,Orthodox,Bantamweight,2011-03-03,2016-12-17,8,6,0,0,1505.0,Takeya Mizugaki,23,14,2,20
d35298b6df168456,Talita Alencar,1990-10-17,154.9,147.3,Orthodox,Women's Strawweight,2023-12-09,2026-04-25,4,1,0,0,1597.7,Talita Alencar,8,1,1,5
5b2325cd70dbe2ea,Talita Bernardo,1987-03-04,162.6,172.7,Orthodox,Women's Bantamweight,2017-09-02,2019-05-11,1,3,0,0,1433.5,Talita Bernardo,11,5,0,6
17923f676f100e16,Tallison Teixeira,1999-12-07,200.7,210.8,Orthodox,Heavyweight,2025-02-08,2026-05-30,2,2,0,0,1540.1,Tallison Teixeira,9,2,0,7
eff47295daf721a6,Tamdan McCrory,1986-11-05,193.0,193.0,Switch,Middleweight,2007-06-12,2016-10-01,4,5,0,0,1496.8,Tamdan McCrory,14,5,0,8
4f3064faf17aa711,Tamires Vidal,1998-07-27,167.6,172.7,Orthodox,Women's Bantamweight,2022-11-05,2024-10-19,1,3,0,0,1428.1,,,,,
04c8b08b16a5b99e,Tanner Boser,1991-08-02,188.0,190.5,Orthodox,Heavyweight,2019-10-18,2026-04-18,5,6,0,0,1481.9,Tanner Boser,22,11,1,22
0749d968e932df53,Tarec Saffiedine,1986-09-06,177.8,177.8,Switch,Welterweight,2014-01-04,2017-06-17,2,4,0,0,1519.6,Tarec Saffiedine,16,7,0,17
3a524c6700addc24,Tateki Matsuda,1986-02-27,170.2,,Orthodox,Flyweight,2014-09-05,2015-01-18,0,2,0,0,1444.5,Tateki Matsuda,15,11,0,15
b08012bbe542592a,Tatiana Suarez,1990-12-19,165.1,167.6,Southpaw,Women's Strawweight,2016-07-08,2026-04-11,9,1,0,0,1771.8,Tatiana Suarez,12,1,0,3
4461d7e47375a895,Tatsuro Taira,2000-01-27,170.2,177.8,Orthodox,Flyweight,2022-05-14,2026-05-09,8,2,0,0,1711.8,Tatsuro Taira,18,2,0,10
80d918336163b80c,Tatsuya Kawajiri,1978-05-08,170.2,175.3,Orthodox,Featherweight,2014-01-04,2016-08-06,3,3,0,0,1527.5,Tatsuya Kawajiri,37,14,2,41
8b1ed83b02303075,Taylor Lapilus,1992-04-08,167.6,185.4,Southpaw,Bantamweight,2015-04-11,2024-09-28,6,2,0,0,1623.3,Taylor Lapilus,25,4,0,8
ef44e4ea9050f2ea,Te Edwards,1990-09-11,172.7,182.9,Orthodox,Lightweight,2018-10-27,2019-01-19,0,2,0,0,1431.2,,,,,
31ef8b67e13495b3,Tecia Pennington,1989-08-16,154.9,152.4,Orthodox,Women's Strawweight,2014-12-12,2025-11-08,11,8,0,0,1605.3,Tecia Pennington,15,8,0,4
b63e800c18e011b5,Tedd Williams,1969-12-19,185.4,,Orthodox,Heavyweight,2000-03-10,2000-09-22,1,1,0,0,1491.4,Tedd Williams,7,1,0,5
8f4eeaf7a0df7c1a,Teemu Packalen,1987-05-22,185.4,190.5,Orthodox,Lightweight,2015-07-18,2019-09-07,1,3,0,0,1432.4,Teemu Packalén,8,3,0,7
96eff1a628adcc7f,Teila Tuli,1969-06-14,182.9,,Orthodox,,1993-11-12,1993-11-12,0,1,0,0,1460.0,Taylor Wily,0,1,0,0
59c438c81fbf3ece,Tereza Bleda,2001-11-30,175.3,180.3,Orthodox,Women's Flyweight,2022-11-19,2025-12-13,1,2,0,0,1468.9,,,,,
23a81656507b56a3,Terrance Chatman,1997-05-05,182.9,193.0,Orthodox,Heavyweight,2026-08-22,2026-08-22,0,1,0,0,1460.0,,,,,
809bd1a871491508,Terrance McKinney,1994-09-15,177.8,185.4,Switch,Lightweight,2021-06-12,2026-07-11,8,6,0,0,1554.9,Terrance McKinney,18,9,0,13
f3ca6908f78efebe,Terrence Mitchell,1989-12-30,177.8,188.0,Orthodox,Bantamweight,2023-07-08,2023-09-16,0,2,0,0,1429.1,,,,,
ba5e253af86db1a8,Terrion Ware,1986-03-31,172.7,180.3,Orthodox,Bantamweight,2017-07-08,2018-09-15,0,4,0,0,1360.8,Terrion Ware,18,12,0,22
33011768c3c4dc9a,Terry Etim,1986-01-11,185.4,185.4,Orthodox,Lightweight,2007-04-21,2013-02-16,6,5,0,0,1504.0,Terry Etim,16,5,0,9
6a92caba39b64752,Terry Martin,1980-10-10,172.7,180.3,Orthodox,Middleweight,2005-08-20,2008-02-02,2,4,0,0,1433.5,Terry Martin (fighter),23,12,0,11
88cd34d836b4ebcd,Teruto Ishihara,1991-07-23,170.2,175.3,Southpaw,Bantamweight,2015-09-26,2019-02-09,3,5,1,0,1417.9,Teruto Ishihara,14,15,3,10
505934897b8b4824,Thaddeus Luster,,190.5,,,,1994-03-11,1994-03-11,0,1,0,0,1460.0,,,,,
cfb65863d5099327,Thales Leites,1981-09-06,185.4,198.1,Orthodox,Middleweight,2006-11-11,2018-09-22,13,8,0,0,1615.7,Thales Leites,28,9,0,9
40f3cb27fc7305a1,Themba Gorimbo,1991-01-23,185.4,195.6,Orthodox,Welterweight,2023-02-18,2026-05-02,4,4,0,0,1522.4,Themba Gorimbo,14,7,0,13
feef5f8f5629e5e7,Theodor Berggren,2000-04-09,180.3,190.5,Switch,Welterweight,2026-06-27,2026-06-27,0,1,0,0,1469.0,,,,,
31ee470ef5dc8d7f,Thiago Alves,1983-10-03,175.3,177.8,Orthodox,Welterweight,2005-10-03,2019-12-07,15,12,0,0,1487.3,Thiago Alves (fighter),23,15,0,11
d945aae53e3e54e6,Thiago Moises,1995-03-23,175.3,177.8,Orthodox,Lightweight,2018-11-10,2026-04-18,8,8,0,0,1543.6,Thiago Moisés,19,10,0,13
c1a5d3843596df92,Thiago Perpetuo,1987-12-14,177.8,,Orthodox,Welterweight,2012-06-23,2014-03-23,1,2,0,0,1452.8,Thiago Perpétuo,9,4,1,10
dea070ed4a2a8281,Thiago Santos,1984-01-07,188.0,193.0,Orthodox,Light Heavyweight,2013-08-03,2022-08-06,14,10,0,0,1615.0,Thiago Santos,23,14,0,9
2924886ee9c4c527,Thiago Silva,1982-11-12,188.0,188.0,Orthodox,Light Heavyweight,2007-05-26,2013-10-09,7,3,0,2,1653.2,Thiago Silva (fighter),21,9,0,9
8a59d346dc976a10,Thiago Tavares,1984-11-08,170.2,177.8,Orthodox,Featherweight,2007-04-05,2016-07-08,10,7,1,0,1579.9,Thiago Tavares,24,11,1,10
51e86de150ee8be6,Thibault Gouti,1987-02-27,177.8,182.9,Orthodox,Lightweight,2016-02-27,2018-10-27,1,5,0,0,1387.8,Thibault Gouti,17,7,0,10
2b074403b7c6cdb4,Thomas Almeida,1991-07-31,170.2,177.8,Southpaw,Bantamweight,2014-11-08,2021-03-27,5,5,0,0,1475.8,Thomas Almeida,23,5,0,17
e7f51d9f9e9259e7,Thomas Gifford,1992-07-26,185.4,190.5,Orthodox,Lightweight,2019-04-27,2019-10-12,0,2,0,0,1425.2,,,,,
764d39074a352e33,Thomas Petersen,1995-03-30,185.4,188.0,Southpaw,Heavyweight,2024-02-03,2026-07-25,3,4,0,0,1475.3,,,,,
ea398c802d9998ee,Thomas Ramirez,,185.4,,Sideways,,1996-02-16,1996-02-16,0,1,0,0,1460.0,,,,,
8ce87f7e3a9baed2,Tiago dos Santos e Silva,1987-04-12,175.3,177.8,Orthodox,Featherweight,2014-07-26,2016-12-09,2,2,0,0,1471.2,,,,,
cb6783c39c01d896,Tiki Ghosn,1977-02-09,177.8,,Orthodox,Welterweight,2000-03-10,2004-04-02,0,4,0,0,1363.8,Tiki Ghosn,10,8,0,4
c80095f6092271a7,Tim Boetsch,1981-01-28,182.9,188.0,Orthodox,Middleweight,2008-02-02,2019-03-09,12,12,0,0,1541.6,Tim Boetsch,21,13,0,7
89b8d1bf1ff09d1d,Tim Credeur,1977-07-09,190.5,190.5,Orthodox,Middleweight,2008-07-19,2011-06-04,3,2,0,0,1527.3,Tim Credeur,12,4,0,11
c96d9178c9ed9e62,Tim Elliott,1986-12-24,170.2,167.6,Southpaw,Flyweight,2012-05-05,2026-09-12,11,12,0,0,1596.3,Tim Elliott,22,14,1,11
c10eb2f12c489f6d,Tim Gorman,1983-04-29,165.1,,Southpaw,Bantamweight,2014-04-16,2014-11-08,0,2,0,0,1429.6,,,,,
219a254e15d60135,Tim Hague,1983-05-09,193.0,193.0,Orthodox,Heavyweight,2009-05-23,2011-01-22,1,4,0,0,1423.0,Tim Hague,21,13,0,10
3c660c90d48fc80d,Tim Kennedy,1979-09-01,180.3,188.0,Orthodox,Middleweight,2013-07-06,2016-12-10,3,2,0,0,1576.3,Tim Kennedy (fighter),18,6,0,19
c7e9d15cfce52f1d,Tim Lajcik,1965-06-21,185.4,,Orthodox,Heavyweight,1999-07-16,2000-09-22,0,2,1,0,1431.1,Tim Lajcik,7,6,1,4
9ca265dfe8323db3,Tim McKenzie,1982-07-21,182.9,188.0,Orthodox,Middleweight,2009-04-01,2009-04-01,0,1,0,0,1460.0,Tim McKenzie,14,9,0,17
4b47e71384a9522f,Tim Means,1984-02-20,188.0,190.5,Orthodox,Welterweight,2012-02-15,2024-10-05,15,14,0,1,1495.6,Tim Means,33,17,1,20
2a542ee8a8b83559,Tim Sylvia,1976-03-05,203.2,203.2,Orthodox,Heavyweight,2002-09-27,2008-02-02,9,4,0,0,1658.3,Tim Sylvia,31,10,0,9
990bd63726a577f8,Tim Williams,1986-07-03,188.0,193.0,Orthodox,Middleweight,2018-02-18,2018-08-25,0,2,0,0,1435.1,,,,,
0e46690e55a8df75,Timmy Cuamba,1999-02-08,175.3,180.3,Orthodox,Bantamweight,2024-02-10,2026-05-16,2,3,0,0,1486.8,,,,,
cc900af167fbedfd,Timothy Johnson,1985-03-13,190.5,195.6,Southpaw,Heavyweight,2015-04-04,2018-02-03,4,3,0,0,1542.1,Timothy Johnson (fighter),18,13,0,9
45e738622ea2c02c,Timur Valiev,1990-01-19,167.6,170.2,Orthodox,Bantamweight,2020-08-22,2022-03-19,2,1,0,1,1522.5,Timur Valiev,19,5,0,18
e5ca2bc2451a5956,Tina Lahdemaki,1988-05-28,157.5,,Orthodox,Women's Strawweight,2014-07-16,2014-07-16,0,1,0,0,1460.0,,,,,
2f732dd9210d301f,Tito Ortiz,1975-01-23,190.5,188.0,Orthodox,Light Heavyweight,1997-05-30,2012-07-07,15,11,1,0,1547.6,Tito Ortiz,21,12,1,0
9b68bf67c5695185,Todd Brown,1976-12-13,180.3,,Orthodox,Light Heavyweight,2010-08-07,2011-03-03,0,2,0,0,1418.3,,,,,
3fed746acfd026dd,Todd Butler,,185.4,,Southpaw,Lightweight,1997-07-27,1997-07-27,0,1,0,0,1465.1,,,,,
bda04c573563cc2e,Todd Duffee,1985-12-06,190.5,198.1,Orthodox,Heavyweight,2009-08-29,2019-09-14,3,2,0,1,1542.8,Todd Duffee,9,4,0,5
b60391da771deefe,Todd Medina,1970-04-30,177.8,,Southpaw,,1995-04-07,1995-04-07,1,1,0,0,1497.0,,,,,
ae81a3ac7b260411,Tofiq Musayev,1989-12-15,175.3,175.3,Orthodox,Lightweight,2025-06-21,2026-08-01,2,1,0,0,1579.1,Tofiq Musayev,24,6,0,25
399afbabc02376b5,Tom Aspinall,1993-04-11,195.6,198.1,Orthodox,Heavyweight,2020-07-25,2025-10-25,8,1,0,1,1804.9,Tom Aspinall,15,3,0,9
2adb11835acd815b,Tom Blackledge,,,,Orthodox,Light Heavyweight,2011-02-26,2011-02-26,0,1,0,0,1447.9,,,,,
1588b787bda7b540,Tom Breese,1991-09-26,190.5,185.4,Southpaw,Middleweight,2015-05-30,2021-01-20,5,3,0,0,1573.4,Tom Breese,21,8,0,7
0bcfe2513cb3bc39,Tom DeBlass,1982-05-14,182.9,,Orthodox,Middleweight,2012-04-14,2012-11-10,0,2,0,0,1437.0,Tom DeBlass,9,2,0,7
e979c76341f19b22,Tom Duquesnoy,1993-06-21,170.2,172.7,Orthodox,Bantamweight,2017-04-15,2018-03-17,2,1,0,0,1550.2,Tom Duquesnoy,16,2,1,16
eae4aec1a5a8ff01,Tom Egan,,180.3,,Orthodox,Welterweight,2009-01-17,2009-01-17,0,1,0,0,1460.0,,,,,
cc81c92fe2254935,Tom Gallicchio,1986-09-23,177.8,,Southpaw,Welterweight,2017-07-07,2017-07-07,0,1,0,0,1468.4,,,,,
4d44f37107f01b9b,Tom Lawlor,1983-05-15,182.9,188.0,Southpaw,Light Heavyweight,2008-12-13,2016-03-05,6,5,0,0,1561.9,Tom Lawlor,11,8,0,6
62918a2118de08b2,Tom Murphy,1974-11-19,188.0,,Southpaw,Heavyweight,2006-03-04,2006-03-04,1,0,0,0,1540.0,,,,,
5fceb45939fc0c8a,Tom Niinimaki,1982-07-25,175.3,175.3,Orthodox,Featherweight,2013-11-30,2014-12-20,1,3,0,0,1408.6,Tom Niinimäki,22,8,1,26
6c3b2525436cf5d4,Tom Nolan,2000-03-08,190.5,185.4,Southpaw,Lightweight,2024-01-13,2026-06-06,5,1,0,0,1657.4,Tom Nolan (fighter),11,1,0,6
6809c31286b08d97,Tom Watson,1982-07-13,185.4,185.4,Orthodox,Middleweight,2012-09-29,2015-08-08,2,5,0,0,1437.6,Tom Watson (fighter),17,9,0,19
679a9054e2815943,Tomasz Drwal,1982-01-22,185.4,193.0,Orthodox,Middleweight,2007-09-08,2010-09-15,3,3,0,0,1496.4,Tomasz Drwal,22,6,1,16
de83f920fd302871,Tommy Gantt,1993-01-09,180.3,193.0,Orthodox,Lightweight,2026-05-16,2026-09-12,2,0,0,0,1598.1,,,,,
0871254cd790c250,Tommy Hayden,1986-03-11,175.3,,Southpaw,Featherweight,2012-01-20,2012-08-11,0,2,0,0,1422.9,,,,,
6b0a6def604de298,Tommy McMillen,1997-12-15,182.9,188.0,Orthodox,Featherweight,2026-04-04,2026-09-12,3,0,0,0,1614.6,,,,,
1411c630ba711b64,Tommy Speer,1984-08-20,177.8,180.3,Orthodox,Welterweight,2007-12-08,2008-04-02,0,2,0,0,1422.8,Tom Speer,21,7,0,12
6ad9058b7c7898b0,Tony DeSouza,1974-07-26,182.9,177.8,Southpaw,Welterweight,2001-05-04,2007-12-29,3,3,0,0,1480.2,Tony DeSouza,11,4,0,2
22a92d7f62195791,Tony Ferguson,1984-02-12,180.3,193.0,Orthodox,Welterweight,2011-06-04,2024-08-03,15,9,0,0,1541.4,Tony Ferguson,25,11,0,12
253de74457bd6374,Tony Fryklund,1971-03-26,182.9,,Orthodox,Middleweight,1997-07-27,2004-10-22,2,2,0,0,1492.9,Tony Fryklund,14,9,1,0
601964f9654f911a,Tony Gravely,1991-09-28,165.1,175.3,Orthodox,Bantamweight,2020-01-25,2023-03-11,4,4,0,0,1503.9,Tony Gravely,23,9,0,24
bad28b7b34f334de,Tony Halme,1963-01-06,190.5,,Orthodox,Heavyweight,1997-05-30,1997-05-30,0,1,0,0,1464.6,Tony Halme,1,4,0,4
1a08b01fdabb6ae2,Tony Kelley,1987-01-21,175.3,177.8,Switch,Bantamweight,2020-08-15,2022-06-18,2,2,0,0,1511.0,Tony Kelley,8,2,0,7
c61f66d8c3fd5f07,Tony Petarra,1966-11-08,180.3,,Orthodox,Middleweight,1999-05-07,1999-05-07,0,1,0,0,1456.9,,,,,
57bad6a84230f0c9,Tony Sims,1985-10-14,180.3,177.8,Southpaw,Lightweight,2015-06-27,2016-01-02,1,2,0,0,1472.8,Tony Sims,12,4,0,13
b12a1d19ee383b7c,Tonya Evinger,1981-06-04,170.2,177.8,Orthodox,Women's Bantamweight,2017-07-29,2019-06-01,0,3,0,0,1400.4,,,,,
8abf70f79e9e27c2,Tor Troeng,1983-01-25,188.0,,Orthodox,Middleweight,2013-04-06,2014-10-04,1,3,0,0,1426.1,Tor Troéng,16,6,1,20
fbb60f24af5d5a02,Torrez Finney,1998-10-24,172.7,190.5,Orthodox,Middleweight,2025-04-05,2026-01-31,1,1,0,0,1481.9,,,,,
148bb103cfbf123e,Toshiomi Kazama,1997-05-15,170.2,175.3,Orthodox,Bantamweight,2023-02-04,2025-08-09,1,3,0,0,1431.8,,,,,
20bd6c3e03c46ee6,Townsend Saunders,,165.1,,Orthodox,Lightweight,1998-03-13,1999-01-08,0,2,0,0,1446.7,Townsend Saunders,0,2,0,0
1dab0d1d81dd06db,Tra Telligman,1965-02-07,188.0,,Orthodox,Heavyweight,1997-02-07,2005-08-20,1,4,0,0,1411.5,Tra Telligman,7,5,1,3
68d4a891e5cf2029,Tracy Cortez,1993-12-10,165.1,165.1,Orthodox,Women's Flyweight,2019-11-16,2026-07-11,6,3,0,0,1591.3,Tracy Cortez,12,4,0,7
3236bf606fe9fa5b,Travis Browne,1982-07-17,198.1,200.7,Orthodox,Heavyweight,2010-06-19,2017-07-08,9,7,1,0,1558.0,Travis Browne,18,7,1,9
911fb265462f0d94,Travis Fulton,1977-05-29,182.9,,Orthodox,Heavyweight,1999-05-07,1999-07-16,1,1,0,0,1510.0,Travis Fulton,255,55,10,77
622f015c81a9b13a,Travis Lutter,1973-05-12,180.3,190.5,Orthodox,Middleweight,2004-10-22,2008-04-19,2,4,0,0,1457.8,Travis Lutter,10,6,0,5
7f9f528cb72a6ed1,Travis Wiuff,1978-03-15,190.5,,Orthodox,Light Heavyweight,2002-11-22,2005-04-16,0,2,0,0,1427.3,Travis Wiuff,77,22,0,11
02fc8f50f56eb307,Trent Jenkins,,188.0,,,,1993-11-12,1995-12-16,0,2,0,0,1425.2,Trent Jenkins,0,4,0,0
147e70aa6cc48cfc,Tresean Gore,1994-06-21,182.9,190.5,Switch,Middleweight,2022-02-05,2026-08-15,4,4,0,0,1554.6,,,,,
563a1d42bb0e3cef,Treston Vines,1996-06-18,185.4,200.7,Orthodox,Middleweight,2025-10-04,2025-10-04,0,1,0,0,1467.4,,,,,
b27a1fcb56a3035a,Trevin Giles,1992-08-06,182.9,188.0,Orthodox,Welterweight,2017-07-08,2024-11-02,7,7,0,0,1450.8,Trevin Giles,16,7,0,9
ec23c1be628d8057,Trevin Jones,1990-08-04,170.2,177.8,Southpaw,Bantamweight,2020-08-22,2023-03-04,1,4,0,1,1411.0,Trevin Jones,14,13,0,18
0bc697c5936a2d0a,Trevor Peek,1995-01-09,175.3,177.8,Switch,Featherweight,2023-02-25,2026-09-05,2,4,0,0,1412.5,,,,,
f5ff7bcdcfeba3ad,Trevor Prangley,1972-08-24,185.4,190.5,Orthodox,Middleweight,2004-06-19,2006-04-06,2,2,0,0,1479.5,Trevor Prangley,34,11,2,9
f797f0c57a83353e,Trevor Smith,1981-01-05,190.5,190.5,Orthodox,Middleweight,2013-07-27,2019-12-07,5,7,0,0,1464.6,Trevor Smith (fighter),15,10,0,13
cfc3e7bb44685289,Trey Ogden,1989-11-14,180.3,182.9,Orthodox,Lightweight,2022-04-16,2025-01-11,3,3,0,1,1525.1,,,,,
31dbfbe4e7a6727c,Trey Waters,1995-02-21,195.6,195.6,Orthodox,Welterweight,2023-04-29,2025-09-06,2,1,0,0,1542.2,,,,,
2ebfbe72ed703925,Tristan Connelly,1985-12-12,177.8,172.7,Orthodox,Featherweight,2019-09-14,2022-04-30,1,2,0,0,1469.3,Tristan Connelly,14,9,0,19
725a834930c2b5bf,Troy Mandaloniz,1980-02-01,175.3,,Orthodox,Welterweight,2007-12-08,2009-02-21,1,1,0,0,1496.8,,,,,
b76ed59283d3559c,Tsuyoshi Kohsaka,1970-03-06,180.3,,Orthodox,Heavyweight,1998-03-13,2002-05-10,3,3,0,0,1502.3,Tsuyoshi Kosaka,30,21,2,17
7832f2f62f04178f,Tucker Lutz,1994-07-12,172.7,182.9,Orthodox,Featherweight,2021-05-15,2023-07-15,1,3,0,0,1428.7,,,,,
3e8118c1ab52f211,Tuco Tokkos,1990-06-30,193.0,193.0,Orthodox,Light Heavyweight,2024-05-18,2026-05-16,1,3,0,0,1425.1,Tuco Tokkos,11,6,0,13
e8c170a64dc920ac,Tulio Palhares,,,,,Middleweight,1998-10-16,1998-10-16,1,0,0,0,1540.0,,,,,
0859524157a19045,Ty Miller,2000-06-04,188.0,195.6,Orthodox,Welterweight,2026-01-24,2026-08-08,2,0,0,0,1566.1,,,,,
f5f6419c5f00abad,Tyler Diamond,1991-03-18,170.2,175.3,Orthodox,Featherweight,2018-07-06,2018-07-06,0,1,0,0,1480.0,,,,,
8e893f269d5696b2,Tyler Toner,1983-03-31,172.7,177.8,Orthodox,Featherweight,2010-12-04,2010-12-04,0,1,0,0,1460.0,,,,,
bc7f4b2d4c2724a2,Tyrell Fortune,1990-07-04,190.5,190.5,Orthodox,Heavyweight,2026-03-28,2026-07-25,1,1,0,0,1516.3,Tyrell Fortune,18,4,0,22
effd9de9937996f8,Tyron Woodley,1982-04-07,175.3,188.0,Orthodox,Welterweight,2013-02-02,2021-03-27,9,6,1,0,1681.2,Tyron Woodley,19,7,1,11
d1e6a6536ee62517,Tyrone Roberts,1972-07-14,175.3,,Orthodox,Middleweight,2000-06-09,2000-06-09,1,0,0,0,1535.0,,,,,
20205040232ed0f3,Tyson Griffin,1984-04-20,167.6,172.7,Orthodox,Featherweight,2006-09-23,2011-10-29,8,6,0,0,1540.0,Tyson Griffin,17,8,0,7
6e00cfffd54653c4,Tyson Nam,1983-10-06,170.2,172.7,Orthodox,Flyweight,2019-09-21,2023-07-15,3,5,0,0,1484.8,Tyson Nam,24,16,1,28
49e96ff8ab781589,Tyson Pedro,1991-09-17,190.5,200.7,Orthodox,Light Heavyweight,2016-11-26,2024-03-02,6,5,0,0,1505.0,Tyson Pedro,10,7,0,4
1e35aa8955794580,Ulysses Gomez,1983-05-25,167.6,,Orthodox,Flyweight,2012-08-04,2013-02-16,0,2,0,0,1420.5,Ulysses Gomez,9,5,0,11
2b6fc1c02736833d,Umar Nurmagomedov,1996-01-03,172.7,175.3,Orthodox,Bantamweight,2021-01-20,2026-08-29,8,2,0,0,1754.9,Umar Nurmagomedov,20,2,0,12
02f484417a6fa69d,Uran Satybaldiev,1994-08-10,193.0,200.7,Orthodox,Light Heavyweight,2025-04-05,2025-08-23,1,1,0,0,1506.9,,,,,
65578a75fa7900e3,Uriah Hall,1984-07-31,182.9,200.7,Orthodox,Middleweight,2013-04-13,2022-07-02,10,9,0,0,1627.7,Uriah Hall,17,11,0,9
78114b7199cef90c,Urijah Faber,1979-05-14,167.6,170.2,Orthodox,Bantamweight,2011-03-19,2019-12-14,11,7,0,0,1631.9,Urijah Faber,35,11,0,28
681399317dbf4701,Uros Medic,1993-04-25,185.4,180.3,Southpaw,Welterweight,2021-03-06,2026-08-01,8,3,0,0,1705.1,Uroš Medić,14,3,0,6
d403b1a6f278c95e,Vagner Rocha,1982-06-06,177.8,185.4,Orthodox,Lightweight,2011-06-11,2014-11-07,1,3,0,0,1436.8,Vagner Rocha,14,4,0,7
7a47e068f8017019,Val Woodburn,1993-08-10,172.7,188.0,Orthodox,Welterweight,2023-07-08,2024-02-17,0,2,0,0,1427.8,,,,,
132deb59abae64b1,Valentina Shevchenko,1988-03-07,165.1,167.6,Southpaw,Women's Flyweight,2015-12-19,2025-11-15,15,3,1,0,1876.9,Valentina Shevchenko,26,4,1,12
7b6ce3a9460565b5,Valeri Ignatov,,175.3,,Orthodox,Lightweight,1999-03-05,1999-09-24,0,2,0,0,1428.6,,,,,
46a2f24feb258ae0,Valerie Letourneau,1983-04-29,170.2,172.7,Orthodox,Women's Strawweight,2014-06-14,2016-12-10,3,3,0,0,1493.2,Valérie Létourneau,10,7,0,8
777dea713da2441d,Valmir Lazaro,1985-08-15,182.9,185.4,Orthodox,Lightweight,2014-08-23,2015-11-21,1,2,0,0,1468.0,,,,,
f5779a2303ed76ec,Valter Walker,1997-12-14,198.1,198.1,Orthodox,Heavyweight,2024-04-06,2026-07-25,5,1,0,0,1640.2,Valter Walker,16,1,0,11
2c483cf443f38ece,Vanessa Demopoulos,1988-09-22,157.5,149.9,Orthodox,Women's Flyweight,2021-08-28,2025-06-14,5,5,0,0,1443.4,Vanessa Demopoulos,11,8,0,9
9b7dfb3b7d99926a,Vanessa Melo,1988-03-27,165.1,165.1,Orthodox,Women's Bantamweight,2019-09-21,2021-01-16,1,3,0,0,1441.4,Vanessa Melo,11,13,0,15
8bb6f4479685bbcc,Vaughan Lee,1982-10-15,167.6,167.6,Orthodox,Flyweight,2011-11-05,2015-07-18,3,5,0,0,1445.3,Vaughan Lee (fighter),14,14,1,18
30b577b112bef42d,Vernon Ramos Ho,1992-06-03,167.6,,Orthodox,Welterweight,2015-11-21,2015-11-21,0,1,0,0,1460.0,,,,,
12458872d6afae1b,Vernon White,1971-12-03,182.9,,Southpaw,Light Heavyweight,2003-06-06,2004-08-21,0,1,1,0,1484.6,Vernon White (fighter),26,33,2,44
4798e823ada58fe9,Veronica Hardy,1995-10-30,162.6,162.6,Southpaw,Women's Flyweight,2016-09-03,2025-10-04,5,5,0,0,1531.5,Veronica Hardy,10,5,1,6
19c591115a58982c,Viacheslav Borshchev,1992-01-08,180.3,175.3,Orthodox,Lightweight,2022-01-15,2025-11-15,3,6,1,0,1388.7,,,,,
6d4b63c767106d3a,Vicente Luque,1991-11-27,180.3,190.5,Orthodox,Middleweight,2015-07-12,2026-08-15,17,9,0,0,1628.5,Vicente Luque,24,13,1,12
dc7927cd622676a7,Victor Altamirano,1991-01-23,172.7,177.8,Switch,Flyweight,2022-02-26,2024-09-28,2,4,0,0,1442.7,,,,,
eb8d8c2a95cfccb8,Victor Henry,1987-05-04,170.2,172.7,Switch,Bantamweight,2022-01-22,2025-04-05,4,2,0,1,1573.0,Victor Henry (fighter),25,7,1,26
f264ba50b007f39e,Victor Hugo,1992-11-22,170.2,180.3,Orthodox,Featherweight,2024-04-06,2024-10-26,1,1,0,0,1509.1,,,,,
3e708ce33b6b18e6,Victor Martinez,1991-07-17,170.2,177.8,Orthodox,Lightweight,2023-02-25,2024-05-18,0,2,0,0,1421.6,,,,,
f6e5972c9d16c40e,Victor Rodriguez,1992-09-05,165.1,170.2,Switch,Flyweight,2020-10-31,2021-05-22,0,2,0,0,1421.5,,,,,
078695e385ec2f57,Victor Valenzuela,1994-02-09,175.3,180.3,Orthodox,Welterweight,2026-04-25,2026-04-25,1,0,0,0,1544.4,,,,,
663b76da637402c3,Victor Valimaki,1981-12-17,182.9,,Orthodox,Light Heavyweight,2006-12-13,2007-04-21,0,2,0,0,1438.5,,,,,
9dedfdd91070ddd8,Victoria Leonardo,1990-02-16,165.1,162.6,Orthodox,Women's Flyweight,2021-01-20,2024-08-24,1,4,0,0,1407.2,Victoria Leonardo,10,7,0,10
1e7483dbff40b84b,Vik Grujic,1977-02-06,180.3,185.4,Orthodox,Welterweight,2014-04-16,2015-05-09,1,3,0,0,1418.1,,,,,
202b0467521c9d6f,Viktor Pesta,1990-07-15,190.5,195.6,Orthodox,Heavyweight,2014-05-31,2017-01-15,1,4,0,0,1401.7,Viktor Pešta,19,9,0,9
6c9b66b43663f2f7,Viktoriia Dudakova,1999-01-26,165.1,170.2,Orthodox,Women's Strawweight,2023-07-15,2025-01-11,2,2,0,0,1483.2,,,,,
c77a953488e5607d,Vinc Pichel,1982-11-23,177.8,182.9,Orthodox,Lightweight,2012-12-15,2025-03-29,7,5,0,0,1539.0,Vinc Pichel,14,6,0,8
ed2a8cc402173781,Vince Cachero,1989-11-07,167.6,172.7,Orthodox,Bantamweight,2020-08-01,2021-02-27,0,2,0,0,1422.7,,,,,
37098a6e6c27fb66,Vince Morales,1990-11-12,170.2,177.8,Orthodox,Bantamweight,2018-11-24,2026-05-02,3,9,0,0,1354.3,Vince Morales,16,11,0,10
acb36c908d415c4a,Vinicius Moreira,1989-02-28,193.0,193.0,Orthodox,Light Heavyweight,2019-01-19,2021-01-20,0,4,0,0,1353.2,Vinicius Moreira,16,9,0,10
18d01f7f8338ae72,Vinicius Oliveira,1995-11-30,175.3,177.8,Switch,Featherweight,2024-03-02,2026-06-20,5,1,0,0,1668.3,Vinicius Oliveira,24,4,0,22
2a8502954f49e682,Vinicius Queiroz,1983-08-29,200.7,,Orthodox,Heavyweight,2010-10-16,2010-10-16,0,1,0,0,1460.0,Vinicius Queiroz,8,4,0,6
65cdf4ec31143d86,Vinicius Salvador,1996-07-24,170.2,177.8,Southpaw,Bantamweight,2023-03-25,2024-05-18,0,3,0,0,1401.4,,,,,
88a9bc81271ccd89,Vinny Magalhaes,1984-07-02,190.5,190.5,Orthodox,Light Heavyweight,2008-12-13,2013-08-03,1,4,0,0,1427.2,Vinny Magalhães,19,12,0,5
7dda2cf308f24a02,Virna Jandiroba,1988-05-30,160.0,162.6,Orthodox,Women's Strawweight,2019-04-27,2026-04-04,9,4,0,0,1723.7,Virna Jandiroba,22,4,0,14
d221ee27afc7a60e,Viscardi Andrade,1984-03-08,180.3,190.5,Orthodox,Welterweight,2013-08-03,2016-03-19,3,1,0,0,1571.9,Viscardi Andrade,21,10,0,21
0ee783aa00e468f0,Vitor Belfort,1977-04-01,182.9,188.0,Southpaw,Middleweight,1997-02-07,2018-05-12,15,10,0,1,1658.6,Vitor Belfort,26,14,0,1
4bcb6eb12b4ad4aa,Vitor Miranda,1979-03-10,185.4,195.6,Orthodox,Middleweight,2014-05-31,2018-07-22,3,4,0,0,1456.2,Vitor Miranda,15,7,0,15
71171fc96445bf65,Vitor Petrino,1997-08-28,188.0,195.6,Orthodox,Heavyweight,2023-03-11,2026-08-22,8,2,0,0,1682.0,Vitor Petrino,15,2,0,7
36541f1e6c5d4955,Viviane Araujo,1986-11-21,162.6,172.7,Orthodox,Women's Flyweight,2019-05-11,2025-06-28,7,6,0,0,1566.7,Viviane Araújo (fighter),14,8,0,7
d50382dc0565a9e1,Viviane Pereira,1993-08-28,154.9,160.0,Orthodox,Women's Strawweight,2016-12-10,2018-06-23,2,2,0,0,1480.3,Viviane Pereira,16,5,0,11
ccdd90bd1fc7dab6,Vladimir Matyushenko,1971-01-04,182.9,188.0,Orthodox,Light Heavyweight,2001-06-29,2013-01-26,7,5,0,0,1559.7,Vladimir Matyushenko,27,8,0,10
025c1ee70b2cedf4,Vlasto Cepo,1995-01-25,182.9,185.4,Orthodox,Middleweight,2026-08-01,2026-08-01,0,1,0,0,1452.6,,,,,
0845c81e37d3bcb3,Volkan Oezdemir,1989-09-19,188.0,190.5,Orthodox,Light Heavyweight,2017-02-04,2025-11-22,9,7,0,0,1652.0,Volkan Oezdemir,21,8,0,11
a9a314cc77d90b6e,Wade Shipp,1975-02-09,190.5,,Orthodox,Heavyweight,2004-04-02,2004-04-02,0,1,0,0,1460.0,,,,,
db6d5f691aea3fd3,Wagner Campos,1981-07-31,167.6,,Southpaw,Featherweight,2012-06-23,2012-06-23,0,1,0,0,1460.0,,,,,
7f6ef4e1227600bc,Wagner Prado,1986-12-30,182.9,188.0,Southpaw,Light Heavyweight,2012-08-04,2013-01-19,0,2,0,1,1438.4,Wagner Prado,18,8,1,8
fb79582c410d049e,Wagner Silva,1987-02-07,182.9,,Orthodox,Welterweight,2014-05-31,2014-11-08,0,2,0,0,1429.6,,,,,
fc08099550072fe4,Waldo Cortes Acosta,1991-10-03,193.0,198.1,Orthodox,Heavyweight,2022-10-29,2026-09-12,10,4,0,0,1678.8,,,,,
92aafa8f4b26269b,Walel Watson,1984-07-16,180.3,190.5,Orthodox,Bantamweight,2011-10-01,2012-09-22,1,3,0,0,1429.8,Walel Watson,15,15,0,10
da6dfd09cca1d705,Wallid Ismail,1968-02-23,170.2,,Orthodox,Lightweight,1997-02-07,1997-02-07,0,1,0,0,1460.0,,,,,
03f982ca3735070c,Walt Harris,1983-06-10,195.6,195.6,Southpaw,Heavyweight,2013-11-30,2021-06-05,6,9,0,1,1502.4,Walt Harris (fighter),13,10,0,7
a1f6999fe57236e0,Wanderlei Silva,1976-07-03,180.3,188.0,Orthodox,Light Heavyweight,1998-10-16,2013-03-02,5,7,0,0,1562.9,Wanderlei Silva,35,14,1,4
2997e7fe3c9d3d4a,Wang Cong,1992-05-15,167.6,165.1,Southpaw,Women's Flyweight,2024-08-24,2026-07-11,5,1,0,0,1651.8,Wang Cong,10,1,0,5
dd12382f28296f7b,Wang Guan,1986-03-14,175.3,180.3,Orthodox,Featherweight,2017-11-25,2017-11-25,1,0,0,0,1521.8,,,,,
cd7bafbeee1f29a0,War Machine,1981-11-30,180.3,,Orthodox,Welterweight,2007-12-08,2008-05-24,1,1,0,0,1495.4,War Machine (mixed martial artist),14,4,0,5
d317a5e2b3f88c5f,Warlley Alves,1991-01-04,180.3,182.9,Orthodox,Middleweight,2014-05-31,2024-05-18,8,8,0,0,1467.9,Warlley Alves,14,8,0,6
28f62d866c59c709,Waylon Lowe,1980-10-31,170.2,,Southpaw,Lightweight,2010-05-29,2011-03-26,2,2,0,0,1498.9,Waylon Lowe,16,7,0,10
4dcfb28c011c11b2,Wellington Turman,1996-07-22,182.9,182.9,Orthodox,Welterweight,2019-07-13,2023-12-02,3,6,0,0,1419.4,Wellington Turman,18,8,0,17
32c03df3c9760069,Wendell Oliveira Marques,1983-06-01,177.8,,Orthodox,Welterweight,2014-09-13,2015-05-30,0,2,0,0,1421.0,,,,,
184b955181bdef52,Wes Albritton,,177.8,,Orthodox,Lightweight,1997-05-30,1997-05-30,0,1,0,0,1456.7,,,,,
a85998eb79650b2c,Wes Combs,1973-06-18,188.0,,Orthodox,Light Heavyweight,2006-06-24,2006-08-26,0,2,0,0,1420.4,,,,,
b4443fae47e7eb9d,Wes Schultz,1996-08-09,182.9,195.6,Orthodox,Middleweight,2026-02-28,2026-08-22,1,2,0,0,1461.2,,,,,
e0f7c4f3f67bc808,Wes Sims,1979-08-04,208.3,,Orthodox,Heavyweight,2003-06-06,2004-04-02,0,3,0,0,1409.6,Wes Sims,24,15,1,8
4e9fb05d7e5e61b8,Wesley Correira,1978-11-11,190.5,,Orthodox,Heavyweight,2002-09-27,2004-04-02,2,2,0,0,1501.9,Wesley Correira,21,16,0,10
7b3503352cd53abb,Westin Wilson,1989-01-24,185.4,185.4,Southpaw,Featherweight,2023-07-01,2025-08-23,1,3,0,0,1433.3,,,,,
b6e6c3b1dcaae0a1,Will Brooks,1986-10-08,177.8,182.9,Orthodox,Lightweight,2016-07-08,2017-11-18,1,3,0,0,1458.9,Will Brooks,26,5,1,18
901cddcbfa079097,Will Campuzano,1986-05-27,175.3,177.8,Orthodox,Flyweight,2010-12-04,2014-03-15,0,4,0,0,1369.1,Will Campuzano,14,6,0,10
db5dc7cb80d7d418,Will Chope,1990-09-08,193.0,,Switch,Featherweight,2014-01-04,2014-01-04,0,1,0,0,1460.6,,,,,
f1f37d667bcd0d27,Willamy Freire,1987-07-28,172.7,,Orthodox,Lightweight,2011-01-22,2011-01-22,0,1,0,0,1458.4,Willamy Freire,26,6,0,27
e1d40e8782d80bc2,William Gomis,1997-06-13,182.9,185.4,Southpaw,Featherweight,2022-09-03,2026-05-09,5,2,0,0,1580.9,,,,,
5da33b8fbfa5ee95,William Knight,1988-04-03,177.8,185.4,Orthodox,Light Heavyweight,2020-09-26,2023-02-18,3,4,0,0,1444.2,William Knight (fighter),11,6,0,9
ed74afc8b5b47a61,William Macario,1991-07-01,180.3,190.5,Orthodox,Welterweight,2013-06-08,2015-02-22,1,3,0,0,1428.9,William Macário,11,7,0,6
6ded9184b2284645,Willie Gates,1987-01-21,172.7,182.9,Orthodox,Flyweight,2014-12-13,2016-05-08,1,3,0,0,1427.0,Willie Gates,12,13,0,15
af5b208e97f5d382,Wilson Gouveia,1978-10-03,185.4,193.0,Orthodox,Middleweight,2006-06-24,2009-12-12,6,4,0,0,1546.1,Wilson Gouveia,15,8,0,9
5aedf14771ca82d2,Wilson Reis,1985-01-06,162.6,165.1,Southpaw,Flyweight,2013-09-21,2019-04-13,7,6,0,0,1548.4,Wilson Reis,28,15,0,20
fdbefee0827e1567,Wu Yanan,1996-04-18,172.7,167.6,Orthodox,Women's Bantamweight,2017-11-25,2022-08-20,1,5,0,0,1373.2,Wu Yanan (fighter),13,7,0,13
2296125b6c362355,Wulijiburen,1989-03-01,175.3,175.3,Orthodox,Bantamweight,2017-11-25,2019-02-09,0,3,0,0,1382.1,,,,,
ec33146e43e58933,Xavier Foupa-Pokam,1982-07-03,185.4,,Open Stance,Middleweight,2009-04-18,2009-05-23,0,2,0,0,1416.4,,,,,
86bace9e4ad85542,Xiao Long,1998-04-13,172.7,177.8,Orthodox,Bantamweight,2024-06-22,2026-08-29,1,4,0,0,1420.9,,,,,
2cdb479a0ef0ee1d,Xiong Jingnan,1988-01-12,162.6,160.0,Switch,Women's Strawweight,2026-05-30,2026-08-29,0,2,0,0,1421.5,Xiong Jingnan,19,4,0,21
70380ccdc81915b8,Yadier del Valle,1996-07-29,175.3,175.3,Southpaw,Featherweight,2025-05-17,2026-08-08,3,1,0,0,1575.9,,,,,
cbf5e6f231b55443,Yair Rodriguez,1992-10-06,180.3,180.3,Orthodox,Featherweight,2014-11-15,2025-04-12,11,4,0,1,1732.4,Yair Rodríguez,20,5,0,10
7cdd3e5d3aa9cb39,Yan Cabral,1983-05-13,180.3,185.4,Orthodox,Lightweight,2013-10-09,2016-05-08,2,3,0,0,1457.8,Yan Cabral,15,3,0,10
c41d426cc7326d1b,Yan Xiaonan,1989-06-16,165.1,160.0,Orthodox,Women's Strawweight,2017-11-25,2026-08-29,9,5,0,0,1615.3,Yan Xiaonan,19,6,0,12
3143bf892608139a,Yana Santos,1989-11-11,167.6,172.7,Orthodox,Women's Bantamweight,2018-03-03,2025-10-04,7,5,0,0,1631.3,Yana Santos,17,8,1,14
c739c2995a275314,Yanal Ashmouz,1995-03-31,175.3,175.3,Orthodox,Lightweight,2023-03-18,2025-06-07,2,2,0,0,1497.0,,,,,
813550bc53b15fb0,Yancy Medeiros,1987-09-07,177.8,190.5,Orthodox,Lightweight,2013-04-27,2021-06-26,6,8,0,1,1486.0,Yancy Medeiros,16,9,0,9
eb70e786bbdf1d16,Yanis Ghemmouri,1995-01-24,175.3,175.3,Orthodox,Bantamweight,2023-09-02,2024-06-29,0,2,0,0,1437.1,,,,,
5ea918ea81b7dee2,Yao Zhikui,1991-02-07,165.1,162.6,Orthodox,Flyweight,2014-08-23,2016-11-26,1,3,0,0,1429.4,Yao Zhikui,3,5,0,2
3623bd267a2eef2e,Yaotzin Meza,1981-02-04,175.3,180.3,Orthodox,Featherweight,2012-12-14,2016-02-27,2,4,0,1,1435.1,Yaotzin Meza,22,11,0,26
f139d6836efd43dd,Yaroslav Amosov,1993-09-09,182.9,190.5,Orthodox,Welterweight,2025-12-13,2026-05-09,2,0,0,0,1620.8,Yaroslav Amosov,30,1,0,28
c34e5849184b08c3,Yasuhiro Urushitani,1976-09-08,165.1,,Southpaw,Flyweight,2012-03-02,2012-11-10,0,2,0,0,1427.0,Yasuhiro Urushitani,21,8,6,29
40cb680ae1cd331f,Yazmin Jauregui,1999-02-28,160.0,162.6,Orthodox,Women's Strawweight,2022-08-13,2024-09-14,3,2,0,0,1511.1,Yazmin Jauregui,11,2,0,6
e6666480a830f764,YiSak Lee,2000-01-01,182.9,182.9,Orthodox,Middleweight,2026-05-30,2026-05-30,0,1,0,0,1460.0,,,,,
3f11fd1751fa83b1,Yizha,1997-01-08,170.2,180.3,Orthodox,Featherweight,2023-02-04,2026-01-31,1,3,0,0,1461.3,,,,,
f77c68bb4be8516d,Yoel Romero,1977-04-30,182.9,185.4,Southpaw,Middleweight,2013-04-20,2020-03-07,9,4,0,0,1703.1,Yoel Romero,21,8,0,5
f998f5c102250d6e,Yohan Lainesse,1992-08-14,185.4,193.0,Orthodox,Welterweight,2022-04-30,2024-01-20,1,3,0,0,1408.3,,,,,
afc2a7ce0c763bd5,Yoislandy Izquierdo,1984-01-09,180.3,,Southpaw,Lightweight,2012-04-14,2012-07-07,0,2,0,0,1414.8,,,,,
e06fd1260ac865a7,Yoji Anjo,1967-03-28,180.3,,Orthodox,Middleweight,1997-12-21,2000-12-16,0,3,0,0,1393.8,Yoji Anjo,0,5,1,1
1eff7bc0f815b270,Yorgan De Castro,1986-12-19,182.9,188.0,Orthodox,Heavyweight,2019-10-05,2021-04-10,1,3,0,0,1417.0,Yorgan De Castro,12,7,0,5
3e61082025db8137,Yosdenis Cedeno,1985-02-12,172.7,175.3,Orthodox,Lightweight,2014-02-22,2015-07-11,1,3,0,0,1439.2,Yosdenis Cedeno,13,9,1,11
b0550072e5f0afa7,Yoshihiro Akiyama,1975-07-29,177.8,190.5,Orthodox,Welterweight,2009-07-11,2015-11-28,2,5,0,0,1449.9,Yoshihiro Akiyama,16,7,0,14
6420efac0578988b,Yoshiki Takahashi,1969-03-13,180.3,,Southpaw,Lightweight,1997-02-07,1997-02-07,1,0,0,0,1540.0,,,,,
3fa7688bfe48a493,Yoshinori Horie,1995-05-10,172.7,177.8,Orthodox,Featherweight,2019-07-27,2019-07-27,0,1,0,0,1462.5,,,,,
ab8900ae1f1dfd4c,Yoshiyuki Yoshida,1974-05-10,180.3,177.8,Southpaw,Welterweight,2008-05-24,2010-05-08,2,3,0,0,1468.9,Yoshiyuki Yoshida,18,9,0,11
7674b836ce0698a0,Yousri Belgaroui,1992-06-02,198.1,200.7,Orthodox,Middleweight,2025-10-18,2026-09-12,3,0,0,0,1620.4,Yousri Belgaroui,11,3,0,11
52c2ae6d2f2d2613,Youssef Zalal,1996-09-04,177.8,182.9,Switch,Featherweight,2020-02-08,2026-04-25,8,4,1,0,1675.5,Youssef Zalal,18,6,1,9
a00ec21cfbba17b6,Yui Chul Nam,1981-07-16,175.3,,Orthodox,Featherweight,2014-03-01,2015-11-28,1,2,0,0,1472.3,Yui Chul Nam,21,10,1,19
1fe7adb23b3eedfb,Yuki Kondo,1975-07-17,180.3,,Southpaw,Light Heavyweight,2000-09-22,2001-06-29,1,2,0,0,1467.2,Yuki Kondo,66,41,9,39
e5c38954c006f15c,Yuki Sasaki,1976-09-12,188.0,,Orthodox,Middleweight,2006-08-17,2006-08-17,0,1,0,0,1465.0,,,,,
c3d2b9bcb4cead6b,Yuneisy Duben,1996-07-08,162.6,165.1,Orthodox,Women's Flyweight,2025-03-15,2026-06-06,0,2,0,0,1439.6,,,,,
4679a38cced7c64a,Yuri Vaulin,1963-09-13,193.0,,Southpaw,Lightweight,1997-07-27,1997-07-27,0,1,0,0,1455.6,,,,,
0fb1e2694a39a02f,Yuri Villefort,1991-03-23,182.9,185.4,Orthodox,Welterweight,2013-02-23,2013-09-04,0,2,0,0,1440.1,Yuri Villefort,12,8,0,7
21b5c82c1b89dab1,Yusaku Kinoshita,2000-08-21,182.9,180.3,Southpaw,Welterweight,2023-02-04,2023-08-26,0,2,0,0,1421.1,,,,,
acff437707625fc7,Yushin Okami,1981-07-21,188.0,190.5,Southpaw,Welterweight,2006-08-26,2018-12-01,14,7,0,0,1599.3,Yushin Okami,39,15,0,20
3058888c33149a53,Yusuke Kasuya,1989-11-16,170.2,,Southpaw,Lightweight,2015-09-26,2016-11-26,0,2,0,0,1428.7,,,,,
7c3c48cf54a2848e,Yuta Sasaki,1989-10-07,177.8,180.3,Southpaw,Flyweight,2014-08-23,2018-11-17,4,5,0,0,1489.8,Ulka Sasaki,24,10,2,20
5f04e3d58d9ce982,Yves Edwards,1976-09-30,175.3,185.4,Southpaw,Lightweight,2001-09-28,2014-11-22,10,10,0,1,1453.3,Yves Edwards,42,22,1,24
b4eeac608fc82f88,Yves Jabouin,1979-05-30,170.2,172.7,Orthodox,Bantamweight,2011-04-30,2015-08-23,5,5,0,0,1446.3,Yves Jabouin,20,11,0,21
87aa9fb63d6b51a1,Zabit Magomedsharipov,1991-03-01,185.4,185.4,Orthodox,Featherweight,2017-09-02,2019-11-09,6,0,0,0,1710.7,,,,,
56f7d7ee06be4aab,Zac Pauga,1988-02-25,188.0,193.0,Orthodox,Light Heavyweight,2022-08-06,2024-02-10,1,3,0,0,1415.9,,,,,
5d7c18191b8aa432,Zach Light,1974-02-06,172.7,,Orthodox,Welterweight,2002-06-22,2002-06-22,0,1,0,0,1460.0,,,,,
57ab4d7c0bc09a30,Zach Makovsky,1983-04-19,162.6,162.6,Southpaw,Flyweight,2013-12-14,2016-12-10,3,4,0,0,1494.0,Zach Makovsky,21,12,0,20
23dec7c47cb418f8,Zach Reese,1994-03-24,193.0,195.6,Switch,Middleweight,2023-12-02,2026-07-11,4,4,0,1,1499.4,Zachary Reese,10,4,0,6
03dee485905dbc9f,Zachary Scroggin,1996-03-09,190.5,188.0,Orthodox,Welterweight,2024-11-09,2024-11-09,0,1,0,0,1477.2,,,,,
4ba8d454f762005d,Zak Cummings,1984-08-02,182.9,190.5,Southpaw,Light Heavyweight,2013-08-28,2023-04-15,10,4,0,0,1677.7,Zak Cummings,25,7,0,18
47cd337b86b1af92,Zak Ottow,1986-12-22,180.3,182.9,Orthodox,Welterweight,2016-10-01,2019-03-09,4,4,0,0,1485.3,Zak Ottow,20,8,0,16
d3711d3784b76255,Zane Frazier,,195.6,,Orthodox,,1993-11-12,1996-05-17,0,2,0,0,1419.5,Zane Frazier,4,11,0,0
862b0b3375aa4b6e,Zarah Fairn,1983-12-10,172.7,182.9,Orthodox,Women's Featherweight,2019-10-05,2023-09-02,0,4,0,0,1371.2,Zarah Fairn,6,7,0,8
79cb2a690b9ba5e8,Zarrukh Adashev,1992-07-29,165.1,165.1,Southpaw,Flyweight,2020-06-13,2022-06-04,1,3,0,0,1429.1,Zarrukh Adashev,5,4,0,4
7f0f171414d0a287,Zelim Imadaev,1995-01-25,182.9,193.0,Orthodox,Welterweight,2019-04-13,2020-09-05,0,3,0,0,1404.0,Zelim Imadaev,8,2,0,8
55fa6ce3e522c8bb,Zhalgas Zhumagulov,1988-08-29,162.6,167.6,Switch,Flyweight,2020-07-11,2023-06-24,1,6,0,0,1383.8,Zhalgas Zhumagulov,19,9,0,13
7b310409440c9102,Zhang Lipeng,1990-03-10,180.3,180.3,Southpaw,Lightweight,2014-03-01,2015-05-16,2,2,0,0,1468.8,Zhang Lipeng,34,13,2,14
8a65fd9ba31fd3f7,Zhang Mingyang,1998-08-16,188.0,190.5,Orthodox,Light Heavyweight,2024-02-17,2026-05-30,3,2,0,0,1536.6,Zhang Mingyang,19,8,0,19
c23e3d4875340d8d,Zhang Tiequan,1978-07-25,172.7,175.3,Orthodox,Lightweight,2011-02-26,2012-11-10,1,3,0,0,1421.2,Zhang Tiequan,15,4,0,15
1ebe20ebbfa15e29,Zhang Weili,1989-08-13,162.6,160.0,Switch,Women's Flyweight,2018-08-04,2025-11-15,10,3,0,0,1785.3,Zhang Weili,26,4,0,17
6f4ec5aa3eced219,Zhu Kangjie,1996-01-16,167.6,177.8,Orthodox,Featherweight,2026-05-30,2026-05-30,0,1,0,0,1460.0,,,,,
aceffa19749c4dc0,Zubaira Tukhugov,1991-01-15,172.7,172.7,Orthodox,Lightweight,2014-02-15,2023-02-11,5,3,1,0,1593.1,Zubaira Tukhugov,20,6,1,14
41498c2d1a87b154,Zviad Lazishvili,1991-10-25,167.6,175.3,Orthodox,Bantamweight,2021-10-23,2021-10-23,0,1,0,0,1465.0,,,,,
641ca2c2ed91b93c,Zygimantas Ramaska,1996-12-27,180.3,180.3,Orthodox,Featherweight,2024-09-07,2024-09-07,0,1,0,0,1460.0,,,,,
